sp|K1C10_HUMAN|
sp|K1C10_HUMAN|
, , , , , , , , , , , ,Kidney_FASP_2h_K0, , , , , , , , , , , , , , , ,Kidney_FASP_2h_K1, , , , , , , , , , , , , , , ,Kidney_FASP_2h_K2, , , , , , , , , , , , , , , ,Kidney_FASP_2h_K3, , , , , , , , , , , , , , , ,Kidney_FASP_2h_K6, , , , , , , , , , , , , , , ,Kidney_FASP_2h_K7, , , , , , , , , , , , , , , ,Kidney_FASP_2h_K9, , , , , , , , , , , , , , , ,Kidney_FASP_2h_K13, , , , , , , , , , , , , , , ,Kidney_FASP_2h_K16, , , , , , , , , , , , , , , ,Kidney_FASP_2h_K21, , , , , , , , , , , , , , , ,Kidney_FASP_2h_K24, , , , , , , , , , , , , , , ,Kidney_FASP_2h_K31, , , , , , , , , , , , , , , , 
Peptide, UniqueToProtein, Exchangeable Hydrogens, Charge, m/z(Sequence), M0, M1, M2, M3, M4, M5, Total Labeling, m/z(Precursor), IonScore, Expectn, Error(ppm), Scan, I0, I1, I2, I3, I4, I5, Start Elution (min), End Elution (min), I0 Peak Width, Total Labeling, Net Labeling,m/z(Precursor), IonScore, Expectn, Error(ppm), Scan, I0, I1, I2, I3, I4, I5, Start Elution (min), End Elution (min), I0 Peak Width, Total Labeling, Net Labeling,m/z(Precursor), IonScore, Expectn, Error(ppm), Scan, I0, I1, I2, I3, I4, I5, Start Elution (min), End Elution (min), I0 Peak Width, Total Labeling, Net Labeling,m/z(Precursor), IonScore, Expectn, Error(ppm), Scan, I0, I1, I2, I3, I4, I5, Start Elution (min), End Elution (min), I0 Peak Width, Total Labeling, Net Labeling,m/z(Precursor), IonScore, Expectn, Error(ppm), Scan, I0, I1, I2, I3, I4, I5, Start Elution (min), End Elution (min), I0 Peak Width, Total Labeling, Net Labeling,m/z(Precursor), IonScore, Expectn, Error(ppm), Scan, I0, I1, I2, I3, I4, I5, Start Elution (min), End Elution (min), I0 Peak Width, Total Labeling, Net Labeling,m/z(Precursor), IonScore, Expectn, Error(ppm), Scan, I0, I1, I2, I3, I4, I5, Start Elution (min), End Elution (min), I0 Peak Width, Total Labeling, Net Labeling,m/z(Precursor), IonScore, Expectn, Error(ppm), Scan, I0, I1, I2, I3, I4, I5, Start Elution (min), End Elution (min), I0 Peak Width, Total Labeling, Net Labeling,m/z(Precursor), IonScore, Expectn, Error(ppm), Scan, I0, I1, I2, I3, I4, I5, Start Elution (min), End Elution (min), I0 Peak Width, Total Labeling, Net Labeling,m/z(Precursor), IonScore, Expectn, Error(ppm), Scan, I0, I1, I2, I3, I4, I5, Start Elution (min), End Elution (min), I0 Peak Width, Total Labeling, Net Labeling,m/z(Precursor), IonScore, Expectn, Error(ppm), Scan, I0, I1, I2, I3, I4, I5, Start Elution (min), End Elution (min), I0 Peak Width, Total Labeling, Net Labeling,m/z(Precursor), IonScore, Expectn, Error(ppm), Scan, I0, I1, I2, I3, I4, I5, Start Elution (min), End Elution (min), I0 Peak Width, Total Labeling, Net Labeling
VLDELTLTK,No, 9, 2,  516.30279,54.872,31.336,10.546,2.616,0.526,0.090,62.827, 516.30361,   38.04000, 8.000000e-04, -1.6, 26177,6.385384e+07,3.258244e+07,1.150833e+07,1.706795e+06,2.340230e+05,0.000000e+00,46.962185, 47.083374,0.000100,0.337865,0.000000, 516.30361,    0.00000, 0.000000e+00, -1.6, 26177,2.636566e+07,1.386086e+07,4.736093e+06,1.159855e+06,3.701240e+05,0.000000e+00,46.389515, 47.063179,0.000100,0.344570,0.002876, 516.30385,   38.50000, 7.700000e-04, -2.1, 25840,1.500614e+08,8.118521e+07,2.655351e+07,5.482421e+06,2.647320e+05,0.000000e+00,46.738232, 46.823357,0.000100,0.351076,0.000000, 516.30349,   28.05000, 6.800000e-03, -1.4, 25618,6.520414e+07,3.521509e+07,1.143460e+07,1.877225e+06,0.000000e+00,0.000000e+00,46.820992, 46.925404,0.000100,0.350681,-0.000000, 516.30361,    0.00000, 0.000000e+00, -1.6, 26177,4.317038e+07,2.431603e+07,8.438217e+06,7.892210e+05,0.000000e+00,0.000000e+00,46.898018, 46.983406,0.000100,0.360310,0.000000, 516.30361,    0.00000, 0.000000e+00, -1.6, 26177,7.865293e+06,4.532601e+06,1.678807e+06,2.056210e+05,0.000000e+00,0.000000e+00,46.792538, 46.816608,0.000100,0.365594,0.009720, 516.30283,   27.72000, 6.900000e-03, -0.1, 25243,3.929321e+07,2.006267e+07,6.699046e+06,6.194610e+05,0.000000e+00,0.000000e+00,46.518398, 46.617710,0.000100,0.338007,0.000000, 516.30270,   24.88000, 4.600000e-03,  0.2, 25270,3.302562e+07,1.904095e+07,5.090481e+06,3.981570e+05,0.000000e+00,0.000000e+00,46.499794, 46.578430,0.000100,0.365704,0.000000, 516.30361,    0.00000, 0.000000e+00, -1.6, 26177,2.212923e+07,1.100582e+07,3.882199e+06,2.875640e+05,0.000000e+00,0.000000e+00,46.454967, 46.527462,0.000100,0.332150,0.000000, 516.30361,    0.00000, 0.000000e+00, -1.6, 26177,4.570053e+06,2.280505e+06,5.911090e+05,0.000000e+00,0.000000e+00,0.000000e+00,46.467094, 46.474087,0.000100,0.332893,-0.000000, 516.30361,    0.00000, 0.000000e+00, -1.6, 26177,7.018241e+06,3.345165e+06,1.245402e+06,0.000000e+00,0.000000e+00,0.000000e+00,46.551861, 46.576244,0.000100,0.322786,0.000000, 516.30361,     0.00000, 0.000000e+00, -1.6, 26177, 3.713639e+07,1.957410e+07,6.825159e+06,1.056002e+06,2.338900e+05,0.000000e+00,46.455482, 46.529911,0.000100,0.345158,0.000000,
LENEIQTYR,Yes, 19, 2,  583.29601,51.486,32.489,11.943,3.224,0.703,0.130,69.511, 583.29696,   47.25000, 2.900000e-04, -1.6, 16602,8.209942e+07,4.601095e+07,1.748477e+07,3.988982e+06,0.000000e+00,0.000000e+00,33.026451, 33.182995,0.000100,0.359151,0.000000, 583.29760,   59.43000, 2.000000e-05, -2.7, 16595,3.786345e+07,2.231447e+07,7.654539e+06,1.294052e+06,3.766140e+05,1.052320e+05,33.098606, 33.258751,0.000100,0.370808,0.000318, 583.29761,   61.27000, 2.100000e-05, -2.7, 16321,3.744972e+08,2.176603e+08,7.779063e+07,2.157607e+07,4.815962e+06,2.476684e+06,32.765480, 32.958557,0.000100,0.367572,0.004240, 583.29719,   61.46000, 1.900000e-05, -2.0, 16125,1.549934e+08,8.845928e+07,3.354785e+07,7.847262e+06,7.227720e+05,1.605420e+05,32.847462, 33.059132,0.000100,0.363353,-0.000000, 583.29672,   46.61000, 4.100000e-04, -1.2, 16184,6.061513e+07,3.614175e+07,1.350324e+07,2.212514e+06,2.716050e+05,1.180981e+05,32.801228, 33.161629,0.000100,0.373532,0.000000, 583.29603,   54.29000, 5.800000e-05, -0.0, 15959,5.287762e+07,2.967444e+07,1.212438e+07,3.059357e+06,2.796440e+05,1.215975e+05,32.876583, 33.067780,0.000100,0.359463,0.000648, 583.29714,   42.66000, 5.400000e-04, -1.9, 15802,9.523000e+07,5.786836e+07,1.900212e+07,4.836304e+06,1.044226e+06,4.540555e+05,32.527126, 32.703609,0.000100,0.377982,0.002309, 583.29666,   58.62000, 2.100000e-05, -1.1, 15793,1.305220e+08,7.777011e+07,2.550650e+07,7.313317e+06,8.296960e+05,3.607725e+05,32.518593, 32.711353,0.000100,0.373370,0.000295, 583.29642,   63.97000, 6.200000e-06, -0.7, 16078,8.081877e+07,4.961039e+07,1.709784e+07,4.104985e+06,2.701270e+05,1.174580e+05,32.473660, 32.648594,0.000100,0.380363,-0.000000, 583.29701,   46.53000, 4.400000e-04, -1.7, 16015,4.725321e+07,2.527491e+07,8.502232e+06,1.958005e+06,7.367230e+05,3.203455e+05,32.407604, 32.578125,0.000100,0.348484,0.005603, 583.29775,   43.03000, 6.300000e-04, -3.0, 16153,5.249627e+07,2.886088e+07,1.042393e+07,1.965774e+06,0.000000e+00,0.000000e+00,32.334393, 32.703323,0.000100,0.354743,-0.000000, 583.29696,     0.00000, 0.000000e+00, -1.6, 16602, 1.328968e+08,7.426827e+07,2.977363e+07,6.757306e+06,1.177888e+06,5.121751e+05,32.556492, 32.743114,0.000100,0.358498,0.001454,
QSVEADINGLR,No, 25, 2,  601.31220,51.527,32.368,11.966,3.259,0.719,0.135,69.628, 601.31347,   45.58000, 2.100000e-02, -2.1, 22385,4.193839e+07,4.300362e+07,2.405727e+07,4.112025e+06,9.070721e+05,0.000000e+00,41.502426, 41.671364,0.000100,0.506270,0.306043, 601.31132,   42.56000, 2.600000e-03,  1.5, 22395,1.030580e+07,6.161466e+06,2.513731e+06,3.298960e+05,1.391471e+05,1.940143e+06,41.606434, 42.314178,0.000100,0.374164,0.158279, 601.31362,   59.15000, 9.500000e-04, -2.4, 22007,1.903116e+08,4.675521e+08,3.073299e+08,1.380359e+08,5.285775e+07,1.637372e+07,41.217842, 41.404934,0.000100,0.710713,0.686474, 601.31369,   44.50000, 2.700000e-02, -2.5, 21852,9.194143e+07,1.281019e+08,9.721031e+07,4.392425e+07,2.367251e+07,1.043799e+07,40.783840, 41.561962,0.000100,0.582167,0.553918, 601.31209,   60.93000, 6.000000e-04,  0.2, 21946,4.110414e+07,7.955024e+07,7.587009e+07,5.416353e+07,3.397490e+07,1.847543e+07,41.502560, 42.283165,0.000100,0.659323,0.745102, 601.81457,   58.90000, 1.100000e-03, -836.2, 21802,3.395276e+07,5.059352e+07,5.148518e+07,3.962944e+07,1.839931e+07,1.242365e+07,41.367432, 42.126511,0.000100,0.598412,0.692724, 601.30902,   43.25000, 1.200000e-03,  5.3, 21488,8.785891e+07,1.829372e+08,1.840374e+08,1.305301e+08,7.466208e+07,3.662622e+07,41.013050, 41.251122,0.000100,0.675553,0.761488, 601.31347,    0.00000, 0.000000e+00, -2.1, 22385,7.249901e+07,1.698829e+08,1.843150e+08,1.424667e+08,9.113579e+07,4.600205e+07,41.011150, 41.204445,0.000100,0.700889,0.807052, 601.31335,   50.40000, 6.900000e-03, -1.9, 21680,5.705773e+07,1.045444e+08,1.248185e+08,1.058618e+08,4.915002e+07,3.496936e+07,40.915401, 41.127518,0.000100,0.646925,0.778249, 601.31347,    0.00000, 0.000000e+00, -2.1, 22385,3.775869e+07,8.029945e+07,1.200467e+08,7.394799e+07,3.433291e+07,1.823987e+07,40.917557, 41.117012,0.000100,0.680169,0.804489, 601.31347,    0.00000, 0.000000e+00, -2.1, 22385,3.870929e+07,9.736388e+07,1.478787e+08,9.109237e+07,4.229278e+07,2.246868e+07,40.990528, 41.180210,0.000100,0.715526,0.833925, 601.31347,     0.00000, 0.000000e+00, -2.1, 22385, 7.031484e+07,1.018004e+08,1.397803e+08,8.610378e+07,3.997665e+07,2.123820e+07,41.000816, 41.179668,0.000100,0.591466,0.710315,
LKYENEVALR,Yes, 19, 3,  412.23117,48.551,33.600,13.109,3.709,0.840,0.161,75.108, 412.23050,   35.50000, 1.600000e-02,  1.6, 17281,4.333750e+07,2.568302e+07,9.416900e+06,1.996125e+06,2.158350e+05,0.000000e+00,34.184895, 34.349037,0.000100,0.372107,0.000000, 412.23050,    0.00000, 0.000000e+00,  1.6, 17281,2.772986e+07,1.839388e+07,4.810579e+06,1.228083e+06,0.000000e+00,0.000000e+00,34.321003, 34.573845,0.000100,0.398794,-0.000000, 412.23050,    0.00000, 0.000000e+00,  1.6, 17281,1.513217e+06,6.218700e+05,1.361070e+05,7.298820e+04,2.961817e+04,0.000000e+00,34.046318, 34.046318,0.000100,0.291262,0.002448, 412.23050,    0.00000, 0.000000e+00,  1.6, 17281,0.000000e+00,0.000000e+00,0.000000e+00,0.000000e+00,0.000000e+00,0.000000e+00,2040.210571, 2040.210571,0.000000,0.000000,0.000000, 412.23071,   25.70000, 1.500000e-02,  1.1, 16832,4.220378e+07,2.187905e+07,8.859485e+06,1.522699e+06,1.081800e+05,0.000000e+00,33.268452, 34.219959,0.000100,0.341418,0.000000, 412.23090,   31.20000, 8.900000e-03,  0.7, 16712,0.000000e+00,0.000000e+00,0.000000e+00,0.000000e+00,0.000000e+00,0.000000e+00,2039.670044, 2039.670044,0.000000,0.000000,0.000000, 412.23050,    0.00000, 0.000000e+00,  1.6, 17281,0.000000e+00,0.000000e+00,0.000000e+00,0.000000e+00,0.000000e+00,0.000000e+00,2029.294678, 2029.294678,0.000000,0.000000,0.000000, 412.23050,    0.00000, 0.000000e+00,  1.6, 17281,0.000000e+00,0.000000e+00,0.000000e+00,0.000000e+00,0.000000e+00,0.000000e+00,2028.875488, 2028.875488,0.000000,0.000000,0.000000, 412.23050,    0.00000, 0.000000e+00,  1.6, 17281,0.000000e+00,0.000000e+00,0.000000e+00,0.000000e+00,0.000000e+00,0.000000e+00,2023.648193, 2023.648193,0.000000,0.000000,0.000000, 412.23050,    0.00000, 0.000000e+00,  1.6, 17281,1.233274e+07,5.933782e+06,2.835646e+06,3.350280e+05,0.000000e+00,0.000000e+00,33.607971, 33.658310,0.000100,0.324845,-0.000000, 412.23050,    0.00000, 0.000000e+00,  1.6, 17281,0.000000e+00,0.000000e+00,0.000000e+00,0.000000e+00,0.000000e+00,0.000000e+00,2026.072266, 2026.072266,0.000000,0.000000,0.000000, 412.23050,     0.00000, 0.000000e+00,  1.6, 17281, 0.000000e+00,0.000000e+00,0.000000e+00,0.000000e+00,0.000000e+00,0.000000e+00,2027.108398, 2027.108398,0.000000,0.000000,0.000000,
LKYENEVALR,Yes, 19, 2,  617.84312,48.551,33.600,13.109,3.709,0.840,0.161,75.108, 617.84387,   27.91000, 9.600000e-03, -1.2, 17302,1.218951e+07,5.839680e+06,2.737743e+06,0.000000e+00,0.000000e+00,0.000000e+00,34.129669, 34.201496,0.000100,0.323901,0.000000, 617.84387,    0.00000, 0.000000e+00, -1.2, 17302,0.000000e+00,0.000000e+00,0.000000e+00,0.000000e+00,0.000000e+00,0.000000e+00,2071.464600, 2071.464600,0.000000,0.000000,0.000000, 617.84500,   39.98000, 1.200000e-03, -3.0, 16890,5.726507e+07,3.625633e+07,1.455234e+07,1.255221e+06,0.000000e+00,0.000000e+00,33.796173, 33.917324,0.000100,0.387680,-0.000000, 617.84387,    0.00000, 0.000000e+00, -1.2, 17302,1.162228e+07,6.022241e+06,2.743623e+06,0.000000e+00,0.000000e+00,0.000000e+00,33.949806, 34.033424,0.000100,0.341309,0.000000, 617.84387,    0.00000, 0.000000e+00, -1.2, 17302,7.214722e+06,4.168925e+06,1.637088e+06,0.000000e+00,0.000000e+00,0.000000e+00,34.079895, 34.182037,0.000100,0.366221,-0.000000, 617.84387,    0.00000, 0.000000e+00, -1.2, 17302,9.898920e+05,4.072870e+05,2.064950e+05,0.000000e+00,0.000000e+00,0.000000e+00,33.983150, 33.983150,0.000100,0.291507,-0.000000, 617.84387,    0.00000, 0.000000e+00, -1.2, 17302,1.132394e+07,5.684199e+06,3.358690e+06,0.000000e+00,0.000000e+00,0.000000e+00,33.593506, 33.695950,0.000100,0.334205,0.000000, 617.84387,    0.00000, 0.000000e+00, -1.2, 17302,7.069463e+06,3.894816e+06,1.688927e+06,0.000000e+00,0.000000e+00,0.000000e+00,33.604950, 33.645733,0.000100,0.355228,-0.000000, 617.84387,    0.00000, 0.000000e+00, -1.2, 17302,5.282764e+06,2.896261e+06,1.866437e+06,0.000000e+00,0.000000e+00,0.000000e+00,33.519493, 33.560051,0.000100,0.354108,0.029808, 617.84387,    0.00000, 0.000000e+00, -1.2, 17302,3.750310e+06,1.948988e+06,7.931210e+05,0.000000e+00,0.000000e+00,0.000000e+00,33.577606, 33.628471,0.000100,0.341970,0.000000, 617.84387,    0.00000, 0.000000e+00, -1.2, 17302,7.628252e+06,3.977206e+06,1.809557e+06,0.000000e+00,0.000000e+00,0.000000e+00,33.589371, 33.660770,0.000100,0.342701,0.000000, 617.84387,     0.00000, 0.000000e+00, -1.2, 17302, 4.547621e+06,2.734020e+06,1.125937e+06,0.000000e+00,0.000000e+00,0.000000e+00,33.563389, 33.665958,0.000100,0.375468,-0.000000,
SLLEGEGSSGGGGR,Yes, 32, 2,  631.80221,50.981,32.263,12.295,3.474,0.799,0.157,71.256, 631.80208,   46.14000, 2.600000e-03,  0.2, 14279,4.776497e+07,3.156941e+07,1.273582e+07,2.820569e+06,4.737000e+05,0.000000e+00,29.353340, 29.960018,0.000100,0.397929,0.027417, 631.80385,   43.09000, 4.300000e-03, -2.6, 14267,2.823408e+07,1.864267e+07,7.061908e+06,1.422653e+06,0.000000e+00,0.000000e+00,29.511028, 30.102598,0.000100,0.397695,0.017062, 631.80373,   65.56000, 3.400000e-05, -2.4, 14031,3.773092e+08,2.350259e+08,9.066635e+07,2.503551e+07,4.545677e+06,1.862873e+06,29.485867, 29.728449,0.000100,0.383819,0.001879, 631.80271,   44.25000, 1.400000e-03, -0.8, 13813,6.064756e+07,3.818880e+07,1.331520e+07,3.144697e+06,1.517029e+06,4.115250e+05,29.267860, 29.775055,0.000100,0.386384,0.008393, 631.80190,   35.62000, 1.800000e-02,  0.5, 13873,1.780790e+07,1.147451e+07,4.973307e+06,7.608910e+05,4.166251e+05,2.794143e+05,29.340380, 30.391508,0.000100,0.391857,0.035854, 631.80347,   40.36000, 1.400000e-02, -2.0, 13728,2.494995e+07,1.475805e+07,6.185390e+06,1.502885e+06,6.472790e+05,4.341158e+05,29.248339, 29.781269,0.000100,0.371664,0.022301, 631.80258,   46.44000, 2.400000e-03, -0.6, 13543,3.878745e+07,2.422287e+07,9.447837e+06,2.992769e+06,1.996953e+06,5.278300e+05,28.983898, 29.473030,0.000100,0.384427,0.035469, 631.80219,   51.64000, 5.300000e-04,  0.0, 13481,5.428757e+07,3.153456e+07,1.073878e+07,2.099865e+06,7.796240e+05,2.060810e+05,28.927664, 29.360792,0.000100,0.367441,0.000839, 631.80259,   43.48000, 1.300000e-03, -0.6, 13700,2.639182e+07,1.470787e+07,5.984293e+06,1.748413e+06,4.753670e+05,2.528130e+05,28.743109, 29.306803,0.000100,0.357858,0.008156, 631.80286,   39.06000, 8.400000e-03, -1.0, 13649,6.112477e+06,4.138061e+06,2.262415e+06,1.415920e+05,7.752945e+04,5.199714e+04,28.704353, 29.914076,0.000100,0.403692,0.088994, 631.80347,   44.74000, 1.200000e-03, -2.0, 13805,1.571996e+07,1.091631e+07,4.548022e+06,9.066980e+05,6.667890e+05,5.283740e+05,28.850214, 29.351538,0.000100,0.409829,0.089941, 631.80351,    48.85000, 7.900000e-04, -2.1, 13833, 2.229677e+07,1.433881e+07,5.490139e+06,9.308500e+05,2.191850e+05,1.470021e+05,28.908747, 29.877302,0.000100,0.391390,0.006815,
SQYEQLAEQNR,Yes, 32, 2,  683.32329,46.948,33.601,13.924,4.229,1.037,0.216,79.362, 683.32315,   66.51000, 1.600000e-05,  0.2, 14734,4.718352e+07,3.431634e+07,1.278254e+07,3.845551e+06,7.659110e+05,0.000000e+00,30.405739, 30.620811,0.000100,0.421060,-0.000000, 683.32321,   61.76000, 2.900000e-05,  0.1, 14703,2.186259e+07,1.521167e+07,6.819564e+06,3.377200e+05,0.000000e+00,0.000000e+00,30.432243, 30.568663,0.000100,0.410303,0.000000, 683.32353,   58.22000, 5.300000e-05, -0.4, 14443,2.460834e+08,1.767680e+08,6.852183e+07,2.059237e+07,4.714206e+06,3.603445e+06,30.215818, 30.386980,0.000100,0.418038,0.009985, 683.32332,   66.45000, 1.100000e-05, -0.1, 14261,9.431329e+07,7.276516e+07,3.052416e+07,9.109966e+06,4.988514e+06,3.112060e+05,30.256708, 30.417723,0.000100,0.435515,0.059696, 683.33588,   61.41000, 3.000000e-05, -18.4, 14301,4.011832e+07,3.199385e+07,1.436257e+07,3.697282e+06,2.099361e+06,0.000000e+00,30.348280, 30.541119,0.000100,0.443668,0.083224, 683.32288,   66.58000, 1.100000e-05,  0.6, 14207,4.440664e+07,3.433112e+07,1.339512e+07,4.290574e+06,2.436263e+06,1.723494e+06,30.296141, 30.469070,0.000100,0.436018,0.071891, 683.32340,   57.86000, 5.100000e-05, -0.2, 13969,6.625773e+07,5.190631e+07,2.074142e+07,7.021246e+06,3.638237e+06,2.573807e+06,29.997421, 30.161402,0.000100,0.439273,0.083362, 683.32377,   61.84000, 3.000000e-05, -0.7, 13967,8.313316e+07,6.435270e+07,2.754768e+07,8.850542e+06,4.362126e+06,3.085909e+06,29.937687, 30.136711,0.000100,0.436331,0.085093, 683.32194,   61.43000, 3.000000e-05,  2.0, 14180,7.260606e+07,5.491817e+07,2.579179e+07,7.912623e+06,4.492933e+06,2.458287e+06,29.397114, 29.974483,0.000100,0.430649,0.090223, 683.32458,   39.79000, 1.700000e-03, -1.9, 14139,4.685921e+07,3.325142e+07,1.494404e+07,5.235114e+06,2.972594e+06,2.102909e+06,29.739038, 29.908447,0.000100,0.415069,0.068965, 683.32444,   66.60000, 1.600000e-05, -1.7, 14255,4.198538e+07,3.035305e+07,1.393895e+07,3.915206e+06,2.223126e+06,1.572711e+06,29.834862, 29.984432,0.000100,0.419598,0.062752, 683.32535,    60.64000, 5.200000e-05, -3.0, 14330, 1.200066e+08,8.648233e+07,3.707875e+07,1.193617e+07,3.816151e+06,2.699669e+06,29.983667, 30.179365,0.000100,0.418823,0.032380,
ALEESNYELEGK,Yes, 28, 2,  691.32770,45.829,33.729,14.444,4.541,1.154,0.249,82.098, 691.32647,   64.47000, 2.100000e-06,  1.8, 18686,4.887280e+07,3.167658e+07,1.204956e+07,3.336706e+06,8.477291e+05,0.000000e+00,36.147823, 36.368046,0.000100,0.393257,0.000000, 691.32723,   57.92000, 3.700000e-06,  0.7, 18705,3.522521e+07,2.242085e+07,1.065784e+07,2.679635e+06,1.293089e+06,7.347543e+05,35.863701, 36.435837,0.000100,0.388940,0.019622, 691.32855,   85.12000, 9.600000e-08, -1.2, 18375,1.997895e+08,1.400699e+08,5.767473e+07,1.746241e+07,1.238371e+07,7.787567e+06,35.949333, 36.165386,0.000100,0.412141,0.042575, 691.32904,   72.34000, 5.200000e-07, -1.9, 18253,5.596177e+07,3.830628e+07,1.782344e+07,4.541326e+06,2.405064e+06,1.546831e+06,36.062439, 36.314983,0.000100,0.406355,0.027086, 691.32799,   67.23000, 5.000000e-07, -0.4, 18269,3.701069e+07,2.559587e+07,1.216204e+07,2.826045e+06,1.500259e+06,9.680318e+05,36.150829, 36.417088,0.000100,0.408837,0.027014, 691.32838,   71.37000, 4.900000e-07, -1.0, 18165,1.415517e+07,1.039729e+07,4.308982e+06,1.209011e+06,6.418316e+05,4.141465e+05,36.137463, 36.315907,0.000100,0.423472,0.028460, 691.32668,   72.01000, 5.100000e-07,  1.5, 17886,3.783969e+07,2.194174e+07,1.048213e+07,3.074470e+06,1.906496e+06,1.344485e+06,35.775169, 35.997665,0.000100,0.367033,0.039275, 691.32812,   85.67000, 9.700000e-08, -0.6, 17940,4.142954e+07,2.906794e+07,1.341848e+07,3.112094e+06,1.652130e+06,1.066046e+06,35.804344, 36.006313,0.000100,0.412326,0.024138, 691.32867,   72.44000, 5.000000e-07, -1.4, 18142,2.527186e+07,1.738555e+07,8.643796e+06,1.904944e+06,1.011285e+06,2.956870e+05,35.715385, 35.903011,0.000100,0.407562,0.021537, 691.33022,   71.16000, 4.600000e-07, -3.7, 18131,1.701163e+07,1.316121e+07,4.347250e+06,1.432776e+06,8.559860e+05,5.523297e+05,35.254513, 36.036945,0.000100,0.436194,0.032382, 691.32741,   67.00000, 5.200000e-07,  0.4, 18252,2.474234e+07,1.793487e+07,6.529756e+06,1.551436e+06,8.236171e+05,5.314435e+05,35.781319, 35.954765,0.000100,0.420245,0.018364, 691.32935,    71.63000, 4.700000e-07, -2.4, 18242, 6.637002e+07,4.937010e+07,2.492285e+07,5.943092e+06,3.054743e+06,1.971090e+06,35.020000, 35.978779,0.000100,0.426560,0.061370,
ISALEEQLQQIR,Yes, 32, 2,  714.39625,44.386,34.361,14.994,4.744,1.203,0.258,84.677, 714.39716,   83.07000, 2.400000e-07, -1.3, 30756,1.474342e+06,2.039191e+06,1.008955e+06,1.778670e+05,0.000000e+00,0.000000e+00,53.559608, 53.583977,0.000100,0.580382,0.317976, 714.39716,    0.00000, 0.000000e+00, -1.3, 30756,2.746016e+06,1.011225e+06,7.772990e+05,0.000000e+00,0.000000e+00,0.000000e+00,54.928871, 54.928871,0.000100,0.269140,-0.000000, 714.39914,   78.91000, 3.700000e-07, -4.0, 30352,3.298776e+07,2.360509e+07,1.711459e+07,6.371561e+06,1.775053e+06,6.429710e+05,53.262627, 54.022724,0.000100,0.417104,0.137564, 714.39724,   83.56000, 2.300000e-07, -1.4, 30124,2.960008e+07,2.212356e+07,1.353766e+07,5.347254e+06,2.252052e+06,7.459380e+05,53.336948, 54.080700,0.000100,0.427726,0.111471, 714.39817,   97.27000, 5.000000e-08, -2.7, 30157,9.711222e+07,7.624819e+07,4.864310e+07,2.685799e+07,1.065532e+07,4.741508e+06,53.525902, 54.296810,0.000100,0.439825,0.180814, 714.39716,    0.00000, 0.000000e+00, -1.3, 30756,1.169295e+08,9.853223e+07,6.297452e+07,3.692797e+07,1.527914e+07,6.060249e+06,54.031101, 54.143459,0.000100,0.457307,0.224556, 714.39884,   77.96000, 5.500000e-07, -3.6, 29759,6.976316e+07,7.587336e+07,5.474581e+07,3.185253e+07,1.476725e+07,6.169624e+06,53.868763, 54.072407,0.000100,0.520978,0.386630, 714.39825,   96.68000, 8.700000e-08, -2.8, 29803,1.362872e+08,1.313012e+08,9.436359e+07,5.449910e+07,2.317758e+07,9.736894e+06,53.843479, 54.069176,0.000100,0.490683,0.324599, 714.39746,   92.94000, 8.500000e-08, -1.7, 29913,8.391285e+07,8.539008e+07,6.091748e+07,3.813577e+07,1.850737e+07,7.714876e+06,53.751732, 53.949749,0.000100,0.504363,0.366254, 714.39716,    0.00000, 0.000000e+00, -1.3, 30756,1.098461e+08,1.152547e+08,8.117385e+07,4.650836e+07,2.107837e+07,8.082217e+06,53.785580, 54.001972,0.000100,0.512014,0.358029, 714.90027,   77.99000, 2.700000e-06, -706.0, 30075,8.839960e+07,9.709366e+07,7.036520e+07,3.665821e+07,1.725954e+07,6.929224e+06,53.820374, 54.044983,0.000100,0.523435,0.377289, 714.39903,    83.70000, 2.200000e-07, -3.9, 30019, 1.132025e+08,1.333115e+08,9.663533e+07,5.554292e+07,2.436205e+07,9.268342e+06,53.755733, 53.930466,0.000100,0.540787,0.415696,
SQYEQLAEQNRK,Yes, 33, 3,  498.58293,43.407,34.400,15.459,5.050,1.324,0.294,87.231, 498.58338,   30.77000, 8.000000e-03, -0.9, 11095,3.628742e+07,2.928483e+07,1.176206e+07,3.121276e+06,9.591400e+04,0.000000e+00,24.934732, 25.147781,0.000100,0.446604,-0.000000, 498.58338,    0.00000, 0.000000e+00, -0.9, 11095,2.830192e+07,2.142548e+07,8.816125e+06,2.562267e+06,4.210920e+05,2.794374e+05,24.980461, 25.133326,0.000100,0.430859,0.003367, 498.58383,   39.20000, 1.200000e-03, -1.8, 10817,2.126023e+08,1.608305e+08,6.860046e+07,1.939754e+07,5.264555e+06,2.403815e+06,24.833033, 24.980227,0.000100,0.430681,0.004802, 498.58360,   33.92000, 4.500000e-03, -1.3, 10624,3.294915e+07,2.677912e+07,9.881713e+06,3.318581e+06,2.437400e+05,1.863935e+05,24.759907, 25.015627,0.000100,0.448349,-0.000000, 498.58338,    0.00000, 0.000000e+00, -0.9, 11095,2.611648e+07,1.965252e+07,8.638295e+06,1.781984e+06,6.745760e+05,5.177831e+05,24.922831, 25.063284,0.000100,0.429385,0.013412, 498.58338,    0.00000, 0.000000e+00, -0.9, 11095,2.158432e+07,1.610708e+07,7.617985e+06,1.584118e+06,2.700270e+05,2.085160e+05,24.837381, 24.986666,0.000100,0.427341,0.003126, 498.58339,   26.47000, 1.900000e-02, -0.9, 10372,5.256412e+07,3.930231e+07,1.739186e+07,4.654820e+06,1.149521e+06,1.058586e+06,24.536415, 24.680386,0.000100,0.427820,0.013742, 498.58338,    0.00000, 0.000000e+00, -0.9, 11095,3.443236e+07,2.378703e+07,1.102326e+07,2.554241e+06,3.902030e+05,2.995137e+05,24.434883, 24.599169,0.000100,0.408576,0.002441, 498.58322,   42.34000, 6.900000e-03, -0.6, 10625,2.994055e+07,2.281433e+07,1.054285e+07,2.233821e+06,5.873830e+05,1.683060e+05,24.324636, 24.470543,0.000100,0.432459,0.000000, 498.58329,   26.14000, 1.200000e-02, -0.7, 10531,1.259734e+07,1.001684e+07,3.612991e+06,1.051971e+06,8.032400e+04,0.000000e+00,24.193207, 24.330126,0.000100,0.442945,-0.000000, 498.58389,   36.37000, 1.200000e-02, -1.9, 10713,3.296833e+07,2.306122e+07,9.644200e+06,2.961332e+06,4.103900e+05,3.150089e+05,24.481939, 25.242393,0.000100,0.411590,0.003349, 498.58417,    30.74000, 6.300000e-03, -2.5, 10705, 2.368120e+07,1.760838e+07,8.018910e+06,2.220831e+06,0.000000e+00,0.000000e+00,24.436720, 24.566875,0.000100,0.426461,0.000000,
SQYEQLAEQNRK,Yes, 33, 2,  747.37076,43.407,34.400,15.459,5.050,1.324,0.294,87.231, 747.37228,   60.41000, 3.800000e-05, -2.0, 11066,1.462373e+07,1.122982e+07,6.424612e+06,1.058293e+06,0.000000e+00,0.000000e+00,24.934732, 25.098715,0.000100,0.434363,0.022337, 747.37229,   57.18000, 4.300000e-05, -2.0, 11065,7.767459e+06,6.136883e+06,3.091522e+06,2.394960e+05,0.000000e+00,0.000000e+00,24.980461, 25.115330,0.000100,0.441365,-0.000000, 747.87353,   56.27000, 4.200000e-05, -673.2, 10808,6.522933e+07,5.580393e+07,2.411342e+07,7.268356e+06,7.404980e+05,1.230170e+05,24.833033, 24.980227,0.000100,0.461063,0.032291, 747.37149,   60.67000, 3.800000e-05, -1.0, 10637,1.060132e+07,7.360517e+06,4.175905e+06,5.116710e+05,4.017110e+05,0.000000e+00,24.759907, 24.895735,0.000100,0.409786,0.003952, 747.37123,   57.19000, 6.300000e-05, -0.6, 10737,9.857348e+06,6.479954e+06,3.227312e+06,1.431250e+05,8.575708e+04,0.000000e+00,24.934629, 25.045502,0.000100,0.396636,-0.000000, 747.37203,   53.47000, 5.800000e-05, -1.7, 10639,4.990570e+06,3.077239e+06,1.930830e+06,0.000000e+00,0.000000e+00,0.000000e+00,24.882526, 24.941479,0.000100,0.381422,-0.000000, 747.37092,   65.83000, 1.000000e-05, -0.2, 10382,1.317200e+07,1.052142e+07,4.214875e+06,5.933150e+05,1.158060e+05,0.000000e+00,24.536415, 24.649925,0.000100,0.444065,0.000000, 747.37228,    0.00000, 0.000000e+00, -2.0, 11066,5.894700e+06,5.007708e+06,2.534914e+06,0.000000e+00,0.000000e+00,0.000000e+00,24.448721, 24.524815,0.000100,0.459321,0.031002, 747.37231,   56.80000, 6.100000e-05, -2.1, 10605,1.125057e+07,8.281121e+06,2.989135e+06,7.696640e+05,0.000000e+00,0.000000e+00,24.341404, 24.470543,0.000100,0.423984,0.000000, 747.37228,    0.00000, 0.000000e+00, -2.0, 11066,3.974929e+06,4.192974e+06,2.507077e+06,1.048040e+05,6.279673e+04,0.000000e+00,24.226433, 25.385996,0.000100,0.513348,0.194725, 747.37209,   60.84000, 7.300000e-06, -1.8, 10726,9.676346e+06,8.297021e+06,3.874390e+06,4.132010e+05,1.743470e+05,1.097640e+05,24.498446, 24.589985,0.000100,0.461629,0.035226, 747.87518,    48.07000, 9.400000e-05, -675.4, 10708, 7.859400e+06,5.883407e+06,2.808307e+06,2.263130e+05,0.000000e+00,0.000000e+00,24.479782, 24.566875,0.000100,0.428108,0.000000,
SGGGGGGGGcGGGGGVSSLR,Yes, 40, 2,  775.34227,44.056,32.261,15.717,5.728,1.699,0.427,89.809, 775.34045,   33.78000, 6.800000e-04,  2.3, 10900,0.000000e+00,0.000000e+00,0.000000e+00,0.000000e+00,0.000000e+00,0.000000e+00,1483.839966, 1483.839966,0.000000,0.000000,0.000000, 775.34045,    0.00000, 0.000000e+00,  2.3, 10900,0.000000e+00,0.000000e+00,0.000000e+00,0.000000e+00,0.000000e+00,0.000000e+00,1490.476196, 1490.476196,0.000000,0.000000,0.000000, 775.34444,  119.87000, 1.400000e-11, -2.8, 10599,1.179152e+08,8.502292e+07,4.737379e+07,1.475958e+07,2.242216e+08,0.000000e+00,24.521437, 24.778154,0.000100,0.418960,0.564137, 775.84582,   74.45000, 1.000000e-07, -649.9, 10425,7.027179e+06,4.654646e+06,2.409601e+06,1.097250e+05,1.432893e+07,0.000000e+00,24.497137, 24.646999,0.000100,0.398452,0.578127, 775.34045,    0.00000, 0.000000e+00,  2.3, 10900,0.000000e+00,0.000000e+00,0.000000e+00,0.000000e+00,0.000000e+00,0.000000e+00,1488.663574, 1488.663574,0.000000,0.000000,0.000000, 775.34241,   18.04000, 2.000000e-02, -0.2, 10458,7.921940e+05,3.797400e+05,2.375460e+05,0.000000e+00,0.000000e+00,0.000000e+00,24.646950, 24.660885,0.000100,0.324028,0.000000, 775.34094,   27.43000, 2.700000e-03,  1.7, 10189,3.686435e+06,2.009867e+06,1.101318e+06,1.419350e+05,9.777307e+04,0.000000e+00,24.306282, 24.437931,0.000100,0.352837,0.000000, 775.33984,   60.54000, 2.100000e-06,  3.1, 10142,5.307487e+06,3.289564e+06,1.949141e+06,0.000000e+00,0.000000e+00,0.000000e+00,24.161505, 24.279835,0.000100,0.382639,-0.000000, 775.84271,   20.79000, 1.100000e-02, -645.9, 10419,3.614625e+06,2.396036e+06,1.288334e+06,7.154700e+04,4.928573e+04,0.000000e+00,24.059196, 24.152313,0.000100,0.398631,-0.000000, 775.34045,    0.00000, 0.000000e+00,  2.3, 10900,2.073810e+05,5.152110e+05,3.637600e+05,9.252700e+04,6.373797e+04,0.000000e+00,24.006536, 25.385996,0.000100,0.713004,0.629729, 775.34045,    0.00000, 0.000000e+00,  2.3, 10900,0.000000e+00,0.000000e+00,0.000000e+00,0.000000e+00,0.000000e+00,0.000000e+00,1492.069214, 1492.069214,0.000000,0.000000,0.000000, 775.34045,     0.00000, 0.000000e+00,  2.3, 10900, 5.697940e+05,3.575850e+05,5.958230e+05,2.140450e+05,1.474466e+05,0.000000e+00,24.205008, 25.627518,0.000100,0.385587,0.372267,
GSLGGGFSSGGFSGGSFSR,Yes, 37, 2,  854.38973,37.815,34.983,17.975,6.649,1.962,0.488,101.171, 854.39019,   85.84000, 1.300000e-08, -0.5, 29157,3.713448e+07,3.349015e+07,1.621872e+07,4.344922e+06,2.842920e+05,7.352550e+05,51.307854, 51.455006,0.000100,0.474199,0.007347, 854.39268,  100.61000, 5.300000e-10, -3.5, 29011,2.288118e+07,2.039180e+07,1.026920e+07,2.568849e+06,4.896390e+05,0.000000e+00,51.298916, 51.448273,0.000100,0.471236,0.000000, 854.39244,  114.46000, 3.100000e-11, -3.2, 28814,1.865146e+08,1.723361e+08,8.513559e+07,2.764670e+07,7.706719e+06,1.312603e+06,51.065708, 51.262524,0.000100,0.480245,0.000000, 854.39304,  101.29000, 5.600000e-10, -3.9, 28591,4.513552e+07,4.008617e+07,2.133651e+07,7.754391e+06,2.312005e+06,0.000000e+00,51.138596, 51.314457,0.000100,0.470375,0.001329, 854.39088,   59.76000, 3.700000e-06, -1.3, 28640,2.124797e+07,1.966609e+07,8.968083e+06,3.721756e+06,5.998600e+05,0.000000e+00,51.257576, 51.405163,0.000100,0.480668,-0.000000, 854.39111,   87.46000, 1.300000e-08, -1.6, 28443,1.705861e+07,1.405980e+07,7.058620e+06,1.928974e+06,6.161760e+05,0.000000e+00,51.145435, 51.825306,0.000100,0.451816,-0.000000, 854.39100,  105.33000, 5.800000e-10, -1.5, 28271,4.963575e+07,4.486175e+07,2.202094e+07,7.287222e+06,1.778583e+06,0.000000e+00,50.959190, 51.130089,0.000100,0.474740,-0.000000, 854.39001,   86.63000, 1.300000e-08, -0.3, 28265,2.311007e+07,2.067459e+07,1.112147e+07,4.749472e+06,1.259433e+06,0.000000e+00,50.861519, 51.580975,0.000100,0.472188,0.020276, 854.38983,   66.53000, 9.900000e-07, -0.1, 28408,2.749586e+07,2.338859e+07,1.214099e+07,3.874443e+06,2.129840e+05,0.000000e+00,50.819016, 51.546127,0.000100,0.459641,-0.000000, 854.38925,   77.06000, 8.800000e-08,  0.6, 28418,1.377564e+07,1.206004e+07,6.574098e+06,2.065631e+06,0.000000e+00,0.000000e+00,50.839760, 51.603310,0.000100,0.466798,-0.000000, 854.38879,   66.72000, 9.600000e-07,  1.1, 28554,2.939908e+07,2.584125e+07,1.438037e+07,4.190911e+06,9.556070e+05,0.000000e+00,50.864136, 51.654037,0.000100,0.467797,-0.000000, 854.39193,    66.59000, 1.000000e-06, -2.6, 28534, 2.900163e+07,2.385049e+07,1.372731e+07,3.852668e+06,1.064063e+06,0.000000e+00,50.811142, 50.938126,0.000100,0.451268,-0.000000,
AETEcQNTEYQQLLDIK,Yes, 36, 3,  694.99312,30.794,33.082,21.003,9.825,3.705,1.181,125.291, 694.99617,   32.89000, 1.500000e-03, -4.4, 32148,6.081459e+06,1.375618e+07,1.077324e+07,6.469364e+06,2.171077e+06,8.330210e+05,55.565926, 55.763344,0.000100,0.693438,0.498801, 694.99617,    0.00000, 0.000000e+00, -4.4, 32148,6.018973e+06,9.846308e+06,8.929272e+06,5.560915e+06,3.223569e+06,3.377070e+05,54.968323, 56.323975,0.000100,0.620620,0.436721, 694.99528,   68.35000, 8.000000e-07, -3.1, 31879,2.699652e+07,3.288432e+07,2.115446e+07,1.027195e+07,4.353649e+06,7.046610e+05,55.394535, 56.166100,0.000100,0.549163,0.091044, 694.99617,    0.00000, 0.000000e+00, -4.4, 32148,4.627316e+06,6.465791e+06,5.369638e+06,3.302057e+06,0.000000e+00,0.000000e+00,55.462254, 56.172619,0.000100,0.582866,0.290102, 694.99617,    0.00000, 0.000000e+00, -4.4, 32148,3.681608e+06,5.748416e+06,6.516114e+06,2.490262e+06,2.194096e+06,5.246110e+05,55.593342, 56.573521,0.000100,0.609587,0.468328, 694.99617,    0.00000, 0.000000e+00, -4.4, 32148,6.678940e+05,1.456295e+06,2.339764e+06,2.114458e+06,6.517740e+05,2.672290e+05,55.534485, 55.566200,0.000100,0.685577,0.738319, 694.99617,    0.00000, 0.000000e+00, -4.4, 32148,2.869306e+06,2.999672e+06,3.716315e+06,1.061103e+06,8.868450e+05,6.526150e+05,55.372223, 55.732304,0.000100,0.511106,0.313660, 695.33063,   26.47000, 6.700000e-03, -486.1, 31337,4.284418e+06,7.603570e+06,5.955576e+06,3.061714e+06,2.251882e+06,1.155995e+06,55.273155, 55.754688,0.000100,0.639601,0.444735, 694.99617,    0.00000, 0.000000e+00, -4.4, 32148,2.039416e+06,2.655250e+06,3.619719e+06,2.446108e+06,9.667550e+05,0.000000e+00,55.151081, 55.596092,0.000100,0.565589,0.489482, 694.99617,    0.00000, 0.000000e+00, -4.4, 32148,2.198633e+06,1.752399e+06,1.902656e+06,9.558400e+05,7.030177e+05,0.000000e+00,55.312565, 55.967903,0.000100,0.443529,0.194827, 694.99617,    0.00000, 0.000000e+00, -4.4, 32148,1.190257e+06,1.894762e+06,1.715459e+06,1.573847e+06,5.012020e+05,0.000000e+00,55.343082, 55.389229,0.000100,0.614182,0.463049, 694.99617,     0.00000, 0.000000e+00, -4.4, 32148, 5.707214e+06,5.720061e+06,4.551119e+06,3.534145e+06,5.704650e+05,0.000000e+00,55.204754, 55.384178,0.000100,0.500562,0.145875,
AETEcQNTEYQQLLDIK,Yes, 36, 2, 1041.98604,30.794,33.082,21.003,9.825,3.705,1.181,125.291,1042.48791,   62.72000, 3.500000e-05, -481.9, 32137,5.357387e+06,6.813659e+06,3.930770e+06,9.343740e+05,0.000000e+00,0.000000e+00,55.640560, 55.739334,0.000100,0.559825,-0.000000,1041.98859,   58.25000, 1.600000e-05, -2.4, 31939,5.267937e+06,5.925896e+06,3.958794e+06,7.052670e+05,0.000000e+00,0.000000e+00,55.578308, 56.323975,0.000100,0.529389,-0.000000,1042.48938,   85.56000, 2.000000e-08, -483.3, 31815,2.918554e+07,3.338001e+07,1.910086e+07,9.483358e+06,2.952057e+06,0.000000e+00,55.394535, 56.117691,0.000100,0.533521,0.000000,1041.98810,   72.12000, 6.700000e-07, -2.0, 31596,1.707193e+06,2.346557e+06,1.079946e+06,0.000000e+00,0.000000e+00,0.000000e+00,55.511566, 55.535706,0.000100,0.578861,-0.000000,1041.98601,   74.25000, 2.300000e-07,  0.0, 31610,3.221227e+06,3.511453e+06,2.304937e+06,1.097316e+06,0.000000e+00,0.000000e+00,55.568542, 56.300053,0.000100,0.521554,0.000221,1042.48791,    0.00000, 0.000000e+00, -481.9, 32137,1.542340e+05,3.503800e+05,4.334160e+05,1.739730e+05,0.000000e+00,0.000000e+00,56.244034, 56.244034,0.000100,0.694353,0.605143,1041.98823,   89.96000, 2.300000e-07, -2.1, 31324,2.821438e+06,3.682811e+06,3.124576e+06,3.158860e+05,0.000000e+00,0.000000e+00,55.372223, 56.093201,0.000100,0.566216,0.112952,1042.99097,   42.54000, 5.200000e-03, -964.9, 31318,5.745216e+06,5.680459e+06,4.840547e+06,2.254100e+06,2.781510e+05,0.000000e+00,55.305237, 55.380402,0.000100,0.497166,0.069275,1041.98791,   31.96000, 1.000000e-03, -1.8, 31410,3.307568e+06,2.319821e+06,1.929907e+06,2.259610e+05,0.000000e+00,0.000000e+00,55.196247, 56.002407,0.000100,0.412238,-0.000000,1041.98852,   34.06000, 9.600000e-03, -2.4, 31453,2.507217e+06,2.247926e+06,1.522927e+06,7.613670e+05,0.000000e+00,0.000000e+00,55.280327, 55.942719,0.000100,0.472736,-0.000000,1041.99059,   62.59000, 3.600000e-06, -4.4, 31591,2.299555e+06,2.256730e+06,2.047653e+06,2.909870e+05,0.000000e+00,0.000000e+00,55.343082, 55.414536,0.000100,0.495300,0.000000,1042.49109,    98.26000, 2.100000e-08, -484.9, 31576, 5.923457e+06,6.443600e+06,3.331465e+06,7.135670e+05,5.718120e+05,0.000000e+00,55.229641, 55.310287,0.000100,0.521029,-0.000000,
NQILNLTTDNANILLQIDNAR,Yes, 38, 3,  789.75906,26.259,33.440,22.975,11.179,4.292,1.377,136.978, 790.42975,   44.99000, 2.900000e-04, -850.0, 44143,2.420075e+07,3.329728e+07,1.951238e+07,8.768529e+06,3.558237e+06,4.715530e+05,73.382393, 73.639893,0.000100,0.579103,-0.000000, 789.76169,   29.26000, 6.100000e-03, -3.3, 43952,8.551719e+06,1.000447e+07,6.652173e+06,3.145860e+06,7.818290e+05,2.478680e+05,73.517090, 73.777252,0.000100,0.539145,0.000000, 790.09552,   52.72000, 5.000000e-05, -426.4, 43848,7.558960e+07,9.048847e+07,5.736963e+07,2.981059e+07,9.449712e+06,1.918496e+06,73.266090, 73.551468,0.000100,0.544855,0.000000, 789.76019,   78.03000, 2.200000e-07, -1.4, 43509,3.000005e+07,3.780194e+07,2.266499e+07,1.037206e+07,3.565211e+06,3.859080e+05,73.196564, 73.453537,0.000100,0.557534,-0.000000, 789.76025,   43.95000, 3.800000e-04, -1.5, 43531,1.967964e+07,2.329191e+07,1.459142e+07,6.603326e+06,2.624396e+06,0.000000e+00,73.300125, 73.559280,0.000100,0.542031,0.000000, 790.42975,    0.00000, 0.000000e+00, -850.0, 44143,8.482169e+06,9.729757e+06,5.749818e+06,3.485630e+06,7.889170e+05,0.000000e+00,73.389648, 73.569901,0.000100,0.534252,-0.000000, 789.75959,   40.98000, 5.800000e-04, -0.7, 43239,2.406319e+07,2.895825e+07,1.993782e+07,8.592415e+06,3.267381e+06,3.354430e+05,73.229958, 74.005455,0.000100,0.546161,0.000000, 790.09320,   46.24000, 2.400000e-04, -423.5, 43261,2.443939e+07,3.089608e+07,1.851008e+07,8.777536e+06,3.315807e+06,4.861810e+05,73.124229, 73.384048,0.000100,0.558341,-0.000000, 790.09564,   47.83000, 1.300000e-04, -426.6, 43351,1.594516e+07,2.016071e+07,1.198715e+07,5.762000e+06,2.350112e+06,0.000000e+00,73.128342, 73.387764,0.000100,0.558378,-0.000000, 790.09607,   29.07000, 6.800000e-03, -427.1, 43353,8.668351e+06,1.051156e+07,6.012214e+06,3.249439e+06,3.979390e+05,0.000000e+00,73.133743, 73.339798,0.000100,0.548051,-0.000000, 790.09424,   49.83000, 1.000000e-04, -424.8, 43582,1.147725e+07,1.366025e+07,8.550580e+06,4.302757e+06,9.401660e+05,0.000000e+00,73.280960, 73.487167,0.000100,0.543421,0.000000, 790.09644,    46.08000, 2.400000e-04, -427.6, 43538, 2.863862e+07,3.564579e+07,2.275155e+07,1.210932e+07,3.369225e+06,1.191787e+06,73.096992, 73.330589,0.000100,0.554501,0.000000,
YcVQLSQIQAQISALEEQLQQIR,Yes, 59, 3,  916.14458,20.562,30.213,24.560,14.325,6.636,2.576,161.728, 916.48138,   97.79000, 1.400000e-09, -367.9, 54243,7.291004e+06,8.861186e+06,9.649675e+06,7.820764e+06,2.118465e+06,1.009877e+06,88.813210, 89.542816,0.000100,0.548606,0.158424, 916.48138,    0.00000, 0.000000e+00, -367.9, 54243,8.435450e+05,8.784400e+05,1.349976e+06,1.102240e+06,9.458650e+05,4.291490e+05,88.967728, 89.973083,0.000100,0.510132,0.437953, 916.14688,   90.16000, 6.600000e-09, -2.5, 53967,3.440559e+07,4.787284e+07,4.438821e+07,3.289290e+07,1.840528e+07,6.545048e+06,88.579147, 88.916473,0.000100,0.581839,0.154115, 916.48138,    0.00000, 0.000000e+00, -367.9, 54243,1.037391e+07,1.130935e+07,2.406427e+07,3.312740e+07,1.552384e+07,4.978201e+06,88.653671, 89.798866,0.000100,0.521571,0.606673, 916.48138,    0.00000, 0.000000e+00, -367.9, 54243,9.723844e+06,9.606515e+06,1.542847e+07,2.236738e+07,2.334905e+07,2.928923e+06,88.374535, 89.710480,0.000100,0.496965,0.635482, 916.48138,    0.00000, 0.000000e+00, -367.9, 54243,7.634510e+06,7.694393e+06,1.391962e+07,2.297676e+07,1.977037e+07,3.643880e+05,88.700035, 89.871384,0.000100,0.501953,0.679448, 916.48138,    0.00000, 0.000000e+00, -367.9, 54243,1.228723e+07,9.139082e+06,5.843436e+06,2.636613e+06,1.556188e+06,3.709070e+05,89.038223, 89.364174,0.000100,0.426535,0.000000, 916.48041,   64.07000, 1.500000e-06, -366.8, 53444,3.148465e+07,2.577427e+07,1.696468e+07,9.446285e+06,5.177324e+06,1.902415e+06,89.055313, 89.367134,0.000100,0.450135,0.000000, 916.14557,   73.74000, 2.800000e-07, -1.1, 53412,4.700706e+07,3.806069e+07,2.844370e+07,1.720074e+07,8.675492e+06,3.583320e+06,89.010483, 89.247154,0.000100,0.447416,-0.000000, 916.48138,    0.00000, 0.000000e+00, -367.9, 54243,3.392319e+07,2.810223e+07,1.902367e+07,1.076453e+07,5.735763e+06,2.182269e+06,89.056793, 89.348587,0.000100,0.453076,0.000000, 916.48138,    0.00000, 0.000000e+00, -367.9, 54243,5.998602e+07,5.001733e+07,3.413965e+07,2.004792e+07,1.062440e+07,4.622247e+06,89.033066, 89.315025,0.000100,0.454689,0.000000, 916.14617,    99.84000, 4.500000e-10, -1.7, 53691, 7.340370e+07,6.453690e+07,4.539642e+07,2.785742e+07,1.548176e+07,5.912135e+06,89.044884, 89.297554,0.000100,0.467860,-0.000000,
NVSTGDVNVEMNAAPGVDLTQLLNNMR,Yes, 48, 3,  958.13577,18.726,28.262,24.526,15.529,7.889,3.382,172.365, 958.13725,   66.37000, 6.900000e-07, -1.5, 47742,1.594035e+07,2.379966e+07,1.915920e+07,1.111246e+07,6.185307e+06,7.783490e+05,77.962540, 79.016441,0.000100,0.598884,-0.000000, 958.47253,   63.17000, 1.500000e-06, -351.7, 47459,9.886644e+06,1.356323e+07,1.131478e+07,6.919445e+06,1.586071e+06,0.000000e+00,78.040154, 79.119606,0.000100,0.578392,-0.000000, 958.13800,   67.17000, 5.400000e-07, -2.3, 47410,8.630021e+07,1.286103e+08,1.132612e+08,7.102458e+07,3.376101e+07,1.044410e+07,78.662529, 78.920341,0.000100,0.598436,-0.000000, 958.47101,  110.31000, 6.400000e-11, -350.1, 47139,2.528244e+07,3.516513e+07,3.243294e+07,2.199152e+07,1.032898e+07,3.504076e+06,78.600273, 78.965477,0.000100,0.581746,0.023710, 958.13725,    0.00000, 0.000000e+00, -1.5, 47742,1.434415e+07,1.920598e+07,2.010557e+07,1.338449e+07,1.457570e+07,2.298572e+06,77.993767, 79.392731,0.000100,0.572456,0.204942, 958.13657,   67.01000, 1.100000e-06, -0.8, 46908,1.120746e+07,1.680007e+07,1.498317e+07,1.039942e+07,9.931949e+06,1.670275e+06,78.134682, 79.430717,0.000100,0.599841,0.139865, 958.47034,   65.34000, 7.500000e-07, -349.4, 46823,1.761826e+07,2.602088e+07,2.209990e+07,1.393836e+07,6.204362e+06,1.571836e+06,78.405075, 78.912781,0.000100,0.596274,0.000000, 958.46710,   73.82000, 1.600000e-07, -346.1, 47028,1.304729e+07,2.095224e+07,1.838015e+07,1.308870e+07,5.250855e+06,1.667654e+06,78.541687, 78.926437,0.000100,0.616251,0.054326, 958.47009,   69.88000, 3.100000e-07, -349.2, 46979,1.090192e+07,1.550350e+07,1.395362e+07,8.819958e+06,3.837949e+06,9.639550e+05,78.623650, 78.965073,0.000100,0.587133,0.000000, 958.13738,   67.02000, 7.800000e-07, -1.7, 47012,1.282823e+07,1.745740e+07,1.649329e+07,1.179052e+07,1.371876e+07,2.940220e+06,78.446762, 79.387634,0.000100,0.576425,0.216551, 958.13736,   82.14000, 3.500000e-08, -1.7, 47190,1.168426e+07,1.930493e+07,1.627608e+07,1.030648e+07,4.459507e+06,7.210970e+05,78.157867, 78.951889,0.000100,0.622957,0.000000, 958.13753,    65.95000, 7.000000e-07, -1.8, 47206, 2.089288e+07,3.032489e+07,2.952847e+07,1.770062e+07,7.855573e+06,3.628774e+06,78.038605, 78.876404,0.000100,0.592078,0.027542,
NVSTGDVNVEmNAAPGVDLTQLLNNMR,Yes, 48, 3,  963.46741,18.726,28.262,24.526,15.529,7.889,3.382,172.365, 963.80432,   69.96000, 2.800000e-07, -349.9, 45235,1.024449e+07,1.215057e+07,1.299235e+07,5.861315e+06,2.890964e+06,3.692250e+05,74.085197, 75.146873,0.000100,0.542556,0.000000, 963.80395,   25.48000, 4.100000e-03, -349.5, 45001,2.883043e+06,4.068873e+06,3.130847e+06,1.896601e+06,1.663200e+05,0.000000e+00,74.175247, 75.218437,0.000100,0.585288,-0.000000, 963.47184,   28.71000, 3.000000e-03, -4.6, 44930,1.302025e+07,1.914676e+07,1.791339e+07,9.885757e+06,4.419951e+06,2.136989e+06,73.935333, 75.121506,0.000100,0.595230,-0.000000, 963.47072,   59.64000, 4.500000e-06, -3.4, 44609,1.095966e+07,1.854107e+07,1.609719e+07,9.739629e+06,7.330071e+06,2.830643e+06,73.894318, 74.987083,0.000100,0.628495,0.123725, 963.80383,   48.73000, 2.700000e-05, -349.4, 44668,3.349317e+06,5.007800e+06,5.457844e+06,3.596396e+06,1.897603e+06,1.058667e+06,74.066277, 75.103630,0.000100,0.599226,0.185475, 963.80432,    0.00000, 0.000000e+00, -349.9, 45235,3.111107e+06,4.660662e+06,5.129957e+06,2.959849e+06,1.685373e+06,1.426130e+06,74.116661, 75.101189,0.000100,0.599691,0.276148, 963.80267,   61.61000, 1.700000e-06, -348.2, 44320,6.975759e+06,9.638177e+06,1.033232e+07,7.592657e+06,6.043480e+06,3.154080e+06,73.901161, 74.999588,0.000100,0.580126,0.255652, 963.79950,   66.48000, 8.500000e-07, -344.9, 44395,5.101914e+06,8.947761e+06,9.866713e+06,9.645514e+06,7.126685e+06,4.263116e+06,73.894310, 74.962341,0.000100,0.636866,0.441195, 963.80237,   43.30000, 8.700000e-05, -347.9, 44458,4.028015e+06,7.080581e+06,7.322576e+06,6.788260e+06,5.252947e+06,3.612391e+06,73.868050, 74.928780,0.000100,0.637397,0.437637, 963.80139,   27.97000, 2.400000e-03, -346.9, 44507,1.867910e+06,3.353565e+06,4.611340e+06,3.175900e+06,3.360484e+06,1.552810e+06,73.917259, 74.963493,0.000100,0.642264,0.513951, 963.80432,    0.00000, 0.000000e+00, -349.9, 45235,1.414653e+06,2.001002e+06,1.942067e+06,1.396579e+06,7.043930e+05,3.496970e+05,75.008560, 75.085587,0.000100,0.585833,0.095383, 964.13745,    32.72000, 8.500000e-04, -695.9, 44710, 2.194163e+06,4.164385e+06,6.279637e+06,6.425487e+06,4.371003e+06,2.959771e+06,73.921265, 74.887802,0.000100,0.654927,0.611099,
QSLEASLAETEGR,Yes, 35, 2,  695.84405,46.845,33.442,14.021,4.329,1.082,0.230,79.952, 695.84621,    0.00000, 0.000000e+00, -3.1, 22800,3.654364e+07,2.473216e+07,1.218444e+07,2.123027e+06,6.809090e+05,0.000000e+00,42.521309, 42.666367,0.000100,0.403620,0.008175, 695.84621,    0.00000, 0.000000e+00, -3.1, 22800,2.798462e+07,1.831321e+07,7.707190e+06,6.356920e+05,0.000000e+00,0.000000e+00,42.619343, 43.261539,0.000100,0.395552,0.000000, 695.84621,   68.92000, 5.600000e-06, -3.1, 22800,1.349326e+08,8.549876e+07,3.264279e+07,6.461109e+06,1.088583e+06,0.000000e+00,42.269833, 42.637756,0.000100,0.387870,-0.000000, 695.84598,   63.65000, 1.100000e-05, -2.8, 22642,5.489120e+07,3.726816e+07,1.534388e+07,3.906353e+06,1.639420e+05,1.268340e+05,42.390427, 43.415783,0.000100,0.404388,-0.000000, 695.84814,   35.75000, 4.400000e-04, -5.9, 22715,6.067374e+07,4.260580e+07,2.268313e+07,3.558991e+06,0.000000e+00,0.000000e+00,42.525822, 43.609241,0.000100,0.412529,0.028544, 695.84621,    0.00000, 0.000000e+00, -3.1, 22800,5.171164e+07,3.666001e+07,1.879238e+07,8.917100e+05,0.000000e+00,0.000000e+00,42.443211, 42.738056,0.000100,0.414839,0.010704, 695.84522,   81.33000, 2.400000e-07, -1.7, 22304,6.753064e+07,4.909273e+07,2.693744e+07,5.944448e+06,0.000000e+00,0.000000e+00,42.149475, 43.164394,0.000100,0.420951,0.063081, 695.84570,   81.47000, 2.600000e-07, -2.4, 22289,8.625472e+07,6.202847e+07,3.239232e+07,8.334138e+06,1.562290e+06,0.000000e+00,41.351868, 42.344627,0.000100,0.418311,0.051580, 695.84653,   62.94000, 1.000000e-05, -3.6, 22491,6.078288e+07,4.718607e+07,2.703465e+07,7.757847e+06,3.215020e+05,2.497148e+05,41.985363, 42.317722,0.000100,0.437034,0.118020, 695.84621,    0.00000, 0.000000e+00, -3.1, 22800,5.203952e+07,3.888305e+07,2.217448e+07,3.871048e+06,0.000000e+00,0.000000e+00,42.042919, 42.402576,0.000100,0.427650,0.081202, 695.84621,    0.00000, 0.000000e+00, -3.1, 22800,5.044306e+07,4.065666e+07,2.323575e+07,7.003312e+06,1.232670e+05,0.000000e+00,42.124203, 42.472363,0.000100,0.446287,0.137795, 695.84704,   101.92000, 4.200000e-09, -4.3, 22574, 8.789077e+07,6.613831e+07,3.019531e+07,7.252822e+06,2.521440e+05,1.958435e+05,42.034111, 43.076824,0.000100,0.429388,0.038732,
NQILNLTTDNANILLQIDNAR,Yes, 38, 2, 1184.13495,26.259,33.440,22.975,11.179,4.292,1.377,136.978,1184.64148,    0.00000, 0.000000e+00, -427.9, 43883,1.988499e+06,2.571495e+06,1.314434e+06,2.328070e+05,0.000000e+00,0.000000e+00,73.433548, 73.561523,0.000100,0.563925,-0.000000,1184.64148,    0.00000, 0.000000e+00, -427.9, 43883,1.684740e+05,1.452580e+05,9.380700e+04,0.000000e+00,0.000000e+00,0.000000e+00,73.621567, 73.621567,0.000100,0.463000,0.000000,1184.64148,  125.30000, 2.600000e-12, -427.9, 43883,6.232918e+06,7.924930e+06,5.555452e+06,2.104436e+06,7.232660e+05,0.000000e+00,73.317947, 73.473335,0.000100,0.559755,-0.000000,1184.63794,   55.25000, 7.300000e-06, -425.0, 43560,1.718964e+06,2.084496e+06,1.314127e+06,5.111880e+05,0.000000e+00,0.000000e+00,73.247704, 73.323776,0.000100,0.548053,-0.000000,1184.64148,    0.00000, 0.000000e+00, -427.9, 43883,1.074523e+06,1.188968e+06,1.029790e+06,0.000000e+00,0.000000e+00,0.000000e+00,73.351151, 73.455215,0.000100,0.525281,-0.000000,1184.64148,    0.00000, 0.000000e+00, -427.9, 43883,0.000000e+00,0.000000e+00,0.000000e+00,0.000000e+00,0.000000e+00,0.000000e+00,4411.125488, 4411.125488,0.000000,0.000000,0.000000,1184.13709,   74.55000, 1.500000e-07, -1.8, 43276,2.989981e+06,3.008384e+06,2.208752e+06,3.146920e+05,0.000000e+00,0.000000e+00,73.281059, 74.030998,0.000100,0.501534,0.000000,1184.63879,   62.09000, 2.000000e-06, -425.7, 43311,2.176214e+06,2.725230e+06,2.010587e+06,3.335950e+05,0.000000e+00,0.000000e+00,73.175163, 73.279884,0.000100,0.556006,-0.000000,1184.63648,   33.18000, 9.500000e-04, -423.7, 43416,1.235542e+06,1.876421e+06,8.354030e+05,5.722650e+05,0.000000e+00,0.000000e+00,73.206635, 73.308891,0.000100,0.602970,-0.000000,1184.64148,    0.00000, 0.000000e+00, -427.9, 43883,2.283910e+05,1.710700e+05,9.140600e+04,0.000000e+00,0.000000e+00,0.000000e+00,73.236168, 73.236168,0.000100,0.428252,0.000000,1184.14090,   19.88000, 2.100000e-02, -5.0, 43623,9.261950e+05,6.266820e+05,6.176520e+05,1.971350e+05,0.000000e+00,0.000000e+00,73.357979, 73.409447,0.000100,0.403562,-0.000000,1184.14160,    90.47000, 4.400000e-09, -5.6, 43572, 3.206879e+06,3.953512e+06,2.711857e+06,1.026171e+06,1.702170e+05,0.000000e+00,73.148720, 73.279411,0.000100,0.552136,0.000000,
NVSTGDVNVEMNAAPGVDLTQLLNNMR,Yes, 48, 2, 1436.70002,18.726,28.262,24.526,15.529,7.889,3.382,172.365,1437.20264,    0.00000, 0.000000e+00, -350.0, 47432,3.819230e+05,2.820560e+05,3.381920e+05,0.000000e+00,0.000000e+00,0.000000e+00,78.887810, 78.887810,0.000100,0.424797,0.000000,1437.20264,    0.00000, 0.000000e+00, -350.0, 47432,0.000000e+00,0.000000e+00,0.000000e+00,0.000000e+00,0.000000e+00,0.000000e+00,4731.737793, 4731.737793,0.000000,0.000000,0.000000,1437.20264,   75.22000, 8.900000e-08, -350.0, 47432,5.215102e+06,6.968265e+06,6.093788e+06,3.059070e+06,1.559120e+06,4.159550e+05,78.715164, 78.843033,0.000100,0.571949,0.000000,1437.20264,    0.00000, 0.000000e+00, -350.0, 47432,8.609750e+05,8.394090e+05,8.087290e+05,0.000000e+00,0.000000e+00,0.000000e+00,78.728371, 78.780502,0.000100,0.493658,-0.000000,1437.20264,    0.00000, 0.000000e+00, -350.0, 47432,0.000000e+00,0.000000e+00,0.000000e+00,0.000000e+00,0.000000e+00,0.000000e+00,4729.881836, 4729.881836,0.000000,0.000000,0.000000,1437.20264,    0.00000, 0.000000e+00, -350.0, 47432,0.000000e+00,0.000000e+00,0.000000e+00,0.000000e+00,0.000000e+00,0.000000e+00,4729.640625, 4729.640625,0.000000,0.000000,0.000000,1437.20019,   16.60000, 2.800000e-02, -348.3, 46850,6.287070e+05,1.065849e+06,8.351870e+05,3.543380e+05,1.226910e+05,0.000000e+00,78.727295, 78.779770,0.000100,0.628984,-0.000000,1436.70042,   34.31000, 6.100000e-04, -0.3, 46956,6.191590e+05,9.177660e+05,5.512620e+05,2.998630e+05,0.000000e+00,0.000000e+00,78.772774, 78.798782,0.000100,0.597144,-0.000000,1437.20264,    0.00000, 0.000000e+00, -350.0, 47432,2.528740e+05,4.487620e+05,3.567450e+05,9.139000e+04,0.000000e+00,0.000000e+00,78.701042, 78.726700,0.000100,0.639594,0.000000,1437.20264,    0.00000, 0.000000e+00, -350.0, 47432,0.000000e+00,0.000000e+00,0.000000e+00,0.000000e+00,0.000000e+00,0.000000e+00,4722.268066, 4722.268066,0.000000,0.000000,0.000000,1437.20264,    0.00000, 0.000000e+00, -350.0, 47432,1.247400e+05,1.257140e+05,1.497480e+05,0.000000e+00,0.000000e+00,0.000000e+00,78.861679, 78.861679,0.000100,0.501944,-0.000000,1436.70166,    23.75000, 5.900000e-03, -1.1, 47249, 7.985000e+05,8.619510e+05,8.372990e+05,2.020010e+05,0.000000e+00,0.000000e+00,78.742706, 78.791969,0.000100,0.519107,0.000000,
NVSTGDVNVEmNAAPGVDLTQLLNNmR,Yes, 48, 3,  968.79905,18.726,28.262,24.526,15.529,7.889,3.382,172.365, 969.12866,    0.00000, 0.000000e+00, -340.5, 38602,4.050210e+05,7.186040e+05,5.441760e+05,3.445469e+05,0.000000e+00,0.000000e+00,66.447868, 66.447868,0.000100,0.639541,-0.000000, 969.12866,    0.00000, 0.000000e+00, -340.5, 38602,3.670160e+05,4.925040e+05,6.285980e+05,0.000000e+00,0.000000e+00,0.000000e+00,66.416496, 66.416496,0.000100,0.572999,-0.000000, 969.12866,    0.00000, 0.000000e+00, -340.5, 38602,4.650380e+05,6.772310e+05,6.613770e+05,3.303060e+05,0.000000e+00,0.000000e+00,66.334770, 66.334770,0.000100,0.592882,-0.000000, 969.12866,    0.00000, 0.000000e+00, -340.5, 38602,2.407739e+06,3.385897e+06,3.853162e+06,2.631034e+06,9.285010e+05,1.306876e+06,66.287056, 66.388634,0.000100,0.584417,0.323844, 969.12866,    0.00000, 0.000000e+00, -340.5, 38602,1.139133e+06,1.792961e+06,1.661941e+06,1.352238e+06,1.051304e+06,0.000000e+00,66.426796, 66.502747,0.000100,0.611495,0.179352, 969.12866,    0.00000, 0.000000e+00, -340.5, 38602,3.008790e+05,1.559500e+05,3.068650e+05,1.747610e+05,0.000000e+00,0.000000e+00,66.422981, 66.422981,0.000100,0.341375,0.000000, 969.12866,   18.75000, 1.700000e-02, -340.5, 38602,8.920420e+05,1.774702e+06,1.271912e+06,8.160210e+05,1.351360e+05,2.692391e+05,66.207733, 66.258476,0.000100,0.665494,0.077168, 969.12866,    0.00000, 0.000000e+00, -340.5, 38602,0.000000e+00,0.000000e+00,0.000000e+00,0.000000e+00,0.000000e+00,0.000000e+00,3970.969482, 3970.969482,0.000000,0.000000,0.000000, 968.80633,   28.67000, 2.000000e-03, -7.5, 38734,1.271556e+06,1.318969e+06,1.310953e+06,9.229740e+05,1.401880e+05,2.045140e+05,66.128822, 66.179375,0.000100,0.509151,0.025206, 969.12866,    0.00000, 0.000000e+00, -340.5, 38602,2.219690e+05,3.240130e+05,1.107810e+05,1.455888e+05,1.211100e+05,1.305170e+05,66.236977, 66.236977,0.000100,0.593450,0.307778, 969.12866,    0.00000, 0.000000e+00, -340.5, 38602,0.000000e+00,0.000000e+00,0.000000e+00,0.000000e+00,0.000000e+00,0.000000e+00,3982.278076, 3982.278076,0.000000,0.000000,0.000000, 969.13580,    23.23000, 6.600000e-03, -347.8, 38969, 1.929217e+06,2.093534e+06,1.948410e+06,8.015900e+05,2.250530e+05,0.000000e+00,66.217674, 66.248329,0.000100,0.520423,0.000000,
ELTTEIDNNIEQISSYK,Yes, 31, 2,  998.98910,32.428,34.488,20.376,8.667,2.942,0.842,117.218, 998.99692,    0.00000, 0.000000e+00, -7.8, 35454,6.216476e+06,7.198842e+06,2.721463e+06,1.157606e+06,2.365420e+05,8.832713e+04,60.689571, 60.765617,0.000100,0.536614,0.000000, 998.99692,   39.33000, 2.500000e-04, -7.8, 35454,3.971393e+06,4.606947e+06,2.022555e+06,1.397036e+06,0.000000e+00,0.000000e+00,60.748638, 60.824257,0.000100,0.537044,0.000000, 999.00053,   67.49000, 4.700000e-07, -11.4, 35299,2.196476e+07,2.469821e+07,1.070692e+07,4.855760e+06,0.000000e+00,0.000000e+00,60.514240, 60.665222,0.000100,0.529289,-0.000000, 999.50134,   52.97000, 1.100000e-05, -513.0, 35033,6.619389e+06,7.751403e+06,3.182009e+06,2.193590e+05,0.000000e+00,0.000000e+00,60.571739, 60.648430,0.000100,0.539386,0.000000, 999.49713,   38.15000, 2.600000e-04, -508.8, 35030,4.200539e+06,5.206205e+06,1.815160e+06,4.389240e+05,0.000000e+00,0.000000e+00,60.617390, 60.717525,0.000100,0.553455,0.000000, 999.49255,   23.00000, 7.000000e-03, -504.2, 34953,0.000000e+00,0.000000e+00,0.000000e+00,0.000000e+00,0.000000e+00,0.000000e+00,3644.879883, 3644.879883,0.000000,0.000000,0.000000, 999.49475,   36.47000, 4.500000e-04, -506.4, 34729,4.302639e+06,4.897342e+06,2.315742e+06,1.384961e+06,0.000000e+00,0.000000e+00,60.496979, 60.573109,0.000100,0.532321,0.000000, 998.99170,   62.65000, 1.300000e-06, -2.6, 34795,7.083349e+06,7.773754e+06,3.468963e+06,2.519712e+06,0.000000e+00,0.000000e+00,60.468414, 60.543652,0.000100,0.523235,-0.000000, 999.49249,   31.07000, 1.400000e-03, -504.2, 34885,2.798613e+06,3.315039e+06,1.260348e+06,4.834480e+05,0.000000e+00,0.000000e+00,60.407013, 60.464306,0.000100,0.542235,0.000000, 999.48810,   34.82000, 5.400000e-04, -499.8, 34915,9.966250e+05,7.024410e+05,1.846390e+05,0.000000e+00,0.000000e+00,0.000000e+00,60.486832, 60.486832,0.000100,0.413428,0.000000, 998.99692,    0.00000, 0.000000e+00, -7.8, 35454,1.563661e+06,1.712579e+06,7.202200e+05,3.511560e+05,0.000000e+00,0.000000e+00,60.533314, 60.583717,0.000100,0.522727,-0.000000, 999.49829,    70.61000, 2.400000e-07, -510.0, 35044, 1.765840e+07,1.992879e+07,8.915685e+06,4.141086e+06,1.273188e+06,0.000000e+00,60.430374, 60.556484,0.000100,0.530202,-0.000000,
NVQALEIELQSQLALK,Yes, 36, 2,  899.00944,35.331,35.099,19.097,7.426,2.292,0.594,107.710, 899.00972,    0.00000, 0.000000e+00, -0.3, 41131,7.553994e+06,6.180511e+06,3.637923e+06,2.051740e+05,6.333219e+04,0.000000e+00,70.179214, 70.357475,0.000100,0.449999,-0.000000, 899.00972,    0.00000, 0.000000e+00, -0.3, 41131,2.617454e+06,2.080668e+06,9.641000e+05,1.371330e+05,0.000000e+00,0.000000e+00,70.391403, 70.468651,0.000100,0.442872,-0.000000, 899.00972,    0.00000, 0.000000e+00, -0.3, 41131,2.589834e+07,2.429738e+07,1.150937e+07,2.265736e+06,9.445840e+05,0.000000e+00,69.983673, 70.336975,0.000100,0.484053,0.000000, 899.00972,    0.00000, 0.000000e+00, -0.3, 41131,6.571258e+06,6.334174e+06,3.369314e+06,5.000720e+05,0.000000e+00,0.000000e+00,69.981346, 70.083076,0.000100,0.490815,-0.000000, 899.00972,    0.00000, 0.000000e+00, -0.3, 41131,4.978948e+06,4.221017e+06,1.839207e+06,0.000000e+00,0.000000e+00,0.000000e+00,69.170708, 70.262474,0.000100,0.458808,0.000000, 899.00972,    0.00000, 0.000000e+00, -0.3, 41131,1.317415e+06,1.153419e+06,7.953390e+05,0.000000e+00,0.000000e+00,0.000000e+00,70.191963, 70.295303,0.000100,0.466814,-0.000000, 899.00972,    0.00000, 0.000000e+00, -0.3, 41131,7.262440e+06,5.941208e+06,2.974890e+06,6.038990e+05,0.000000e+00,0.000000e+00,69.877747, 70.105843,0.000100,0.449967,-0.000000, 899.00972,   51.88000, 1.400000e-05, -0.3, 41131,8.616350e+06,6.614855e+06,3.532310e+06,1.287734e+06,0.000000e+00,0.000000e+00,69.775383, 70.109688,0.000100,0.434296,-0.000000, 899.00972,    0.00000, 0.000000e+00, -0.3, 41131,7.245716e+06,6.610931e+06,3.146324e+06,4.112740e+05,0.000000e+00,0.000000e+00,68.912697, 70.044022,0.000100,0.477095,-0.000000, 899.00972,    0.00000, 0.000000e+00, -0.3, 41131,3.801378e+06,2.641204e+06,1.623678e+06,1.165700e+05,0.000000e+00,0.000000e+00,68.956039, 70.004913,0.000100,0.409960,0.000000, 899.00972,    0.00000, 0.000000e+00, -0.3, 41131,4.048828e+06,3.113197e+06,2.058862e+06,1.134920e+05,0.000000e+00,0.000000e+00,69.948807, 70.075478,0.000100,0.434681,0.000000, 899.01279,    82.74000, 1.700000e-08, -3.7, 41323, 1.263844e+07,1.040957e+07,5.463636e+06,4.807140e+05,0.000000e+00,0.000000e+00,69.719002, 70.130470,0.000100,0.451647,0.000000,
VTMQNLNDR,Yes, 15, 2,  545.76912,   53.001,29.820,12.279,3.744,0.925,0.192,70.267, , , , , , , , , , , , , , , , ,  545.77086,   30.77000, 7.000000e-03, -3.2, 13965,7.637309e+07,4.354534e+07,1.643314e+07,6.369038e+06,6.298070e+05,2.452385e+05,29.107828, 29.360842,0.000100,0.363125,0.005398,, , , , , , , , , , , , , , , , 545.76967,   65.59000, 1.900000e-04, -1.0, 13415,1.362991e+08,7.861602e+07,3.220029e+07,1.034255e+07,1.951318e+06,1.250510e+05,28.911919, 29.156607,0.000100,0.365800,0.012592,, , , , , , , , , , , , , , , ,, , , , , , , , , , , , , , , , 545.76985,   61.12000, 5.400000e-04, -1.3, 13137,1.041464e+08,6.107593e+07,2.649657e+07,9.213756e+06,1.493835e+06,0.000000e+00,28.693277, 28.930004,0.000100,0.369659,0.034004, 545.76999,   57.83000, 1.100000e-03, -1.6, 13122,9.592830e+07,5.746372e+07,2.605874e+07,9.680695e+06,2.147888e+06,3.323330e+05,28.581026, 28.814020,0.000100,0.374620,0.059260,, , , , , , , , , , , , , , , ,, , , , , , , , , , , , , , , , 545.77102,   65.95000, 1.900000e-04, -3.5, 13468,8.167313e+07,5.080882e+07,2.302978e+07,9.892597e+06,1.767068e+06,1.271570e+05,28.569717, 28.790514,0.000100,0.383515,0.086587,, , , , , , , , , , , , , , , ,
