Protien,RateConstant_original,SD_original_original,RateConstant_modified,SD_original_modified
CPSM_MOUSE,0.10491,0.01169505260708602,0.11561,0.009805779203452826
AL1L1_MOUSE,0.21472,0.023760895021301166,0.23978,0.019681202190145276
FAS_MOUSE,0.270085,0.02608843919427862,0.29453,0.021594763630498226
SARDH_MOUSE,0.100665,0.008430648983556997,0.107425,0.010262617027648106
PYC_MOUSE,0.13078,0.013819121274493813,0.14041,0.01013474086104324
DHE3_MOUSE,0.10567,0.013332651800853652,0.11613,0.008377277815075917
THIM_MOUSE,0.108435,0.012046170802163563,0.116005,0.010928540522832117
HYES_MOUSE,0.24725000000000003,0.02716981906408665,0.26478999999999997,0.01751605969125014
ATPB_MOUSE,0.10173499999999999,0.009660881489405805,0.106455,0.010179234410484598
HMCS2_MOUSE,0.20418,0.024709668722891893,0.23326,0.016321141481503657
ASSY_MOUSE,0.179645,0.026400566121876166,0.19687,0.02111536622146693
ECHA_MOUSE,0.133465,0.01623535578651706,0.14335,0.011453925278695546
ATPA_MOUSE,0.10575,0.014549307030204964,0.11561,0.00869774663908033
CH60_MOUSE,0.11164,0.01111079241817262,0.11462,0.009341549201982269
FAAA_MOUSE,0.140495,0.02061780627864666,0.166625,0.015378851267969076
M2GD_MOUSE,0.11189,0.010859362824770154,0.11992,0.011045407371391968
PYGL_MOUSE,0.12573499999999999,0.021171994305475658,0.12723,0.013010610273446055
DHSO_MOUSE,0.172385,0.020313323870132446,0.197085,0.021574373558031473
EF2_MOUSE,0.24081,0.02671640396517558,0.25707,0.01919662493764307
CAH3_MOUSE,0.13333,0.015317385051217335,0.14124,0.0078480046426304
AL1A1_MOUSE,0.19227,0.02302796949811358,0.21533,0.012848669640518857
BHMT1_MOUSE,0.178695,0.014501773641523991,0.19452,0.011202938665814429
ADH1_MOUSE,0.13892500000000002,0.018182273017511682,0.156975,0.015277937433509216
SBP1_MOUSE,0.16509,0.014334237592105791,0.17993,0.013414388372918879
SAHH_MOUSE,0.21622000000000002,0.02688277015437285,0.21810000000000002,0.021119351615386327
ALDH2_MOUSE,0.30139,0.043838724073529574,0.3273,0.04022031740425186
PGM1_MOUSE,0.1484,0.01402217482163145,0.158755,0.01311092552834759
EST1D_MOUSE,0.21472999999999998,0.02386167714371962,0.231045,0.016483977489941223
CLH1_MOUSE,0.14182,0.01870039552516962,0.1522,0.013031534414514505
ARGI1_MOUSE,0.15493,0.02012016039501146,0.168145,0.011032294638922583
