"unlist.neh_dif.","unlist.pxt_dif."
0.00488177183989857,0.00471724064544932
0.00487082515254369,0.0046758840257094
0.00502308512247703,0.00486908760782834
0.0176118399440821,0.0169745858069337
0.0272560301602922,0.0263071611156865
0.00355516967769567,0.00342430301067398
0.0241075009273099,0.0232558460284971
0.0126167330737286,0.0122025949440066
0.00953687427757534,0.00916889950099142
0.024794341595494,0.0238232476452785
0.0122766620505921,0.0118856765460931
0.00487318669296685,0.00471794166426176
0.00353452469778111,0.00346790696448968
0.00471258649609116,0.00457929840967652
0.00513729374749367,0.0050364304661904
0.0256854181090271,0.024596542488195
0.0713511918731643,0.0682427407194819
0.00495797509570406,0.0048783982910805
0.00693910051773372,0.00666950997297439
0.016538172606136,0.0159915246713965
0.0080122875633748,0.0078596049633145
0.00764566807836516,0.00738913837425303
0.0139097755138151,0.0135266624420594
0.0144974957744025,0.0142458100393511
0.00253035690530748,0.00237954034133098
0.00575185258870311,0.00565255501170508
0.0194594730245967,0.0187985684659692
0.0105027273557613,0.010162303341707
0.00962918332280662,0.00934803330748107
0.00592300677414078,0.00585813722735889
0.00388188861232691,0.00386607745447853
0.00569727755495696,0.00542403273406239
0.00263423102783773,0.00246607391279907
0.00430884812767248,0.00425851153216389
0.00638861642927361,0.0061953835781281
0.0084278884541372,0.00818569466223829
0.0460310711793901,0.0443064937904053
0.00270946798586074,0.00268057628183271
0.00656752051346743,0.00632236862364854
0.0121009491293478,0.0116383289899963
0.0198780968060877,0.019303978067986
0.0223402128496935,0.0215533472552668
0.0472387251009391,0.0453663503971261
0.00291614624578734,0.0028798895752094
0.00332872735607057,0.0032434479109375
0.00346422547685977,0.00328882261355773
0.00370608980402732,0.00364201831631883
0.00677296042691559,0.00658306058247404
0.00603154878422758,0.00579590105644762
0.00509361035145365,0.00486424516608908
0.00817382628206786,0.0079623992030875
0.00861766645807092,0.0083378458275371
0.0180475716690924,0.0175313764293888
0.0316975462215561,0.030524628309811
0.00699441049990059,0.00673078684470391
0.00394257335782388,0.00381348869476356
0.00842398072720722,0.00819060818033762
0.004126016192559,0.00395543641503598
0.00362079730458949,0.00353102759831359
0.0148321356554855,0.0143831422987004
0.00431374075641265,0.00420278811980035
0.00369736352988749,0.00361512733168534
0.00409883439284772,0.00393525641372017
0.0056450420026496,0.0054049019067165
0.0240105867213458,0.0231391288148391
0.00414605527629212,0.00404162745402253
0.00560914630525211,0.00540368243072409
0.00563503846067076,0.00548870351019248
0.00573218506866091,0.00561559316638455
0.00491949903871358,0.00480280176568676
0.00656604792076218,0.00639236491361411
0.00640322641909965,0.00612908928723788
0.0127136165417768,0.0123889267767824
0.0199762705173806,0.0193220725339671
0.0304302262797156,0.0292837699151574
0.104797409501621,0.100881422715388
0.00312481723779744,0.00300408377534173
0.00610891776571456,0.00589401518510946
0.00366820635028612,0.00346979009574477
0.00392118848009001,0.0038230444175183
0.00851167715740173,0.00820713038568455
0.00943244442659363,0.00909965094583048
0.0152876891203727,0.0147346982050725
0.00678379999777104,0.00639337536244289
0.0867746219349345,0.082909518338628
0.00268207195736935,0.00256041997109824
0.00351659502014511,0.00336532927444622
0.00474370793181916,0.00462854225091042
0.00329525427818262,0.00320243629648581
0.0207828643845609,0.020054785952732
0.0272801880451529,0.0262961564553715
0.0127453329295792,0.0122905137595886
0.0483848321883141,0.0464230805020047
0.00463143217699675,0.00446575457684756
0.00623419649954826,0.00609828644117932
0.00658472593857941,0.00638274369890723
0.00969463944031388,0.00928501177620972
0.0242827000516628,0.0235091843899596
0.0306962031748706,0.029415011968667
0.00640261936185129,0.00615364963604814
0.131187855833259,0.127179340951196
0.19957856900666,0.194670383937792
0.234406153534323,0.222805024007178
0.825166631266765,0.80472790683183
0.631438881957737,0.609767716755832
0.139213263520332,0.132736064239206
0.470680303132782,0.457430226887018
0.216980118759535,0.210896181159916
0.447434536776134,0.429359716946347
0.520684739985068,0.503645408679636
0.605616782405454,0.582995613135157
0.106832128265008,0.105015216632746
0.0947333822464813,0.0923972593607006
0.101061003881572,0.09760433823984
0.141233584638649,0.138693084636113
0.954315622407488,0.918637199939398
1.71153596633941,1.62231327016209
0.243754348881714,0.234214010596964
0.256014460705686,0.249300208408604
0.509876886220802,0.494176439908664
0.112312627145092,0.108927518260922
0.0737814285897407,0.0696565944244831
0.333342599517239,0.322498115585747
1.18459874882461,1.13909447403472
0.0705502395573987,0.0707177828686775
0.160208481883484,0.153060675256562
0.605081739441883,0.58432918516086
0.261218033103312,0.252816028743864
0.238718363591035,0.231754778767294
0.0720999507392881,0.0724710317290544
0.132546887707534,0.128253657745873
0.112419885733247,0.108924736142497
0.094539276548596,0.0916110730234052
0.159580641070283,0.1549295656533
0.12007825205559,0.115628247192967
0.362175443219552,0.346014856951966
0.5978480094802,0.573926917543988
0.089723369367602,0.0883265688732121
0.135196981882022,0.13244991153958
0.398791476841852,0.387288803035644
0.871033071645765,0.83970864878178
0.317767266877988,0.306019324180624
1.03978948395504,0.990369871322491
0.16683576871788,0.161664268650143
0.108015757086408,0.105545640010203
0.0877968722224734,0.0852171443037758
0.103136885711443,0.10022657844521
0.195370690679969,0.190497753272248
0.141786143758895,0.13618697182264
0.302293718767349,0.292434543671373
0.290206179820188,0.282349924735609
0.224312964139038,0.218227166220095
0.379218415346176,0.362571261233055
0.416644489367302,0.406677886752527
0.114558211095597,0.110127915681608
0.0395009881997118,0.0405748309360923
0.151359115852584,0.144742198590932
0.17697792583012,0.171128492841441
0.154111633767704,0.148151217695229
0.295501741425465,0.287337808085299
0.139962181580553,0.136042048770692
0.116394911951198,0.111684423210162
0.135752780955071,0.13189837091538
0.175566456197535,0.169032492382933
0.655576603205519,0.633042239208938
0.165190877784756,0.15971804637599
0.174712269251742,0.166358112446939
0.0926701858887467,0.0883314980505145
0.12522510211431,0.120459840614533
0.183772253611059,0.178597071222711
0.114976809064485,0.109223156927997
0.178737818581779,0.172920153160352
0.384556108559787,0.371982390550987
0.601235932960111,0.579103557600838
0.872254055797011,0.838841915576934
1.35525798317343,1.29303840660227
0.175430415703333,0.170699632922551
0.140562861643061,0.134747347791321
0.126402692935547,0.124125593234339
0.235025197112222,0.226953498646772
0.187302068738478,0.182405552927964
0.41366062043147,0.397385136101519
0.212262009120359,0.206598560472851
0.367418430591251,0.352885853706165
2.51780512479793,2.41479134963504
0.137147347213282,0.135436958741443
0.2142825588318,0.205619082224252
0.220137037278747,0.21257712039096
0.240331680474456,0.231976121767806
0.269935657626482,0.256547309026821
0.743401878970303,0.720493724160227
0.571073994820129,0.547208672141877
1.36858663249427,1.30897957989196
0.138780131535383,0.135269195611194
0.227112405387574,0.220016601053703
0.161222052261856,0.156741203663179
0.381646703152762,0.363923566647176
0.286602816079099,0.278220746728342
0.70542362733266,0.675235601734263
0.274404455786069,0.267527065395595
4.55041596375062,4.35516217993824
3.14166639635596,2.94346122848228
5.03088221705779,4.74371573810021
18.649391269285,16.75766976446
13.7631653912147,12.83727894122
6.21346473503426,5.92599204487811
25.0109492188695,21.0159237607163
3.79045709912035,3.56209102581508
9.93451325962348,9.20140183168231
15.6398267610614,17.6249338833229
17.2468994639818,19.970117320319
3.78236802292694,3.61693035386542
3.03006276218198,2.98367518765656
2.63699013222754,2.48137636536436
5.41444624465106,5.46118540064274
32.1907024931778,39.7911604126109
56.5718764873801,75.0742051562685
3.43262156911455,3.31671959783121
5.44759472028293,5.24973322586947
20.5733113400296,18.8722147350719
5.87056809390532,6.06852018164467
4.29360407446054,4.17658262821388
12.8801659121239,12.2153199916891
58.680015806315,36.0900607613407
1.90058619025495,1.81723168970608
10.1192833119345,9.63725094399445
6.90358346134574,7.11271862847149
7.27403296207669,7.09373714908449
6.23888684811377,6.36047153224008
4.49012477321239,4.11503483223437
7.72847527554814,7.89009062595093
4.37499062081252,4.2665972683555
3.89754546715427,3.78593771242566
7.0869838730634,6.69554139022755
8.09093576071464,7.88033910211678
11.0936008712853,12.0115688155252
30.5975115521076,42.0174877496365
3.46993393019766,3.52230147008071
5.97972387474005,5.76187300829203
3.65969954242895,3.61809714181024
17.9031424748826,16.0633221156147
28.4653305752906,31.7224105465172
19.0080038817757,20.7675006817255
1.88555442862524,1.83561190379811
4.50031452191613,4.54691069620683
3.50534550359629,3.574614479299
4.82236506520278,4.38721125627801
5.64012657558208,5.42567927876635
7.55033481715539,6.79670628938855
5.71156392751491,5.87106786670977
5.91643612902366,5.96805170738976
8.22701863840429,8.72474527703238
14.717913726292,16.5354744958347
52.9410631863913,42.1776206652663
8.25158285033127,7.94806180889573
2.36805956934591,2.27334160204448
3.10086868924307,3.02791226762351
2.81840693080022,2.70503230454137
9.9712202613183,9.51029940753367
10.7744758080441,10.4830049876242
3.87881013127252,3.88667861141755
3.26625101432994,3.12377442266766
5.69350998488942,5.30838435983325
3.09192564102251,2.97115387621451
21.2287062379587,19.5094569485372
5.95078650753017,6.12320585253474
6.04694169261113,5.58383139041957
5.48305617834366,5.02641314857947
4.22562378318897,4.09785406478938
7.54662908820902,6.98981645945677
5.22393285979244,5.37138736170303
6.32650617430307,5.77100529490517
10.1141724933912,9.81874361352222
12.1100470870873,12.2453006492053
19.9668792109606,20.7039172098701
52.8929980032807,37.9598600032842
3.79049344487183,3.59527438421838
5.68479774501748,5.81704501729719
3.58326416719984,3.44327792355976
5.38133006579451,5.3931471911529
7.54770104772804,7.45967979253763
3.93423615826068,3.95257909473253
9.21346557681697,8.73885732918131
12.2085072407837,11.7766093420575
58.6103346880513,70.6467293313636
4.82780854898839,4.98556357661366
3.44702637254079,3.28516410281583
1.58132315918923,1.57779617881965
6.80772386547128,7.04229910425373
14.9932657534207,14.1229014614086
31.3026822323998,29.9232268131507
9.60573189001781,9.04785946235785
19.0209989145962,19.249816167407
7.37370733064017,6.64849741758598
4.74820023394074,4.44433069186132
4.06169836112746,4.1390304809033
8.28099831915606,7.8811394183319
19.309254490932,17.685946926665
39.4231941696469,61.0262089373632
4.23514781524441,4.19351141434187
28.2290993630927,25.5855817556521
26.9767218140874,35.2416466803906
45.6911619922984,73.7682497069466
101.764867912762,138.528617004709
129.515477158283,258.82558032691
31.6877722052063,34.5029942571301
164.55351882008,183.221519768004
52.3133120223962,69.0631620817599
66.1329541983452,101.811772772944
74.6021542947933,195.473815645544
68.9323307647105,170.772984632512
18.7474216390368,14.8635321618488
28.4918482372586,26.4384754391946
20.9979435949213,20.3172820331633
23.392472449121,25.5537169327082
78.4196736765206,210.919542072802
88.362576570979,426.406202355449
49.927231481725,51.2770968183474
69.5655565821874,83.8287340727963
150.782450892299,115.070455191768
45.4993424756474,77.5182894822839
57.5035393076834,62.6448624498957
113.717500868806,142.332365798698
98.2997183674392,286.635961964782
27.6354773380237,39.0061118762202
48.38862430019,70.4857109676971
105.992896743091,276.507744047191
42.6882970945945,57.5199497427463
22.9352544721796,28.8791052942864
29.2753861428469,30.9917552075242
41.9728857523012,69.1579675676878
42.2843586392819,36.8880302864182
28.0047497948406,19.1115651318169
40.4681739078448,60.2730508454939
59.7089036254904,107.112242034673
35.1219002579385,30.0666863842927
114.391837893918,240.635199305806
49.4671345896225,40.8019073475487
92.3599513801278,70.208797182967
65.8001840850907,110.234390891921
108.884048962136,217.447989152757
127.058438343414,197.757893286603
120.495844964692,315.388101603556
23.2134807354181,29.5334230849141
29.9822497972685,33.2041327459575
25.6853745901395,29.3650879926241
33.7307332186831,44.5438020529096
31.0419305095488,42.6978036632559
114.1209018502,68.0719768202911
67.1514599300914,47.6393453595136
41.8172656434061,66.3702729908056
58.3435989693058,57.301840759545
64.8858373748649,159.224845904027
117.198633407612,241.342278669285
34.6460055011926,50.420350465328
30.5200659516532,25.5297360182594
44.7081198934754,60.981175010225
42.6500503775364,44.1542081474017
52.6004629742945,45.5372929747503
61.1115963870981,98.6262316309518
35.3152860613325,51.6191924402408
29.4045370122684,31.8917110859619
32.3095862082603,45.5690858063884
34.9016204110683,37.1211677273565
98.7439944566418,220.244348796815
48.8905039040104,50.0080915160661
45.4268940805602,57.6714932444766
36.7712259211329,54.9998853868073
36.2702288606203,46.0248729567218
67.9516255300984,69.6823845963907
75.3708069594101,66.9609571544606
43.5621248581164,40.8509402723298
48.6866994414087,53.7107743314539
108.691202417984,131.173646755202
185.319087409588,173.120749537618
87.9928217006556,533.038001866483
35.0211678290317,40.8154437293565
27.3935508320471,23.3658925917728
30.930396951977,42.0181963387618
194.788725735158,81.2137180539854
51.9388931410154,88.8541626222729
43.636489298139,66.1757623845679
180.726538899732,103.280478346307
80.674078872255,133.192091855851
98.4692194152204,658.635876637875
39.5948775897992,36.6238203185918
26.6460252630663,25.302507579353
38.8717634718387,31.1697036282989
47.4016525948338,78.5282423467215
98.777682660126,232.535315196116
78.447281769661,263.258401449091
106.179084718887,105.8276342787
119.390734767678,383.178473138376
51.8360685682373,44.8053143195959
25.3883113828813,32.0265826785632
73.7542742555301,41.1142778248996
39.6208268205151,60.9592267716488
66.5352328602289,139.016257329219
81.8792367639977,275.31111622998
156.559477606413,67.2798761770359
147.261369426198,165.36095968286
62.2410844108911,123.507431101715
82.9709032542923,390.016443827197
86.1055457882668,213.949525077065
81.3761603933293,359.654538315116
52.358745758885,58.5048296940567
89.4452312380911,637.498541192069
82.2632108661031,312.168979153715
102.60603321423,291.974013156622
95.810794735947,415.357004537793
107.793196950916,456.215263712916
52.2116515629097,89.3066745106568
68.8170134152451,157.537024990865
61.3311317685936,130.726600771861
63.8711383191997,86.3667682810105
93.2217567926211,524.589349501583
98.2753222725884,1546.69895693225
117.504619684326,131.456022693083
74.8405157867457,263.441209085395
85.3712603480784,282.990039750099
51.0591394410118,90.639038853814
79.8046717895935,274.649842156658
93.6807392478097,192.43079117774
101.507744288126,1096.82401565518
33.2683041840748,47.383258122667
77.30739485427,163.042443694256
80.7341971607302,306.741675250778
79.1255664866185,219.434022695588
73.1412436073037,216.15492116044
70.6787848424387,184.764225796802
158.529850071154,93.5012892701864
141.770765737636,223.491366210137
47.0501438349731,82.8390217425953
64.8656714264506,145.125992754695
81.713959489957,257.989219387016
118.895520932065,503.63163253391
103.159806256285,1664.9747432768
69.448095873892,101.646097054358
62.1851571460015,97.0147988858096
90.6386068404974,258.617738128827
87.0908861553004,285.650976866205
97.8438443711591,746.079558669704
105.851667438304,1032.81833809857
68.1479393425068,100.968278840518
47.9528658524867,73.7354029364151
198.449037096185,169.705792016785
98.7809337068299,107.01452581066
100.933789508943,139.575697579877
104.075760582921,139.854561437333
102.323281791263,235.389615379487
124.216490507781,242.793940270126
95.0556042424927,197.025920353923
86.3240430547016,435.561930420095
93.8087452529281,430.792113139575
195.407678453217,161.992181009909
151.466216787579,84.4183348436415
78.6885403119507,132.502667681323
62.6202813730647,116.223191799374
76.6122076840862,196.002750089924
80.5873621063298,209.551710228635
60.0721309654438,99.9474617174803
135.792042210324,176.727087028681
71.5064608913196,180.309992961175
68.7690914123077,138.783864392614
92.3596794250122,529.158042957996
135.719489598021,120.942447564771
73.571063929853,249.390401912629
153.794785682729,169.361633426893
41.826071646018,50.6415616127401
71.1368576450598,146.148226600977
70.6278556219845,154.397937537115
78.7667621527192,91.9488403216099
101.176522731641,413.251912775497
88.9020659561049,439.165942372748
86.5041332425668,407.990491131839
102.514723460297,3218.87265106898
100.527415205804,123.552404983807
113.005591490623,186.72483245322
72.4065813908778,95.1499951640579
133.016837319635,265.672243663766
101.758056137171,206.737251424296
122.12901013755,197.635480280939
75.0305732542984,219.105941432214
100.229556234238,238.4990470301
100.970642443518,3169.07933454961
175.033621527898,134.051026296807
145.976599858541,138.563889541412
93.0060571463691,114.977749939836
59.4146894676839,85.0516366050232
112.738635543644,738.508745356148
107.679972900258,1309.85876802651
100.259450686494,662.651935763666
91.5497599773495,599.83380320068
148.236971456627,113.841626402482
119.524014793636,175.796503950544
106.362812948242,144.645005232708
117.437847699435,598.73936490162
107.113724343635,1303.48012657461
92.0183445996483,664.688747032485
68.951186228937,153.888155245741
104.161186714619,1160.92297878058
97.7974053045231,2883.53740481456
94.9721497425836,736.242240720403
100.709014072572,2322.28207231239
100.267743537203,2381.27854653734
99.1626065343173,902.917411611999
100.082925290371,2119.25146815116
97.5802701585716,2068.72017328209
100.665041459032,2844.30669914234
101.042371837197,2217.08325030441
97.478764688824,1926.14438734018
106.859365357345,530.317356837964
106.331183621504,706.905422042611
104.087541587679,1286.06304637871
97.992420828435,1117.86473576519
98.0451942884009,2049.74930250623
100.010654886133,1789.16714548849
94.7415058344895,1093.4544037823
98.1339518675026,1174.795087077
100.167959543421,2268.89791462372
101.71691898002,2674.67674907205
97.6979391854337,1322.73656029125
96.1932799621137,1448.7341524905
98.8678969781971,1797.9989057706
100.980454263578,897.074474630353
95.2685942322762,1136.56053410602
97.2622505519855,1763.72227856286
95.8850023872695,1239.92148275945
102.770496415012,2591.71399092983
92.1825514883312,765.053449785729
101.567586009187,2842.15853387293
104.453198591657,1093.06796450543
94.4456498164731,1032.71039814898
91.2224176074466,753.997953146709
94.6489348348533,906.082333011739
100.153699536278,1451.73663344231
97.5953268672109,1869.78167627755
103.230096422147,2707.01901209895
94.5194188274581,1113.65575263784
96.5112389300167,1765.98168420293
98.5759718911431,1983.80899110311
98.9790338370412,1939.88919054417
100.025206785814,2044.20214691762
102.075394242718,1626.27742599677
98.4403582439855,817.849713988067
103.91486919661,2104.68219674186
91.2822412048872,691.31594679
102.992267865331,1242.81220857704
100.87678335771,2090.14073740858
99.2790291699751,1580.6669434994
98.0073207935389,1780.3188521948
104.261792936734,1801.85907180222
97.0349942444893,1585.8254703946
97.4159680835812,1861.94293574102
98.0656810189404,1272.70991801152
97.7318326191841,724.442719212203
102.296211356203,950.451659241296
98.6186739142504,1105.95021271004
98.1861153017194,1651.11499419016
101.917260085774,1422.61036672517
102.427631941394,849.05695188953
98.2652621792812,971.829462149204
98.2822257225316,915.363194997739
101.350737173291,2418.7910333462
100.715493224901,2357.72507411735
94.7758738850349,1010.83476093501
95.3464696669683,1287.87344480987
102.024250468175,1230.01329173897
101.523191651003,3071.77103544826
97.6884060784724,978.279406632307
98.254007184507,1612.56691357214
94.6445824603924,1165.58099109931
95.944756562018,1450.42148137979
97.937743938955,1984.03571035849
97.7778642029695,2191.01392289741
99.3071923935141,1905.77840738974
92.7621766366756,634.564757206713
103.592782005656,1638.47034553379
102.070437864648,2432.88381723631
99.9764907600296,1278.04084518912
96.0420859771022,1641.58844282448
100.501933544295,2554.19240962073
98.5012701734547,1391.79692678656
96.5623181627753,1661.30277613408
100.253931794048,1825.11242229858
98.1677130809212,1085.18289446783
98.235351553255,1098.14828768293
93.5880542539461,959.820732836639
95.4988472956202,1384.32790372413
99.1701320092386,2163.40263522136
100.148704830562,2068.50032811725
97.0720941551987,1790.81793117995
99.3632358226534,2136.18589895895
97.8455369750237,1063.10425133799
95.9964537990909,1390.37235672665
98.3389304671758,934.168541851799
96.6541318802185,1562.07703010876
97.3551591541171,1685.17522611276
100.009074841152,1975.33857688457
102.053170951932,1227.0139737448
