"unlist.neh_dif.","unlist.pxt_dif.","unlist.rss."
0.129592583128185,0.129130672067322,4.0129236280288e-13
0.0402315488267069,0.0400818766628768,2.99811591750229e-13
0.0843042612844069,0.0836948815000418,3.30536100235269e-13
0.0705634936414435,0.0700213195808756,3.32218973606864e-13
0.0664502061775651,0.066342389779565,2.99349370910962e-13
0.053624889334003,0.0534345311628548,2.81373170179664e-13
0.0672193875621042,0.0665731453973386,2.89940876991479e-13
0.0394589465396812,0.0391380487889999,2.51667271908333e-13
0.0499892613327985,0.0493705763094428,2.09796815234735e-13
0.0756468887995236,0.0752255956593985,2.19671345417342e-13
0.0314471974910918,0.0311898429946559,2.35635313154827e-13
0.0422457995493231,0.0419749726956759,3.09495587047996e-13
0.075741213272294,0.0751194109581584,2.9867158168011e-13
0.034791595972133,0.0347293868784536,3.03091499212031e-13
0.0311939260155502,0.0305188585338415,2.96424974701795e-13
0.0420347076848534,0.0420499846943284,2.78687384709644e-13
0.0966499652272809,0.0953501604592736,2.72827998553122e-13
0.0625603692344013,0.0621386062976854,2.42984786265456e-13
0.0535579270041252,0.0535538406313922,2.19636514134237e-13
0.129234852436438,0.128405864841174,2.46268838546326e-13
0.0502453868827372,0.0499033506243165,3.36170833375758e-13
0.0555720841891446,0.0552770210239008,2.9161020761375e-13
0.0931054202120351,0.0923634310747573,2.91066855850036e-13
0.0589055381243819,0.0584367789571629,2.62819982088319e-13
0.0382676947985159,0.0377015884974689,2.80841768340904e-13
0.0892919881053753,0.0888908258419186,2.68143973550615e-13
0.0726576605116103,0.0722434237670436,2.97274553905743e-13
0.0337243066010758,0.0333099966765525,2.86222089228505e-13
0.0895970250778294,0.0888501291507453,2.80282071605802e-13
0.049876355035877,0.0496316774951846,2.70919659860675e-13
0.0965297509373929,0.09581162049614,2.34266760855292e-13
0.0764191752377165,0.0761294792909085,2.39255427774592e-13
0.0938340640792821,0.0931971643660691,2.75673934483318e-13
0.0397580084699256,0.0396145792124283,3.09824944303319e-13
0.0749140730930501,0.0743899483043875,2.92643411460373e-13
0.0687794520652178,0.0685972937587188,3.03417957778812e-13
0.0781117855580588,0.0773208152695867,3.19692989946573e-13
0.0508988823950625,0.0506196452280949,2.58300672910658e-13
0.096668253799463,0.0960603458779498,2.13071851607529e-13
0.0840156081730026,0.0832169210128551,2.25095097697793e-13
0.0830359294943794,0.0826143629077073,3.32553162889904e-13
0.0688906522227036,0.0687388272357231,3.43549192386513e-13
0.0614696935138899,0.0607528555530111,2.74571327381869e-13
0.0485547525008036,0.0479759061174263,2.54671707240059e-13
0.078465067312969,0.0777905573185345,2.6811649163652e-13
0.087752178353022,0.0870243991407324,2.25327353661318e-13
0.137853637713337,0.137164271198885,2.65944037752679e-13
0.0815330740045727,0.0805106047518846,2.25769665597357e-13
0.116577552073895,0.116140682782616,2.05982888986692e-13
0.0843366193577308,0.08386055990647,2.59156365031056e-13
0.0739944962091024,0.0736607865911565,3.20623990183136e-13
0.098444559071581,0.0975999106624277,3.41870456761349e-13
0.0457940694144161,0.0457064255743756,3.49525062873007e-13
0.090413767928604,0.0899330311374558,3.42587224612147e-13
0.061355504919435,0.0607330846420177,2.5976243384841e-13
0.11777599935804,0.11728662912336,2.6728139224089e-13
0.0565265125829721,0.0561712518446292,2.38965459511671e-13
0.0687347049481283,0.0681355259623487,3.34018039200336e-13
0.054999244766943,0.054435275775094,3.83116442501828e-13
0.0742427074943819,0.0741072573311446,3.24418941130958e-13
0.0813492621589814,0.0809879588170147,3.73945621859863e-13
0.0609868321578526,0.0609763735740648,3.62317418679833e-13
0.12114703707598,0.120300779250324,3.35665342372639e-13
0.0621529284987083,0.0615676200834987,2.54356130271573e-13
0.118883357825073,0.117664406392099,3.14918028235784e-13
0.118078585996559,0.117277244362441,2.45968808906145e-13
0.116092044696367,0.115715819444303,1.88602853192677e-13
0.150142155681175,0.148805443842773,2.05089174520989e-13
0.196511332616865,0.195319775528136,1.9833374686582e-13
0.06683196869395,0.0659377894480454,1.89934783712483e-13
0.0275287351651322,0.0271352992243287,3.82809448334573e-13
0.0750962694133506,0.0740098318830016,3.15685343728327e-13
0.0802476575175681,0.0796615430038224,3.39674514681681e-13
0.0658885981253142,0.0658934785340189,2.91770711152515e-13
0.0680817884521545,0.0680777858453468,2.53785053870931e-13
0.0424124130044044,0.0421043656226652,2.55512825368914e-13
0.106136611103054,0.105642621626469,2.90808648423271e-13
0.0542872275236647,0.0541281895109075,2.37961229522553e-13
0.112533956163352,0.111649798152352,2.37274462121416e-13
0.0795883075234372,0.0791100786696683,1.9470420848235e-13
0.118178826082963,0.116952800876405,1.99484281562565e-13
0.15849379592524,0.157737260876051,1.97899127097349e-13
0.0591575661677924,0.0588083897788347,2.09986465361314e-13
0.0421438109327497,0.04169178314457,2.78022520795092e-13
0.0623076823849867,0.0615891709787771,3.77514909143551e-13
0.0641388314372993,0.0635102197220003,3.00012700477574e-13
0.0725032410207749,0.0720544621063066,2.5664354199062e-13
0.0930659368077664,0.0926765909795794,2.65184333958771e-13
0.0624156916443797,0.062131398470321,2.41752927659996e-13
0.0921575530368491,0.0918101016179115,1.89442333666142e-13
0.0215066989565702,0.021394596833816,3.15768006144925e-13
0.0674098061426281,0.067027657359572,3.18053387241041e-13
0.0626190848604317,0.0622905191914862,2.59411252347426e-13
0.0933685082786305,0.092525792107093,2.53855317593135e-13
0.0881856110971727,0.0877552070100221,2.50435101167579e-13
0.052680489598679,0.0523640673440098,2.49572394430587e-13
0.100604889590901,0.100058214288308,2.47279111298174e-13
0.0520176651361463,0.0520016693767757,2.01635269413947e-13
0.0395842513207055,0.0393392038572013,4.11626837121003e-13
0.0555845679926877,0.055169773365369,3.48696416982455e-13
3.49933127329158,3.46211777491273,4.29207645177664e-10
2.31228972978054,2.24249280531393,3.03050400125464e-10
1.75473674285256,1.73680882234066,3.09517187277477e-10
1.71178778801254,1.73688281956659,3.56181185118274e-10
2.19874202883795,2.20654659329261,3.06765128499221e-10
1.56005130247437,1.57947406020952,3.1389042738843e-10
1.63286210365675,1.61493168504345,2.89467874892814e-10
0.80941222731122,0.813338482392604,2.78161699883687e-10
2.61122839519785,2.66376484482898,2.15717631592258e-10
2.59173863021654,2.50693189923146,2.16661221053835e-10
2.48232615290778,2.48468847110171,2.04139955607339e-10
1.57357233084354,1.55594743473942,3.27167616623879e-10
0.853658267326217,0.830203008103311,3.2349954770931e-10
1.39264302996378,1.3771403087368,3.12452735082277e-10
1.89100077678243,1.84530743179045,3.40351521171355e-10
2.69014976301674,2.65346818216129,2.86385385733698e-10
2.73098534746196,2.64387039266734,3.03755209116344e-10
2.13015536685312,2.11721024045232,2.46506369344055e-10
3.50041317478026,3.40622467223986,2.03075698702558e-10
3.69327941412652,3.68110305388268,2.10567693756654e-10
1.26358610678011,1.26886045943038,3.29445299065399e-10
2.20759489241735,2.22501843189703,3.06872465726437e-10
1.71649115075292,1.6794406531939,3.18202753775219e-10
1.21334848188095,1.1888537592923,3.12569790134337e-10
0.959812781450627,0.961680950834773,3.0419670434671e-10
2.916930450983,2.93773660860951,2.49315242404848e-10
2.58781142892301,2.62984159591359,3.09039354651995e-10
1.17625481147609,1.15400185964936,2.91600989505094e-10
1.72725037472547,1.74249749934489,3.02292738151611e-10
1.31310964229506,1.29827824990192,2.60925948125609e-10
2.45986176605634,2.44244040231679,2.21785525487586e-10
1.76322965209545,1.78586618152165,2.21404116328521e-10
1.94206653500501,1.88819282369755,3.3222034125983e-10
1.63349650431256,1.58747849056109,2.96895940568979e-10
1.86553252723355,1.88506598458194,3.30019285035968e-10
1.54330910124455,1.55387376638994,3.14024606122353e-10
2.888745468052,2.7912431076092,3.11484370517513e-10
1.40250994680845,1.39059597560925,2.60013046644972e-10
1.95386487120058,1.95966718684077,2.39303894813314e-10
3.59688124648265,3.55343605559621,2.33209752939177e-10
1.37234502002458,1.38089101741739,3.56813017904703e-10
1.91996100149432,1.91962697803084,2.98527993165412e-10
1.24681940200343,1.24756846015311,2.71186303464463e-10
1.04113384885478,1.04059022290185,2.51475400530591e-10
3.29410024908091,3.25081866286203,2.49523030581156e-10
1.95880670357664,1.92205909946026,2.08535874378544e-10
2.72901373435109,2.70348722101562,2.73294539322034e-10
3.60369278859399,3.56602228525494,2.19853989144273e-10
4.33829246865685,4.32392673323027,1.92501100131267e-10
2.82172872062062,2.7933834925181,2.66309727181591e-10
1.5631860547862,1.55132823363632,2.97889701958099e-10
2.49814477938908,2.53591231344313,3.24226405897555e-10
3.40530971003923,3.47668138773094,3.36021407356512e-10
2.31664826496896,2.24996035951465,3.21718307949611e-10
2.0666205381329,2.06152341218058,2.51753819814641e-10
2.66194172607424,2.68008951064372,2.68131539309347e-10
2.5807781287526,2.5714455115518,2.68453628107463e-10
1.3441174334214,1.36612869817191,3.3560301589887e-10
2.16386100361465,2.15709453711526,3.62270586352432e-10
2.03769809048671,2.03322672672268,3.36218549171508e-10
4.34738224615066,4.18170573849638,3.1603166453737e-10
2.90341885170522,2.89413912599239,3.04258077580932e-10
2.40507506107589,2.40359906961572,3.03642047644567e-10
1.65975831119181,1.65251704496576,2.52290889001466e-10
3.03752155419107,2.91447529339748,2.75907492272173e-10
1.56390584681639,1.55565340316811,2.51448197586735e-10
3.83277921580703,3.79424205868344,2.02467558117925e-10
2.95023967818314,2.9461843041857,2.10380127279595e-10
3.54046506303338,3.38357406189079,1.919486007152e-10
3.92514030649331,4.06246880052222,1.85480759531164e-10
2.25635919512916,2.29156512571547,3.54760588102978e-10
1.41532393122374,1.39023631059808,2.92471546121321e-10
1.8793803456984,1.83576141402839,3.14744730300235e-10
2.90194922332254,2.93189188828542,3.06720008142029e-10
1.56434236498524,1.51557599280774,2.80036668268537e-10
1.17325384192215,1.17229580513564,2.39307737578681e-10
2.05080244244215,1.99730367060618,2.77717302402108e-10
3.29089132519796,3.30048560624117,2.45215182914493e-10
2.12874009218067,2.13756966454702,2.28162988384873e-10
3.38068457648156,3.35063742631325,2.07771688332554e-10
2.88630281703975,2.8885525022859,1.94775413666874e-10
6.35049531667443,6.6426755431933,1.79013442604265e-10
2.16633905798681,2.19609039746934,2.09389689649933e-10
0.76966128557099,0.773901483248525,2.9460901115824e-10
0.496860368080751,0.49274933510376,3.45903027010759e-10
1.38961045928746,1.36965034775798,2.94390562635134e-10
2.32976512980576,2.31575266247733,2.69081240076658e-10
3.36357440470295,3.48318725405732,2.58734397276177e-10
2.44778259844506,2.36517927814131,2.22410052465483e-10
4.51135869060781,4.49687469740883,1.89453916594345e-10
2.20452686811667,2.15467308626107,3.2716289682339e-10
3.13784646630532,3.22450301608256,3.20111040803985e-10
2.10738047233791,2.05742207318451,2.7372805435921e-10
2.48296503685978,2.40564488214987,2.58199014096284e-10
1.54739963604814,1.56044929767467,2.80658862341566e-10
1.63197030765273,1.62077655903859,2.5117201890626e-10
2.99042474133208,2.87775828454374,2.97496871244104e-10
5.63117831945261,5.92874238369671,2.08364659509501e-10
0.723133210944606,0.735380896696421,3.21798388857728e-10
3.62213851859012,3.60500935939025,3.2743847430749e-10
58.4387422380024,65.728649405223,4.07209615112085e-07
31.080872014592,44.9402998807021,3.55904166661314e-07
270.702142357862,112.683056270458,3.01656044362578e-07
199.10799717895,94.2627373614004,3.04166974560723e-07
52.4986670888219,90.0345692347208,2.99529758388592e-07
50.2648623434677,67.4650698371667,2.95338077475199e-07
43.3001481143073,62.7641325142083,3.05923503494773e-07
33.7535800421861,39.1995312814001,2.58542478873511e-07
108.349137605537,121.357087818949,2.22987544601589e-07
103.278869816006,58.2977440957413,2.04102623830636e-07
82.7160260334036,88.188389537178,2.08242554462103e-07
53.5679065950013,50.6140036387537,2.99474481995609e-07
40.5434003557172,49.1534298347202,3.64106534953509e-07
41.4804994564602,45.3229644302504,2.94268735721136e-07
47.5214937948569,45.7667021571581,3.4664549259487e-07
45.8723565152523,42.587828376551,3.09745496149917e-07
57.4275144285424,133.10550381111,2.95495573418327e-07
51.9882747167938,73.7823069308992,2.70576680503844e-07
52.6148726406953,93.3505332143151,2.32529056172659e-07
56.8373642362292,75.882459246403,2.09406921181372e-07
43.4120576011959,65.5841242738504,3.41238100938903e-07
40.2477175525137,52.0882885725013,2.90863161024654e-07
30.3607971435878,36.7073199847271,2.91455413655518e-07
101.114392922471,81.2304138978825,2.46888516325515e-07
43.343184042411,60.7069166751932,3.04300316412502e-07
48.5671540939786,58.1351958351343,2.42897383083497e-07
132.987284760429,71.3353158513613,3.29240176503807e-07
43.7908642498798,47.6594693009506,2.90436324548933e-07
30.3643818492278,44.5547280304789,3.02406655357199e-07
39.5947027152495,64.5776832893424,2.70522398276021e-07
34.6243064705618,38.0890181776156,2.15604530915483e-07
59.564377822848,109.189896769902,2.56551201424875e-07
60.2661952305989,64.3363194863961,3.21715008842261e-07
84.9311513534894,76.7534950199015,2.92291087555039e-07
45.0172096938712,52.1790053905887,3.33881067601601e-07
48.2586811515901,53.5790561107888,2.72612818188866e-07
60.4644845331988,62.9055248833957,2.89032263669513e-07
33.8693120385921,39.9913747955974,2.60326852282917e-07
88.3418118035423,50.91908473389,2.13099983902984e-07
36.0027083107907,44.4160092585688,2.49279052264916e-07
83.8201776278852,65.8617957995223,3.3880351406566e-07
44.8505819198988,67.0004986919733,3.06457951168267e-07
50.4884234105861,69.2460801631823,2.79660448232259e-07
39.174418619871,49.7912615487822,2.500361279007e-07
214.833574195655,62.386830854982,2.53609258477749e-07
98.4530439490884,68.9067617885997,2.25491979882297e-07
61.7108932354594,117.803960148761,2.51118837629076e-07
56.7076572041581,121.835857131671,2.38408602849413e-07
57.2861492149691,127.831892898353,2.16426119159411e-07
58.2104699734275,82.4825326145841,2.51166853866356e-07
44.591975909328,43.6629557415772,3.02748916863387e-07
45.8132167677009,67.1152631484826,3.4679219156535e-07
51.9085604251519,106.779069399592,3.32887347517654e-07
78.7848536968717,118.984723549703,3.33496705383708e-07
40.4482971928656,67.3503624894782,2.55334711572591e-07
53.0238580244642,51.7259698534504,3.28852837743877e-07
27.6750347713249,39.810109983069,2.42535695268009e-07
47.7916345719235,60.5941052145188,3.45243300733923e-07
35.1667988467928,29.1720417479317,3.34165215796677e-07
39.9096524058542,52.7588106023984,3.62345776017623e-07
65.3970715726223,70.1042198236439,3.77243308512698e-07
54.7506939239652,76.3724961358113,3.35993612847182e-07
45.8533131849552,65.6660336973589,3.08259739437034e-07
21.7187076710762,27.8293396939081,2.59157812512893e-07
28.6842623912207,35.3178793377141,2.72493527524329e-07
42.3312023906814,73.8730238759985,2.67601460757915e-07
65.045928573341,119.046217147885,1.98031036772117e-07
73.4425960365099,101.552855217544,2.08421634563587e-07
82.5206871016747,83.4314979297339,1.79648632898213e-07
54.6173024297582,105.476650797499,1.7359273237965e-07
44.4021885065597,49.144756591764,3.42539779267304e-07
50.8981139734429,87.494266911325,3.08701691573885e-07
50.1412779886843,64.6623174678745,3.23249909398168e-07
57.0751764008737,46.7455460668445,3.32798183943905e-07
51.0137973081644,89.73569948339,2.85836967133184e-07
27.6428261353546,37.7897617306021,2.32162432420563e-07
44.7401512336045,73.2831997739697,2.59718661085728e-07
52.6179419302576,92.6964276711445,2.42366426029979e-07
64.7082498068266,106.15415100389,2.20213219061907e-07
189.516733971772,104.219683226229,2.02909313579752e-07
64.1239648170325,99.9687170314115,2.01335251547373e-07
43.7758109571647,76.453018578693,1.88985836045458e-07
51.9818009407783,94.4216687689226,2.22349978338655e-07
42.4463477921549,45.9159834592355,2.83948410231025e-07
38.4165301585668,41.6527112962646,3.77814120845426e-07
44.2899359196931,75.2348290538554,3.48164931091572e-07
31.2358213005736,34.8753114499078,2.45918258495595e-07
62.3620932118399,117.210049337353,2.46963407176612e-07
52.3799325282335,93.9411933381579,2.07563569090389e-07
50.0461543170838,99.4735038929179,2.38147329276191e-07
46.5528398853578,72.0996117887359,3.37591876222193e-07
62.5664432484745,116.537270788616,3.46629727006245e-07
35.2184675879629,45.4825868499582,2.63245130611131e-07
32.9446663798215,40.8617397286468,2.43141254448069e-07
46.8425254906485,72.8000503761482,2.65227939193758e-07
49.9150428724621,83.912465249483,2.65786530406028e-07
221.563358962129,111.537425847752,2.36185358676774e-07
54.6911495274738,120.273263851521,1.93892399255139e-07
46.0877498027454,63.1495364489652,3.26033068595827e-07
39.4001640291985,46.9298603185173,3.3241814237826e-07
109.74446363646,1144.51894210941,5.31803553012727e-05
87.7761955759007,617.916652830288,3.41269224941743e-05
93.580068434653,1005.88256132225,3.51087554529543e-05
90.503547130495,606.781846389045,3.34841628648976e-05
102.124663687302,882.09549588325,4.02506661899473e-05
89.0746231025358,631.03887861551,3.16404123451793e-05
107.874711365036,1063.41505184895,2.88758269920979e-05
104.436658161179,362.653649115153,2.61314595969506e-05
90.9173192518848,575.611503500675,2.47721101820075e-05
91.1456936073122,503.012376942549,2.38381027391675e-05
90.7207843086129,844.702895184116,2.34521153222389e-05
109.186870036651,644.770726610289,3.1312047128117e-05
84.9651368952971,335.029715250784,3.06188617268641e-05
100.305737082614,428.136643814722,3.21601505710092e-05
109.179542499698,404.112724815036,2.95183353947038e-05
100.243430050737,601.508042420217,2.78060317960842e-05
104.593718850505,1504.86377983429,2.70789156881132e-05
99.5677503423183,438.342326301797,2.32415941284449e-05
98.5280490245524,637.797499405573,2.24630208257494e-05
109.535178163604,1106.63423943729,2.05765391593636e-05
114.642139638635,620.77645091306,3.42490425771692e-05
98.4460314708451,326.886530343697,3.03726270058718e-05
121.993930560565,586.561118785603,2.79362104211304e-05
110.323938774357,458.966125668744,2.48911304118656e-05
86.5517531781504,482.162034529347,2.87379178404735e-05
110.017630146144,707.409060313051,2.40152068289719e-05
89.1728349932965,522.032894256214,2.97575081578528e-05
85.4597543625796,299.60638615197,3.09766312852348e-05
104.140760070064,431.056650348821,3.01432255841522e-05
85.15448596026,457.283095883406,2.63616292927502e-05
111.184527026237,814.694086725818,2.07945840062594e-05
99.228090139831,1214.5595744211,2.70076810178851e-05
110.426822866776,660.451269534552,3.22672933418803e-05
92.2889235651899,688.179618590047,2.98207132769426e-05
88.495474625073,419.037799091163,2.89947626751479e-05
88.2279119862431,402.372760188697,3.14117856405988e-05
91.5617783440619,686.787086251821,3.0529529996114e-05
84.436598660283,309.016724673316,2.63074290575785e-05
100.409396006202,646.679229545912,2.19934695715398e-05
111.38920968108,701.367634280172,2.4480431006268e-05
115.257091594213,396.064677809245,3.53502840400332e-05
91.6920868468652,487.715635353146,2.97567550159551e-05
88.1757200282814,706.856926575557,3.09205484733414e-05
91.3476081416403,861.536901633653,2.49033135711503e-05
94.1137466498518,823.96322871422,2.61331557473962e-05
91.3555100961092,902.514082717125,2.17448233715458e-05
108.429934138169,1037.9714434567,2.42533811910694e-05
99.6877939658491,923.346169957201,2.07711991075445e-05
103.838943577911,1914.3084533171,1.82315348578409e-05
109.99512742795,671.174829027021,2.66560302827754e-05
116.01632570878,318.227634963436,3.12981926356159e-05
85.5937177714932,404.948018390737,3.53115615806251e-05
101.239576633275,593.250582384037,3.29434954144654e-05
106.950750507186,870.867654092057,3.17943709558378e-05
86.6068289733557,646.9044631193,2.57329051553873e-05
101.144542723381,1026.52460070437,2.73625900610708e-05
110.147238098256,400.364005742495,2.47467409733636e-05
91.6115378271218,474.034808387091,3.40201006677413e-05
109.94748370698,691.012924936044,3.62222597043855e-05
85.9979569709373,479.216635060319,4.23387306362776e-05
93.7850878083441,503.247400451522,3.42302084215128e-05
93.1919156105322,906.869075479568,3.4296378123094e-05
92.0163112978209,857.864648367273,3.82513153323243e-05
89.4285631412351,384.837184025655,2.74122449739483e-05
99.5105409872469,1188.86011196422,2.68405484731108e-05
92.9643975471377,481.724053341488,2.78995024151014e-05
106.980396045505,1028.09118631188,2.1192347366888e-05
103.525706017695,1703.20089112957,1.90930945310632e-05
100.736548799234,1279.06678107901,1.82468632628936e-05
94.6692275309946,1585.15929344379,1.9259309507879e-05
116.424961155403,475.585829217019,3.46725810536929e-05
89.1747521320098,467.693539789406,2.75299622514339e-05
108.331206851249,591.639784852454,3.32274394087553e-05
111.016772554968,926.965121413642,2.83810252184751e-05
99.4183210252578,1005.48888109647,2.70166083645815e-05
115.459825883035,638.83086121476,2.3625420767864e-05
107.787432341227,747.713956549992,2.9245164975021e-05
100.141574494763,784.603329559313,2.54860772255588e-05
98.8096856670878,1519.3668344345,2.38884457041033e-05
92.0692595075633,905.880294496095,2.11121440162742e-05
108.56244826496,1271.78288379614,2.00350112971608e-05
99.5370733643434,1215.96094904659,1.86325337728386e-05
87.8907626397148,634.877241087117,2.70401202849913e-05
102.296107640758,549.153949637987,3.36639940565496e-05
88.2383687973943,514.110395848234,3.99886251864205e-05
102.577073164806,765.228739082787,2.81419739158679e-05
112.003927016382,736.378953634919,2.65303372103841e-05
92.9886666464731,966.829062859925,2.5988134700919e-05
100.791917466324,1190.11688855322,2.27725130178663e-05
94.2878652500381,1257.25942833996,2.16223084121629e-05
114.071448003881,659.79222907396,3.39535548286313e-05
106.101771811343,732.576553254195,3.45638452368283e-05
124.817548704045,479.955249622742,2.65609022563801e-05
150.75068579663,247.960526403873,2.82165328942126e-05
83.7265046589384,375.724954882208,2.66067067999918e-05
90.1226012964042,650.865810866998,2.42498972545009e-05
100.017778557089,1049.44237443655,2.68669036603402e-05
104.313380812697,1256.64907954451,2.06901350144076e-05
111.187035812569,726.88098055127,3.19654085671654e-05
90.7986588833249,748.564137015675,2.89076363565388e-05
101.494006197802,3709.9965948544,0.000489832528398723
102.223562769547,1375.12277898076,0.00033622221964582
101.725327586691,4774.95936281153,0.000335559807636315
104.785631142108,1174.53593197883,0.000333937156037801
96.9083901716681,1047.29482739787,0.000302229849967373
102.761035189461,2088.48394623841,0.000289931691858804
95.5659925458889,1859.73033879361,0.000297410949670981
96.7539586638119,1768.11787321553,0.000250487252987354
110.214782110551,938.948051534482,0.000212442359249161
99.221900989789,3088.72412970764,0.00022457260407015
101.360880769841,3900.94096708095,0.000216475595723996
103.51190016443,1932.86131869207,0.000303270965740619
102.960539409921,2177.40708098311,0.000335754319915225
95.5998133875053,1452.43481844257,0.000287133183484418
96.7217339113348,2487.6603477438,0.000304008332943296
100.50227373686,1321.7735008564,0.000273576259729396
99.5303611254381,3865.09440621639,0.000313660191754422
99.5146628400107,2710.74198447997,0.000230194616891101
97.3895391175375,3002.76902960044,0.000209729871632372
102.00178217508,4096.92736247637,0.000232431847898693
95.261019512068,1130.4674552774,0.000320624513051589
99.8751921588309,1631.06060697168,0.000273431108469547
97.155280528283,2325.86384353868,0.000307662371516425
95.8323983406552,1852.82315989845,0.000271658406488029
104.760032551185,949.98448905901,0.000283315468542466
96.7087854457367,2421.91780124491,0.00023899797584226
96.4057305125334,1393.53089347071,0.000293543141539944
95.0657168015915,1656.32381595501,0.000287101400540021
104.012224284905,2431.32189349682,0.00028984084816949
98.9596894099736,1648.46520830381,0.000264871795962281
95.1497432721762,1108.40369338712,0.000230916194473189
99.3887336896888,2571.05066170667,0.000217919702605318
97.4169972952171,2220.63719148533,0.000313514396729646
97.1637062609616,1995.59046115285,0.000346709817359853
104.02666048271,2258.37681952178,0.000336121507335252
94.4309934179721,1295.85032639604,0.000285267887499945
104.007268132101,1643.59998305927,0.000284868901449047
105.765757959877,1273.95397153377,0.000248426792447508
103.732636445137,1350.94522332077,0.000216983626001061
101.497533953905,2423.84188789051,0.000203801054463242
96.1727142355159,1958.16959164889,0.00036396922785625
100.136037727053,1404.31468995472,0.000329924975331167
103.492407971878,2140.77490058441,0.000284299179038347
101.798990175739,2188.30676474095,0.000248116666107042
102.004439407114,2069.62046776652,0.000305255793051646
95.3323022526822,1461.55936899837,0.000225165817432871
103.076351920685,1541.76406422013,0.000222256968438191
98.9752584962571,3058.59830675592,0.000228767709510469
98.3599873111922,4134.82872920966,0.000184342616209556
102.81047378361,2098.8352681332,0.000329972725062698
104.993707007902,1096.67166601984,0.000312517711774079
97.6114130714123,1850.48110667262,0.000337485427236253
101.097042125137,3217.40636054581,0.000342123087739796
101.410060949379,4396.83434124536,0.000311262540615043
100.390662654373,2958.19358842959,0.000269593940893065
97.403403863429,1517.05615496491,0.000264394617887584
96.9578733910073,2299.75366454534,0.000249327411669329
99.8131399653126,2656.0698740781,0.000317275607302418
96.9418297976324,1847.03073250212,0.00038682739831374
97.3785787295577,2006.20275232711,0.000390333046838432
99.3152350788064,2887.55096720203,0.000343919976844138
96.8138493500003,2363.66513722803,0.000346363307239956
102.725650957967,1674.84579074677,0.000275346463468335
104.53532242442,1655.53754446491,0.000252747979746143
101.186839878272,3252.75705324377,0.000277777297029666
99.3568533829898,1832.20036921206,0.000265189483702194
99.3132700237295,3946.3093855184,0.000206526029214218
98.0355560461658,2767.93886852084,0.00018354238460225
101.912408087625,2417.92724628672,0.000181110243878021
98.0558294182223,4028.7059743057,0.000182482481544087
93.2039041287781,1197.14278852714,0.000357938721693451
95.9987579585439,2196.04871415388,0.000280657980937568
101.38720143671,2884.78383001393,0.000307940717267473
101.367418430268,1970.22509291701,0.00031264868281089
94.7525056913835,1659.70055838349,0.000276147580369483
103.720185840613,1377.38591769744,0.000262592562846225
103.025203605731,2089.04700797489,0.000285325276171477
95.9803358101824,1531.21587533617,0.000225708618116444
97.549338995751,2632.51010806175,0.000228725724348982
101.477775826245,1673.46651380853,0.000191905394598494
100.536088612025,5241.37878271637,0.000191722042624385
102.347823785278,3513.10059400326,0.000188632136728918
96.5443419657564,2135.82058830289,0.000212130163650814
105.029491468013,1890.43493765532,0.000276874265211685
105.867761013266,1300.33017395583,0.000349551161401903
104.182226588017,2133.4128132893,0.000294225787375294
102.388428107839,2691.37876194671,0.000247997524411948
98.7187000739565,4808.32416409046,0.00026255733282172
97.3951429382454,3027.47239312305,0.000205031189861142
99.3766250049252,4091.73334976982,0.000186867518377288
102.162229384425,2110.36012340138,0.000310683007713188
98.5680041069718,1729.64980701361,0.000335255307483193
90.6157453271883,451.773379214486,0.000262877380990116
101.925635211691,1472.92952115256,0.000232617102091806
99.4301850041981,1187.73850380212,0.000242875322132936
102.232117880699,1436.43974969322,0.000268190616135626
97.6131818663607,2957.54478983481,0.000254947282943921
101.161084270061,8282.38201359887,0.000201049075028341
99.472537749464,1172.70862934,0.000340837941096059
99.2766280210963,2441.07443092201,0.000349354984923879
100.007562233026,7010.89521551334,0.037042081027255
99.5235033485767,6086.51698586873,0.030166126159006
100.402662370585,12795.0891482374,0.0322463219226691
99.6859261754643,6260.31013001549,0.0330007143307853
99.0552686194026,6619.31283122638,0.0306932251948043
99.9863891142565,8106.28312287589,0.0305511560601704
99.6663941911975,7366.48558303958,0.0304074844170146
99.5571149757164,7266.31194078005,0.0252732094067475
100.007159677415,8094.63280467741,0.0235304626203892
100.006270433639,8352.76491582655,0.0232275262948835
99.8007028147813,7057.13922430742,0.0221347313812447
100.041852269294,9242.58959995625,0.0303143599442011
99.5865764919149,6216.24262569235,0.0339659682991384
100.115058244711,7954.4604970882,0.0292438266798229
99.9034876811668,6846.81350347858,0.0301983017767249
99.9996048037557,6835.7500021189,0.0287455857485666
100.084953443539,7005.60384588425,0.0325919849953904
99.2195397540098,6598.74701437531,0.0220751898816229
99.6974634249676,7176.94498312165,0.0227364833465327
99.150514843979,6564.5555203447,0.0233866839858037
99.0691748678096,6473.70250427289,0.0339599105024655
99.161843744114,6442.72250851537,0.0299147483953507
100.044766966391,8468.15266534111,0.028726645856045
99.9535223468891,7248.74851789636,0.0249813327055724
99.0559870437292,5916.0651123419,0.0278790576783963
100.174109277126,7776.64907092763,0.0236166136200728
98.8754039786482,8579.88806300606,0.0338876469696645
99.0515359944798,6126.26700658126,0.0293438178459361
99.9220853863752,8123.50204821611,0.0330589632577628
100.220245100525,9959.16825017877,0.028358157882085
100.077410230493,7554.13235896354,0.0211738258383721
99.7389883257916,7607.31380357201,0.0234226852761067
99.9735578179786,7519.67814554622,0.0294092801213284
99.8929753494961,5838.25814205602,0.0298792874120028
100.063657985198,7347.41384641513,0.0300952922932876
99.1341764781641,5631.29404770635,0.0296018136122879
99.165973249199,6177.9006892158,0.0291850138359348
100.005788477274,8030.04599804672,0.0246501754177804
100.022783469872,9772.08965893961,0.0219990752723959
99.7662057236123,6792.86298490006,0.0225664709565052
99.9370323516677,8632.51815513338,0.0318748419043653
99.1742434519067,5767.49427064553,0.0310237812553834
100.037305806018,8243.38025347418,0.0283177458468489
99.245001937573,6555.92691983273,0.0266944031068301
99.6642857872622,6873.019988831,0.0292667011343359
99.1678860979148,7519.07289849145,0.0244656067127407
100.000571882759,9267.63478347968,0.0271598446306433
98.5603392142607,6733.52882851748,0.0243121937521059
100.072795632169,8508.869483641,0.0218658004583145
100.141931616961,5789.30717632066,0.0245841283889811
99.8503220642963,8665.41250287467,0.0339408808107848
100.033533980838,7264.99007887187,0.0367165617305202
99.8040608978068,7976.91190303162,0.0340878021954793
99.8591595820211,8083.92936366923,0.0349327914402809
99.8865871893252,7602.86479745754,0.0327967375581361
99.5344611306684,7588.6029994754,0.0288603262469268
99.9582467691052,7060.24883161504,0.0279724895656851
98.9267501669253,6633.98839830295,0.0355363060640199
99.6289508754121,5575.5746125904,0.0351571057292454
100.08474475578,6551.80887181333,0.0354192919160033
99.2061399641195,6477.32443086414,0.0357573469875244
98.8734804305873,6548.59869477718,0.0320015070283855
99.8220074792076,6457.02790263621,0.0332010666272799
99.1431043759546,6616.39710250556,0.0277675009961348
99.9981317271321,6212.68371537669,0.0262733653565298
98.2638516183679,6670.02276794125,0.0238966457908926
99.5265492978394,7425.13231415814,0.0208596748734055
98.8199877840727,7739.40154904787,0.0191065441570547
99.2847084088405,8455.01481093365,0.0179706230535565
98.8486509719688,7868.1908333111,0.0181799413598389
99.1805916685007,6252.75951571701,0.0370178252585622
100.122403907779,8098.36613266906,0.0279128463919695
99.6462155513632,6620.76167541274,0.0319178543683526
99.9651868633948,7824.64757264476,0.0287415536328232
99.1438452086915,5731.36669558612,0.0255158855847106
100.107585545059,8750.38167196282,0.0247192616536922
100.156100750978,8174.675417453,0.0264936506335538
100.184458326987,7398.72802551299,0.0236588258680391
99.4109936796473,6216.62538377458,0.0221772200136892
100.130714780984,7447.33917506388,0.0232362740893758
99.9566525276064,8251.15766399928,0.0206825562076215
100.186321726366,7334.62304796826,0.0188927011383805
99.7561255709115,7661.96649980595,0.0275552457049731
100.030538198035,7414.9298814167,0.0272973857331687
99.7981317834257,8914.67038098514,0.0364230902661035
100.502072603851,15649.4599141896,0.033655549401093
100.030959558675,7866.62001002272,0.0256853610378417
98.7938458491266,6932.91605513434,0.0262516629460882
99.5943413591953,7541.92520378565,0.0223132201571048
99.6561956136937,7934.64963522398,0.0184809627493954
99.9822015542545,9747.84505707099,0.0319449399198573
99.9109500843655,8004.51033407523,0.0365579541683401
99.4160364721061,7564.10253482398,0.0323644088601794
98.2896363304796,7231.19799486651,0.0297793770385686
99.8745498786036,4759.09914474057,0.0268127561762422
100.011875456866,7429.6997480543,0.0282502802149402
100.139464143261,6966.01010317382,0.0259306431153825
100.023121257846,8573.56755733835,0.0194065605144638
100.008203898927,7343.63245095236,0.0345524968891056
99.8447785699603,7988.80814870142,0.0294432116805079
