sp|K22E_HUMAN|
sp|K22E_HUMAN|
, , , , , , , , , , , ,Heart_HW_2h_H0, , , , , , , , , , , , , , , ,Heart_HW_2h_H1, , , , , , , , , , , , , , , ,Heart_HW_2h_H2, , , , , , , , , , , , , , , ,Heart_HW_2h_H3, , , , , , , , , , , , , , , ,Heart_HW_2h_H6, , , , , , , , , , , , , , , ,Heart_HW_2h_H7, , , , , , , , , , , , , , , ,Heart_HW_2h_H9, , , , , , , , , , , , , , , ,Heart_HW_2h_H13, , , , , , , , , , , , , , , ,Heart_HW_2h_H16, , , , , , , , , , , , , , , ,Heart_HW_2h_H21, , , , , , , , , , , , , , , ,Heart_HW_2h_H24, , , , , , , , , , , , , , , ,Heart_HW_2h_H31, , , , , , , , , , , , , , , , 
Peptide, UniqueToProtein, Exchangeable Hydrogens, Charge, m/z(Sequence), M0, M1, M2, M3, M4, M5, Total Labeling, m/z(Precursor), IonScore, Expectn, Error(ppm), Scan, I0, I1, I2, I3, I4, I5, Start Elution (min), End Elution (min), I0 Peak Width, Total Labeling, Net Labeling,m/z(Precursor), IonScore, Expectn, Error(ppm), Scan, I0, I1, I2, I3, I4, I5, Start Elution (min), End Elution (min), I0 Peak Width, Total Labeling, Net Labeling,m/z(Precursor), IonScore, Expectn, Error(ppm), Scan, I0, I1, I2, I3, I4, I5, Start Elution (min), End Elution (min), I0 Peak Width, Total Labeling, Net Labeling,m/z(Precursor), IonScore, Expectn, Error(ppm), Scan, I0, I1, I2, I3, I4, I5, Start Elution (min), End Elution (min), I0 Peak Width, Total Labeling, Net Labeling,m/z(Precursor), IonScore, Expectn, Error(ppm), Scan, I0, I1, I2, I3, I4, I5, Start Elution (min), End Elution (min), I0 Peak Width, Total Labeling, Net Labeling,m/z(Precursor), IonScore, Expectn, Error(ppm), Scan, I0, I1, I2, I3, I4, I5, Start Elution (min), End Elution (min), I0 Peak Width, Total Labeling, Net Labeling,m/z(Precursor), IonScore, Expectn, Error(ppm), Scan, I0, I1, I2, I3, I4, I5, Start Elution (min), End Elution (min), I0 Peak Width, Total Labeling, Net Labeling,m/z(Precursor), IonScore, Expectn, Error(ppm), Scan, I0, I1, I2, I3, I4, I5, Start Elution (min), End Elution (min), I0 Peak Width, Total Labeling, Net Labeling,m/z(Precursor), IonScore, Expectn, Error(ppm), Scan, I0, I1, I2, I3, I4, I5, Start Elution (min), End Elution (min), I0 Peak Width, Total Labeling, Net Labeling,m/z(Precursor), IonScore, Expectn, Error(ppm), Scan, I0, I1, I2, I3, I4, I5, Start Elution (min), End Elution (min), I0 Peak Width, Total Labeling, Net Labeling,m/z(Precursor), IonScore, Expectn, Error(ppm), Scan, I0, I1, I2, I3, I4, I5, Start Elution (min), End Elution (min), I0 Peak Width, Total Labeling, Net Labeling,m/z(Precursor), IonScore, Expectn, Error(ppm), Scan, I0, I1, I2, I3, I4, I5, Start Elution (min), End Elution (min), I0 Peak Width, Total Labeling, Net Labeling
AQYEEIAQR,Yes, 28, 2,  554.27508,53.413,31.840,11.148,2.875,0.600,0.106,65.691, 554.27893,   37.54000, 2.200000e-03, -7.0, 12146,8.476547e+06,3.669681e+06,1.544633e+06,3.982897e+05,8.310703e+04,0.000000e+00,25.793940, 25.897713,0.000100,0.302125,0.000000, 554.27741,   40.87000, 1.700000e-03, -4.2, 12096,3.515048e+06,2.758055e+06,8.966230e+05,1.982398e+06,1.014237e+06,0.000000e+00,25.725334, 25.779112,0.000100,0.439664,0.378721, 554.27728,   37.44000, 3.000000e-03, -4.0, 12200,7.577460e+05,5.198850e+05,1.250980e+05,1.030026e+06,4.929611e+05,0.000000e+00,25.903688, 25.903688,0.000100,0.406913,0.553641, 554.27655,   37.92000, 1.100000e-02, -2.7, 12197,8.370399e+06,3.677147e+06,1.746718e+06,1.129162e+06,5.479231e+05,0.000000e+00,25.856203, 25.988728,0.000100,0.305220,0.088854, 554.27693,   35.30000, 3.100000e-03, -3.4, 12160,1.505240e+07,7.722400e+06,3.032148e+06,1.965575e+06,9.563098e+05,5.383857e+05,25.791679, 25.992477,0.000100,0.339077,0.092897, 554.27678,   38.28000, 4.200000e-03, -3.1, 12074,1.620419e+08,8.964856e+07,2.913521e+07,9.766251e+06,4.890614e+06,1.333210e+05,25.809765, 26.282604,0.000100,0.356186,0.017924, 554.27692,   41.51000, 1.600000e-03, -3.3, 12144,1.973655e+07,1.132319e+07,3.525693e+06,2.285541e+06,1.111995e+06,0.000000e+00,25.831285, 26.006065,0.000100,0.364562,0.060817, 554.27716,   37.73000, 2.400000e-03, -3.8, 12055,1.938344e+07,1.121825e+07,3.327532e+06,2.157082e+06,1.049495e+06,0.000000e+00,25.758163, 26.475485,0.000100,0.366589,0.056973, 554.27893,    0.00000, 0.000000e+00, -7.0, 12146,1.237864e+07,5.449918e+06,2.154513e+06,9.948082e+06,9.225447e+06,9.370410e+05,25.612677, 26.219275,0.000100,0.305685,0.503304, 554.77441,   26.34000, 2.300000e-02, -901.7, 12124,1.361773e+06,9.934170e+05,7.051200e+05,1.713657e+06,8.921070e+05,0.000000e+00,25.848639, 25.874763,0.000100,0.421799,0.576464, 554.27815,   39.77000, 3.500000e-03, -5.6, 11950,1.021956e+08,5.785642e+07,3.567719e+07,8.310160e+06,4.043180e+06,3.602190e+05,25.770660, 26.005316,0.000100,0.361485,0.107114, 554.27746,    32.72000, 1.300000e-02, -4.3, 11915, 1.362473e+07,6.072188e+06,4.757881e+06,2.054902e+06,9.997809e+05,0.000000e+00,25.807570, 26.571285,0.000100,0.308281,0.159846,
GFSSGSAVVSGGSR,Yes, 30, 2,  627.80730,50.096,32.787,12.572,3.547,0.810,0.157,72.598, 627.81132,   78.21000, 1.300000e-07, -6.4, 12751,1.552793e+07,1.251769e+07,4.546223e+06,2.736100e+05,0.000000e+00,0.000000e+00,25.897713, 26.804117,0.000100,0.446333,0.091839, 627.80977,   73.10000, 4.500000e-07, -3.9, 12730,1.008310e+07,8.123331e+06,3.279910e+06,0.000000e+00,0.000000e+00,0.000000e+00,25.843721, 26.773464,0.000100,0.446179,0.101990, 628.31006,   72.43000, 2.900000e-07, -801.5, 12809,1.512518e+07,1.083198e+07,3.466000e+06,0.000000e+00,0.000000e+00,0.000000e+00,26.084705, 26.957886,0.000100,0.417302,0.011262, 627.80859,   62.97000, 2.600000e-06, -2.1, 12832,1.208349e+07,8.680549e+06,4.831940e+06,4.457940e+05,0.000000e+00,0.000000e+00,26.007107, 26.906570,0.000100,0.418057,0.106179, 627.80775,   72.97000, 3.100000e-07, -0.7, 12795,3.132325e+07,1.840005e+07,7.490155e+06,1.533132e+06,0.000000e+00,0.000000e+00,26.084146, 26.939163,0.000100,0.370049,0.000000, 627.80729,   77.76000, 1.200000e-07,  0.0, 12705,3.629207e+07,2.156497e+07,8.683811e+06,1.625217e+06,0.000000e+00,0.000000e+00,26.054354, 26.908190,0.000100,0.372729,-0.000000, 627.80826,   73.08000, 3.200000e-07, -1.5, 12763,4.879704e+07,3.010444e+07,1.213370e+07,2.073650e+06,0.000000e+00,0.000000e+00,26.080265, 26.893847,0.000100,0.381545,-0.000000,, , , , , , , , , , , , , , , , 627.80885,   77.98000, 1.800000e-07, -2.5, 12605,6.201171e+06,6.198282e+06,3.015694e+06,6.280090e+05,0.000000e+00,0.000000e+00,25.801365, 26.671310,0.000100,0.499884,0.250636, 627.80933,   57.13000, 8.400000e-06, -3.2, 12753,2.494759e+06,4.246353e+06,2.043521e+06,8.567680e+05,1.093320e+05,0.000000e+00,25.994600, 26.071222,0.000100,0.629919,0.493523, 627.80915,   77.99000, 1.200000e-07, -3.0, 12609,1.422969e+07,9.013777e+06,3.398357e+06,0.000000e+00,0.000000e+00,0.000000e+00,26.039211, 26.839872,0.000100,0.387798,0.000000, 627.80846,    72.57000, 3.700000e-07, -1.8, 12566, 2.677752e+06,3.318053e+06,2.056659e+06,3.595690e+05,9.226000e+04,0.000000e+00,25.923382, 26.804676,0.000100,0.553396,0.393030,
LALDVEIATYR,No, 20, 2,  632.35079,47.521,33.816,13.573,3.951,0.922,0.182,77.409, 632.35469,   76.95000, 1.300000e-05, -6.2, 30930,3.456110e+07,2.450774e+07,9.146062e+06,1.113321e+06,2.266960e+05,0.000000e+00,53.179478, 53.847591,0.000100,0.414901,-0.000000, 632.35225,   58.10000, 1.000000e-04, -2.3, 30829,1.962266e+07,1.258931e+07,5.852205e+06,1.667948e+06,2.430150e+05,0.000000e+00,53.212452, 53.697723,0.000100,0.390827,0.014610,, , , , , , , , , , , , , , , , 632.35216,   76.31000, 1.600000e-05, -2.2, 30880,1.866946e+07,1.416731e+07,6.191423e+06,1.078056e+06,0.000000e+00,0.000000e+00,53.396973, 53.871803,0.000100,0.431446,0.041301,, , , , , , , , , , , , , , , ,, , , , , , , , , , , , , , , , 632.35210,   42.45000, 8.900000e-03, -2.1, 30793,4.182298e+07,2.576068e+07,9.047276e+06,1.206896e+06,0.000000e+00,0.000000e+00,53.180420, 54.503853,0.000100,0.381167,0.000000, 632.35251,   63.02000, 3.400000e-04, -2.7, 30780,3.736280e+07,2.263828e+07,1.068941e+07,1.863769e+06,0.000000e+00,0.000000e+00,53.214527, 54.683571,0.000100,0.377298,-0.000000, 632.35402,   43.01000, 1.000000e-03, -5.1, 30624,2.115875e+07,1.610808e+07,5.321123e+06,0.000000e+00,0.000000e+00,0.000000e+00,53.307041, 53.688637,0.000100,0.432237,0.000000, 632.35339,   42.08000, 8.400000e-04, -4.1, 30741,1.136062e+07,3.761894e+06,4.050481e+06,3.534100e+05,0.000000e+00,0.000000e+00,53.104481, 54.647587,0.000100,0.248761,0.062751,, , , , , , , , , , , , , , , ,, , , , , , , , , , , , , , , ,
HGGGGGGFGGGGFGSR,Yes, 32, 3,  440.86581,47.484,33.823,13.589,3.960,0.925,0.182,77.492, 440.86780,   33.35000, 2.400000e-03, -4.5, 10575,8.801273e+06,4.957092e+06,1.978394e+06,0.000000e+00,0.000000e+00,0.000000e+00,23.395765, 23.468285,0.000100,0.360297,-0.000000, 440.86725,   21.30000, 1.000000e-02, -3.3, 10491,3.917553e+06,1.981348e+06,7.720860e+05,0.000000e+00,0.000000e+00,0.000000e+00,23.308334, 23.349581,0.000100,0.335884,0.000000, 440.86707,   44.80000, 1.100000e-03, -2.8, 10603,1.392525e+07,7.365445e+06,3.821291e+06,1.879590e+05,1.038230e+05,0.000000e+00,23.482689, 23.569366,0.000100,0.345947,0.000000, 440.86636,   22.75000, 7.300000e-03, -1.2, 10632,4.481042e+06,1.892200e+06,9.134780e+05,0.000000e+00,0.000000e+00,0.000000e+00,23.448053, 23.502918,0.000100,0.296898,0.000000, 440.86642,   22.64000, 7.500000e-03, -1.4, 10548,2.766822e+07,1.860207e+07,6.561781e+06,1.069767e+06,6.357390e+05,1.644650e+05,22.939257, 23.505547,0.000100,0.402030,0.003844, 440.86660,   24.66000, 6.000000e-03, -1.8, 10516,1.536828e+07,1.052824e+07,4.571940e+06,0.000000e+00,0.000000e+00,0.000000e+00,23.423885, 23.548204,0.000100,0.406550,0.000000, 440.86693,   18.38000, 1.900000e-02, -2.5, 10526,4.629297e+07,3.062888e+07,1.119134e+07,7.953990e+05,0.000000e+00,0.000000e+00,23.367065, 23.515820,0.000100,0.398182,0.000000, 440.86621,   40.66000, 8.300000e-04, -0.9, 10465,1.921012e+07,1.397112e+07,4.264497e+06,1.688860e+05,0.000000e+00,0.000000e+00,23.341330, 23.452343,0.000100,0.421055,-0.000000, 440.86780,    0.00000, 0.000000e+00, -4.5, 10575,6.884199e+06,3.799930e+06,1.532679e+06,0.000000e+00,0.000000e+00,0.000000e+00,23.195757, 23.277889,0.000100,0.355661,0.000000, 440.86813,   17.14000, 2.500000e-02, -5.3, 10540,5.038393e+06,2.778680e+06,1.284902e+06,4.667150e+05,2.621432e+05,1.812502e+05,22.992846, 23.525099,0.000100,0.355463,0.051649, 440.86780,    0.00000, 0.000000e+00, -4.5, 10575,6.241298e+06,4.132463e+06,2.425232e+06,3.984710e+05,0.000000e+00,0.000000e+00,23.309566, 23.408304,0.000100,0.398357,0.053555, 440.86780,     0.00000, 0.000000e+00, -4.5, 10575, 4.727612e+06,2.313060e+06,1.410755e+06,5.617920e+05,3.155458e+05,2.181737e+05,22.888178, 23.400061,0.000100,0.328528,0.100006,
FLEQQNQVLQTK,No, 24, 2,  738.39627,42.452,34.765,15.845,5.205,1.364,0.301,89.033, 738.40101,   56.99000, 8.400000e-06, -6.4, 19209,6.262785e+07,4.914334e+07,2.101516e+07,5.094098e+06,0.000000e+00,0.000000e+00,36.379955, 36.591579,0.000100,0.439678,0.000000, 738.39956,   45.18000, 1.100000e-04, -4.5, 19126,5.401756e+07,4.694179e+07,1.779137e+07,6.029830e+06,0.000000e+00,0.000000e+00,36.293114, 36.502411,0.000100,0.464957,0.000000, 738.39957,   57.10000, 1.400000e-05, -4.5, 19180,6.225427e+07,5.014286e+07,2.093962e+07,6.544883e+06,1.308758e+06,0.000000e+00,36.384960, 36.607807,0.000100,0.446122,0.000000, 738.39784,   67.91000, 1.000000e-06, -2.1, 19157,5.127590e+07,4.273254e+07,1.834675e+07,5.965729e+06,1.928070e+05,0.000000e+00,36.340904, 36.505482,0.000100,0.454561,0.000000, 738.39789,   70.01000, 5.900000e-07, -2.2, 19101,1.183819e+08,9.509309e+07,4.533073e+07,1.239919e+07,2.531752e+06,0.000000e+00,36.316334, 36.574223,0.000100,0.445453,-0.000000, 738.39822,   69.73000, 1.300000e-06, -2.6, 19003,1.674678e+08,1.282388e+08,5.770151e+07,1.803904e+07,3.193751e+06,0.000000e+00,36.333076, 36.553883,0.000100,0.433669,-0.000000, 738.39709,   53.76000, 2.000000e-05, -1.1, 19110,1.011447e+08,7.883146e+07,3.334172e+07,1.133351e+07,8.135770e+05,0.000000e+00,36.356766, 36.601280,0.000100,0.438011,0.000000, 738.39838,   66.18000, 1.800000e-06, -2.9, 18997,8.153503e+07,6.424876e+07,2.968898e+07,9.893979e+06,4.501270e+05,0.000000e+00,36.253880, 36.469543,0.000100,0.440713,0.000000, 738.40173,   47.36000, 9.700000e-05, -7.4, 18957,5.938049e+07,4.747005e+07,2.125625e+07,6.320969e+06,0.000000e+00,0.000000e+00,36.211269, 36.417393,0.000100,0.444266,-0.000000, 738.40064,   60.12000, 7.400000e-06, -5.9, 19082,3.367282e+07,2.687323e+07,1.094944e+07,2.194116e+06,2.684560e+05,0.000000e+00,36.359245, 36.517982,0.000100,0.443848,-0.000000, 738.40035,   65.80000, 2.100000e-06, -5.5, 18874,1.298610e+08,9.770181e+07,4.193496e+07,1.131566e+07,1.840777e+06,0.000000e+00,36.244785, 36.457436,0.000100,0.429340,-0.000000, 738.90045,    76.54000, 4.500000e-06, -683.3, 18909, 8.781914e+07,7.295926e+07,3.183184e+07,9.646493e+06,1.150469e+06,0.000000e+00,36.366276, 36.591866,0.000100,0.453788,-0.000000,
GSGFGGGSGFGGGSGFSGGGFGGGGFGGGR,Yes, 56, 3,  800.34436,25.339,33.176,23.340,11.598,4.539,1.482,140.216, 800.68445,   42.51000, 1.000000e-04, -425.3, 31612,2.813452e+06,3.549283e+06,1.204700e+06,0.000000e+00,0.000000e+00,0.000000e+00,54.669422, 54.725300,0.000100,0.557823,-0.000000, 800.68445,    0.00000, 0.000000e+00, -425.3, 31612,1.294705e+06,8.258700e+05,3.536260e+05,0.000000e+00,0.000000e+00,0.000000e+00,54.607597, 54.607597,0.000100,0.389456,0.000000, 800.68445,    0.00000, 0.000000e+00, -425.3, 31612,2.020842e+06,1.828483e+06,1.328739e+06,0.000000e+00,0.000000e+00,0.000000e+00,54.826157, 54.850658,0.000100,0.475014,-0.000000, 800.34534,   39.11000, 2.100000e-04, -1.2, 31584,7.510310e+05,6.417850e+05,3.197950e+05,0.000000e+00,0.000000e+00,0.000000e+00,54.728920, 54.728920,0.000100,0.460782,0.000000, 800.34125,   45.78000, 5.100000e-05,  3.9, 31506,4.110480e+06,5.299334e+06,3.132030e+06,1.336343e+06,0.000000e+00,0.000000e+00,54.746876, 54.825771,0.000100,0.563171,0.000000, 800.68048,   56.41000, 8.000000e-06, -420.3, 31420,6.893790e+06,9.650988e+06,5.778115e+06,2.683853e+06,0.000000e+00,0.000000e+00,54.833736, 54.933525,0.000100,0.583325,0.000000, 800.68060,   42.56000, 1.800000e-04, -420.5, 31519,1.008665e+07,1.265271e+07,8.445538e+06,6.122872e+06,2.458550e+05,0.000000e+00,54.780636, 54.887707,0.000100,0.556423,0.000000, 800.34595,   42.14000, 1.100000e-04, -2.0, 31423,4.908947e+06,3.784152e+06,2.280134e+06,1.052094e+06,0.000000e+00,0.000000e+00,54.733837, 54.791969,0.000100,0.435305,0.000000, 801.01251,   34.11000, 6.300000e-04, -835.5, 31375,0.000000e+00,0.000000e+00,0.000000e+00,0.000000e+00,0.000000e+00,0.000000e+00,3279.510010, 3279.510010,0.000000,0.000000,0.000000, 800.68170,   26.36000, 4.400000e-03, -421.8, 31442,0.000000e+00,0.000000e+00,0.000000e+00,0.000000e+00,0.000000e+00,0.000000e+00,3283.330078, 3283.330078,0.000000,0.000000,0.000000, 800.68347,   56.04000, 6.700000e-06, -424.1, 31283,4.300220e+05,1.144220e+06,8.050960e+05,0.000000e+00,0.000000e+00,0.000000e+00,54.764618, 54.764618,0.000100,0.726839,0.074898, 800.68445,     0.00000, 0.000000e+00, -425.3, 31612, 0.000000e+00,0.000000e+00,0.000000e+00,0.000000e+00,0.000000e+00,0.000000e+00,3288.297607, 3288.297607,0.000000,0.000000,0.000000,
GSSSGGGYSSGSSSYGSGGR,Yes, 44, 2,  870.85644,39.741,34.299,17.179,6.310,1.873,0.473,97.443, 870.85863,    0.00000, 0.000000e+00, -2.5, 7974,0.000000e+00,0.000000e+00,0.000000e+00,0.000000e+00,0.000000e+00,0.000000e+00,1175.155762, 1175.155762,0.000000,0.000000,0.000000, 870.85863,    0.00000, 0.000000e+00, -2.5, 7974,0.000000e+00,0.000000e+00,0.000000e+00,0.000000e+00,0.000000e+00,0.000000e+00,1169.878784, 1169.878784,0.000000,0.000000,0.000000, 870.85863,    0.00000, 0.000000e+00, -2.5, 7974,0.000000e+00,0.000000e+00,0.000000e+00,0.000000e+00,0.000000e+00,0.000000e+00,1180.261841, 1180.261841,0.000000,0.000000,0.000000, 870.85863,    0.00000, 0.000000e+00, -2.5, 7974,1.927750e+05,8.522700e+04,7.790900e+04,0.000000e+00,0.000000e+00,0.000000e+00,19.540131, 19.540131,0.000100,0.306570,0.000000, 870.85863,   21.94000, 8.800000e-03, -2.5, 7974,9.836380e+05,8.825470e+05,6.084830e+05,0.000000e+00,0.000000e+00,0.000000e+00,19.494959, 19.575657,0.000100,0.472915,0.055023, 870.85826,   26.27000, 3.400000e-03, -2.1, 7974,8.637480e+05,8.116150e+05,3.358330e+05,0.000000e+00,0.000000e+00,0.000000e+00,19.571707, 19.622124,0.000100,0.484441,0.000000, 870.85797,   79.84000, 3.300000e-08, -1.8, 7976,1.591693e+06,1.738527e+06,8.620730e+05,2.993560e+05,0.000000e+00,0.000000e+00,19.534172, 19.610092,0.000100,0.522046,0.127950, 871.35974,   32.33000, 9.300000e-04, -578.3, 7903,0.000000e+00,0.000000e+00,0.000000e+00,0.000000e+00,0.000000e+00,0.000000e+00,1169.459961, 1169.459961,0.000000,0.000000,0.000000, 870.85863,    0.00000, 0.000000e+00, -2.5, 7974,0.000000e+00,0.000000e+00,0.000000e+00,0.000000e+00,0.000000e+00,0.000000e+00,1165.877930, 1165.877930,0.000000,0.000000,0.000000, 870.85863,    0.00000, 0.000000e+00, -2.5, 7974,0.000000e+00,0.000000e+00,0.000000e+00,0.000000e+00,0.000000e+00,0.000000e+00,1182.447021, 1182.447021,0.000000,0.000000,0.000000, 870.85863,    0.00000, 0.000000e+00, -2.5, 7974,2.141680e+05,2.419280e+05,8.060100e+04,0.000000e+00,0.000000e+00,0.000000e+00,19.516098, 19.516098,0.000100,0.530432,0.018666, 870.85863,     0.00000, 0.000000e+00, -2.5, 7974, 0.000000e+00,0.000000e+00,0.000000e+00,0.000000e+00,0.000000e+00,0.000000e+00,1176.092407, 1176.092407,0.000000,0.000000,0.000000,
GGSGGGGSISGGGYGSGGGSGGR,Yes, 48, 2,  871.37789,39.917,34.433,17.081,6.194,1.810,0.449,96.663, 871.37939,    0.00000, 0.000000e+00, -1.7, 8731,0.000000e+00,0.000000e+00,0.000000e+00,0.000000e+00,0.000000e+00,0.000000e+00,1240.941040, 1240.941040,0.000000,0.000000,0.000000, 871.37939,    0.00000, 0.000000e+00, -1.7, 8731,0.000000e+00,0.000000e+00,0.000000e+00,0.000000e+00,0.000000e+00,0.000000e+00,1237.403931, 1237.403931,0.000000,0.000000,0.000000, 871.37939,    0.00000, 0.000000e+00, -1.7, 8731,0.000000e+00,0.000000e+00,0.000000e+00,0.000000e+00,0.000000e+00,0.000000e+00,1250.979004, 1250.979004,0.000000,0.000000,0.000000, 871.37939,    0.00000, 0.000000e+00, -1.7, 8731,5.898400e+04,1.497680e+05,7.511100e+04,0.000000e+00,0.000000e+00,0.000000e+00,19.795418, 19.795418,0.000100,0.717445,0.466742, 871.37939,   31.14000, 1.600000e-03, -1.7, 8731,1.374864e+06,1.476450e+06,5.371950e+05,0.000000e+00,0.000000e+00,0.000000e+00,20.640169, 20.664879,0.000100,0.517814,0.010004, 871.37939,    0.00000, 0.000000e+00, -1.7, 8731,2.746250e+05,2.570020e+05,1.547840e+05,0.000000e+00,0.000000e+00,0.000000e+00,20.680384, 20.680384,0.000100,0.483425,0.045935, 871.37848,   26.52000, 5.200000e-03, -0.7, 8748,1.577572e+06,1.372286e+06,4.714860e+05,0.000000e+00,0.000000e+00,0.000000e+00,20.708248, 20.835737,0.000100,0.465204,-0.000000, 871.37939,    0.00000, 0.000000e+00, -1.7, 8731,0.000000e+00,0.000000e+00,0.000000e+00,0.000000e+00,0.000000e+00,0.000000e+00,1235.535645, 1235.535645,0.000000,0.000000,0.000000, 871.37939,    0.00000, 0.000000e+00, -1.7, 8731,3.566740e+05,4.348220e+05,7.888920e+05,1.043030e+05,0.000000e+00,0.000000e+00,20.523560, 20.598864,0.000100,0.549367,0.560931, 871.37939,    0.00000, 0.000000e+00, -1.7, 8731,0.000000e+00,0.000000e+00,0.000000e+00,0.000000e+00,0.000000e+00,0.000000e+00,1247.470825, 1247.470825,0.000000,0.000000,0.000000, 871.37939,    0.00000, 0.000000e+00, -1.7, 8731,5.263530e+05,6.239520e+05,1.978890e+05,0.000000e+00,0.000000e+00,0.000000e+00,20.674826, 20.674826,0.000100,0.542423,0.041109, 871.37939,     0.00000, 0.000000e+00, -1.7, 8731, 0.000000e+00,0.000000e+00,0.000000e+00,0.000000e+00,0.000000e+00,0.000000e+00,1243.167603, 1243.167603,0.000000,0.000000,0.000000,
KYEDEINKR,No, 17, 3,  398.87528,50.706,32.775,12.255,3.357,0.742,0.139,71.020, 398.87670,    0.00000, 0.000000e+00, -3.6, 5997,1.565300e+04,8.052000e+04,4.994700e+04,1.368364e+04,3.023590e+03,0.000000e+00,16.059458, 16.059458,0.000100,0.837241,0.814227, 398.87670,    0.00000, 0.000000e+00, -3.6, 5997,5.728770e+05,2.445630e+05,9.649300e+04,0.000000e+00,0.000000e+00,0.000000e+00,16.478189, 17.419971,0.000100,0.299182,-0.000000, 398.87670,    0.00000, 0.000000e+00, -3.6, 5997,5.391520e+05,1.539820e+05,1.219290e+05,1.914200e+04,7.201706e+03,2.921400e+03,15.941209, 16.561592,0.000100,0.222153,0.012058, 398.87670,   24.55000, 5.000000e-03, -3.6, 5997,1.403832e+06,1.041709e+06,4.616050e+05,5.303200e+04,2.789100e+04,0.000000e+00,16.041559, 16.585608,0.000100,0.425963,0.089112,, , , , , , , , , , , , , , , , 398.87670,    0.00000, 0.000000e+00, -3.6, 5997,1.795004e+06,1.073978e+06,3.045550e+05,3.231700e+04,1.230181e+04,0.000000e+00,15.893120, 16.517120,0.000100,0.374341,0.000000, 398.87582,   33.54000, 2.000000e-03, -1.4, 5972,2.716866e+06,1.187907e+06,5.885500e+05,5.916200e+04,2.064000e+04,0.000000e+00,16.008730, 16.740835,0.000100,0.304219,0.000000, 398.87670,    0.00000, 0.000000e+00, -3.6, 5997,1.563947e+06,9.040030e+05,2.334570e+05,9.375900e+04,3.386800e+04,0.000000e+00,15.824963, 16.505421,0.000100,0.366297,0.004407, 398.87670,    0.00000, 0.000000e+00, -3.6, 5997,3.805240e+05,1.308290e+05,3.435100e+04,0.000000e+00,0.000000e+00,0.000000e+00,16.448208, 16.448208,0.000100,0.255849,0.000000, 398.87670,    0.00000, 0.000000e+00, -3.6, 5997,0.000000e+00,0.000000e+00,0.000000e+00,0.000000e+00,0.000000e+00,0.000000e+00,994.390747, 994.390747,0.000000,0.000000,0.000000, 398.87670,    0.00000, 0.000000e+00, -3.6, 5997,5.092610e+05,1.941240e+05,7.998800e+04,0.000000e+00,0.000000e+00,0.000000e+00,16.562784, 16.569826,0.000100,0.275985,0.000000, 398.87670,     0.00000, 0.000000e+00, -3.6, 5997, 0.000000e+00,0.000000e+00,0.000000e+00,0.000000e+00,0.000000e+00,0.000000e+00,994.491577, 994.491577,0.000000,0.000000,0.000000,
LNDLEEALQQAK,Yes, 29, 2,  686.35933,46.180,33.818,14.247,4.388,1.089,0.229,80.979, 686.36154,    0.00000, 0.000000e+00, -3.2, 26759,0.000000e+00,0.000000e+00,0.000000e+00,0.000000e+00,0.000000e+00,0.000000e+00,2852.833740, 2852.833740,0.000000,0.000000,0.000000, 686.36154,    0.00000, 0.000000e+00, -3.2, 26759,1.033423e+06,9.029490e+05,8.205200e+05,0.000000e+00,0.000000e+00,0.000000e+00,47.519291, 48.443428,0.000100,0.466310,0.254634, 686.36154,    0.00000, 0.000000e+00, -3.2, 26759,9.296780e+05,1.047440e+06,6.651060e+05,0.000000e+00,0.000000e+00,0.000000e+00,47.693459, 47.693459,0.000100,0.529781,0.284008, 686.36154,   60.86000, 8.100000e-05, -3.2, 26759,2.811256e+06,1.703285e+06,1.632142e+06,0.000000e+00,0.000000e+00,0.000000e+00,47.599995, 48.500145,0.000100,0.377289,0.118134, 686.35759,   31.89000, 3.700000e-03,  2.5, 26620,6.867229e+06,6.091170e+06,2.566291e+06,0.000000e+00,0.000000e+00,0.000000e+00,47.505070, 47.605114,0.000100,0.470056,0.082777, 686.36116,   44.99000, 9.800000e-04, -2.7, 26569,8.671470e+06,6.184660e+06,3.075304e+06,2.978360e+05,0.000000e+00,0.000000e+00,47.628906, 47.728420,0.000100,0.416304,-0.000000, 686.36067,   74.11000, 6.900000e-06, -1.9, 26716,1.449731e+07,1.022588e+07,4.283085e+06,1.405041e+06,2.030440e+05,0.000000e+00,47.656136, 48.571636,0.000100,0.413615,-0.000000, 686.36189,   66.80000, 3.000000e-05, -3.7, 26540,1.218198e+07,8.147588e+06,4.317096e+06,6.246920e+05,3.362713e+05,0.000000e+00,47.490498, 48.509995,0.000100,0.400775,0.015117, 686.36154,    0.00000, 0.000000e+00, -3.2, 26759,9.729110e+05,6.729800e+05,2.069880e+05,0.000000e+00,0.000000e+00,0.000000e+00,47.426159, 47.426159,0.000100,0.408885,0.000000, 686.36154,    0.00000, 0.000000e+00, -3.2, 26759,6.830190e+05,6.920960e+05,4.409070e+05,0.000000e+00,0.000000e+00,4.011650e+05,48.487988, 48.512604,0.000100,0.503300,0.467141, 686.36285,   28.90000, 1.600000e-02, -5.1, 26468,2.947069e+06,2.658298e+06,1.597908e+06,5.074700e+05,2.731708e+05,0.000000e+00,47.584229, 48.528465,0.000100,0.474242,0.211483, 686.36154,     0.00000, 0.000000e+00, -3.2, 26759, 5.954120e+05,4.968000e+05,3.538130e+05,0.000000e+00,0.000000e+00,0.000000e+00,47.682243, 47.682243,0.000100,0.454857,0.160196,
GSGFGGGSGFGGGSGFSGGGFGGGGFGGGR,Yes, 56, 2, 1200.01291,25.339,33.176,23.340,11.598,4.539,1.482,140.216,1200.01721,    0.00000, 0.000000e+00, -3.6, 31604,0.000000e+00,0.000000e+00,0.000000e+00,0.000000e+00,0.000000e+00,0.000000e+00,3285.010254, 3285.010254,0.000000,0.000000,0.000000,1200.01721,    0.00000, 0.000000e+00, -3.6, 31604,0.000000e+00,0.000000e+00,0.000000e+00,0.000000e+00,0.000000e+00,0.000000e+00,3279.435547, 3279.435547,0.000000,0.000000,0.000000,1200.01721,    0.00000, 0.000000e+00, -3.6, 31604,0.000000e+00,0.000000e+00,0.000000e+00,0.000000e+00,0.000000e+00,0.000000e+00,3292.534180, 3292.534180,0.000000,0.000000,0.000000,1200.01721,   20.61000, 1.200000e-02, -3.6, 31604,0.000000e+00,0.000000e+00,0.000000e+00,0.000000e+00,0.000000e+00,0.000000e+00,3286.620117, 3286.620117,0.000000,0.000000,0.000000,1200.01721,    0.00000, 0.000000e+00, -3.6, 31604,0.000000e+00,0.000000e+00,0.000000e+00,0.000000e+00,0.000000e+00,0.000000e+00,3280.243164, 3280.243164,0.000000,0.000000,0.000000,1200.51611,   79.98000, 3.200000e-08, -419.5, 31411,2.261332e+06,3.273487e+06,1.746774e+06,3.578720e+05,0.000000e+00,0.000000e+00,54.808701, 54.884171,0.000100,0.591435,0.000000,1200.51758,   67.80000, 4.400000e-07, -420.7, 31523,5.176013e+06,6.343928e+06,3.939075e+06,3.331750e+05,0.000000e+00,0.000000e+00,54.780636, 54.863178,0.000100,0.550691,-0.000000,1200.01721,    0.00000, 0.000000e+00, -3.6, 31604,0.000000e+00,0.000000e+00,0.000000e+00,0.000000e+00,0.000000e+00,0.000000e+00,3284.030518, 3284.030518,0.000000,0.000000,0.000000,1200.01721,    0.00000, 0.000000e+00, -3.6, 31604,0.000000e+00,0.000000e+00,0.000000e+00,0.000000e+00,0.000000e+00,0.000000e+00,3276.372070, 3276.372070,0.000000,0.000000,0.000000,1200.01721,    0.00000, 0.000000e+00, -3.6, 31604,0.000000e+00,0.000000e+00,0.000000e+00,0.000000e+00,0.000000e+00,0.000000e+00,3280.378174, 3280.378174,0.000000,0.000000,0.000000,1200.01721,    0.00000, 0.000000e+00, -3.6, 31604,2.148600e+05,6.369570e+05,2.465510e+05,0.000000e+00,0.000000e+00,0.000000e+00,54.711739, 54.711739,0.000100,0.747763,-0.000000,1200.01721,     0.00000, 0.000000e+00, -3.6, 31604, 0.000000e+00,0.000000e+00,0.000000e+00,0.000000e+00,0.000000e+00,0.000000e+00,3289.809570, 3289.809570,0.000000,0.000000,0.000000,
TAAENDFVTLK,Yes, 18, 2,  604.81151,49.820,32.986,12.648,3.555,0.806,0.155,72.947, 604.81189,    0.00000, 0.000000e+00, -0.6, 20529,0.000000e+00,0.000000e+00,0.000000e+00,0.000000e+00,0.000000e+00,0.000000e+00,2322.511230, 2322.511230,0.000000,0.000000,0.000000, 604.81189,    0.00000, 0.000000e+00, -0.6, 20529,2.325656e+06,1.044267e+06,4.102740e+05,0.000000e+00,0.000000e+00,0.000000e+00,38.548412, 38.548412,0.000100,0.309879,0.000000, 604.81189,    0.00000, 0.000000e+00, -0.6, 20529,0.000000e+00,0.000000e+00,0.000000e+00,0.000000e+00,0.000000e+00,0.000000e+00,2321.020264, 2321.020264,0.000000,0.000000,0.000000, 604.81189,    0.00000, 0.000000e+00, -0.6, 20529,0.000000e+00,0.000000e+00,0.000000e+00,0.000000e+00,0.000000e+00,0.000000e+00,2319.626953, 2319.626953,0.000000,0.000000,0.000000, 604.81189,    0.00000, 0.000000e+00, -0.6, 20529,1.228909e+07,6.763458e+06,3.360754e+06,0.000000e+00,0.000000e+00,0.000000e+00,38.605564, 38.660591,0.000100,0.354990,-0.000000, 604.81189,   44.28000, 1.400000e-04, -0.6, 20529,1.803826e+07,9.064372e+06,4.281094e+06,0.000000e+00,0.000000e+00,0.000000e+00,38.594830, 38.692207,0.000100,0.334446,-0.000000, 604.81337,   70.74000, 1.500000e-06, -3.1, 20657,1.773814e+07,9.357457e+06,4.575389e+06,0.000000e+00,0.000000e+00,0.000000e+00,38.621738, 38.701534,0.000100,0.345350,0.000000, 604.81189,    0.00000, 0.000000e+00, -0.6, 20529,1.342618e+07,7.558990e+06,2.381247e+06,0.000000e+00,0.000000e+00,0.000000e+00,38.523525, 38.597191,0.000100,0.360206,-0.000000, 604.81189,    0.00000, 0.000000e+00, -0.6, 20529,1.301708e+06,7.076348e+06,8.397558e+06,4.959674e+06,2.303999e+06,0.000000e+00,38.819759, 38.948444,0.000100,0.844629,0.893428, 604.81189,    0.00000, 0.000000e+00, -0.6, 20529,4.859520e+05,2.066824e+06,3.042294e+06,1.038551e+06,0.000000e+00,0.000000e+00,39.100452, 39.100452,0.000100,0.809638,0.872034, 604.81189,    0.00000, 0.000000e+00, -0.6, 20529,0.000000e+00,0.000000e+00,0.000000e+00,0.000000e+00,0.000000e+00,0.000000e+00,2311.751465, 2311.751465,0.000000,0.000000,0.000000, 604.81189,     0.00000, 0.000000e+00, -0.6, 20529, 7.367880e+05,1.084303e+06,3.619650e+05,0.000000e+00,0.000000e+00,0.000000e+00,38.749676, 38.749676,0.000100,0.595414,0.361185,
HGGGGGGFGGGGFGSR,Yes, 32, 2,  660.79508,47.484,33.823,13.589,3.960,0.925,0.182,77.492, 660.79596,    0.00000, 0.000000e+00, -1.3, 10551,0.000000e+00,0.000000e+00,0.000000e+00,0.000000e+00,0.000000e+00,0.000000e+00,1407.677368, 1407.677368,0.000000,0.000000,0.000000, 660.79596,    0.00000, 0.000000e+00, -1.3, 10551,0.000000e+00,0.000000e+00,0.000000e+00,0.000000e+00,0.000000e+00,0.000000e+00,1402.215088, 1402.215088,0.000000,0.000000,0.000000, 660.79596,    0.00000, 0.000000e+00, -1.3, 10551,6.258260e+05,2.083300e+05,2.473310e+05,0.000000e+00,0.000000e+00,0.000000e+00,23.512836, 23.512836,0.000100,0.249749,0.071991, 660.79596,    0.00000, 0.000000e+00, -1.3, 10551,0.000000e+00,0.000000e+00,0.000000e+00,0.000000e+00,0.000000e+00,0.000000e+00,1411.266602, 1411.266602,0.000000,0.000000,0.000000, 660.79596,    0.00000, 0.000000e+00, -1.3, 10551,0.000000e+00,0.000000e+00,0.000000e+00,0.000000e+00,0.000000e+00,0.000000e+00,1407.687012, 1407.687012,0.000000,0.000000,0.000000, 660.79596,   26.49000, 1.100000e-02, -1.3, 10551,1.069210e+05,1.769420e+05,9.187700e+04,1.652600e+05,9.282263e+04,6.417929e+04,23.051846, 23.051846,0.000100,0.623336,0.694796, 660.79633,   43.85000, 9.400000e-05, -1.9, 10548,2.194500e+06,1.608613e+06,9.202050e+05,0.000000e+00,0.000000e+00,0.000000e+00,23.429583, 23.490305,0.000100,0.422973,0.060911, 660.79596,    0.00000, 0.000000e+00, -1.3, 10551,0.000000e+00,0.000000e+00,0.000000e+00,0.000000e+00,0.000000e+00,0.000000e+00,1406.256592, 1406.256592,0.000000,0.000000,0.000000, 660.79596,    0.00000, 0.000000e+00, -1.3, 10551,0.000000e+00,0.000000e+00,0.000000e+00,0.000000e+00,0.000000e+00,0.000000e+00,1398.286743, 1398.286743,0.000000,0.000000,0.000000, 660.79596,    0.00000, 0.000000e+00, -1.3, 10551,0.000000e+00,0.000000e+00,0.000000e+00,0.000000e+00,0.000000e+00,0.000000e+00,1415.387451, 1415.387451,0.000000,0.000000,0.000000, 660.79596,    0.00000, 0.000000e+00, -1.3, 10551,0.000000e+00,0.000000e+00,0.000000e+00,0.000000e+00,0.000000e+00,0.000000e+00,1405.801880, 1405.801880,0.000000,0.000000,0.000000, 660.79596,     0.00000, 0.000000e+00, -1.3, 10551, 0.000000e+00,0.000000e+00,0.000000e+00,0.000000e+00,0.000000e+00,0.000000e+00,1405.957153, 1405.957153,0.000000,0.000000,0.000000,
NVQDAIADAEQR,Yes, 34, 2,  665.32329,48.543,33.111,13.267,3.914,0.935,0.190,76.080, 665.82696,    0.00000, 0.000000e+00, -757.6, 19813,7.808098e+06,1.934860e+06,1.314730e+06,0.000000e+00,0.000000e+00,0.000000e+00,37.972736, 38.252460,0.000100,0.198591,-0.000000, 665.82696,    0.00000, 0.000000e+00, -757.6, 19813,5.718011e+06,2.395850e+06,6.135710e+05,0.000000e+00,0.000000e+00,0.000000e+00,37.730312, 38.103680,0.000100,0.295279,0.000000, 665.82696,    0.00000, 0.000000e+00, -757.6, 19813,1.322689e+07,3.910396e+06,1.641204e+06,0.000000e+00,0.000000e+00,0.000000e+00,37.946262, 38.338982,0.000100,0.228181,0.000000, 665.82696,    0.00000, 0.000000e+00, -757.6, 19813,5.848142e+06,2.385142e+06,1.061560e+06,2.471810e+05,0.000000e+00,0.000000e+00,38.122395, 38.322468,0.000100,0.289695,0.000000, 665.82696,    0.00000, 0.000000e+00, -757.6, 19813,2.447401e+07,7.455050e+06,2.242957e+06,0.000000e+00,0.000000e+00,0.000000e+00,37.918114, 38.348785,0.000100,0.233488,-0.000000, 665.82696,   36.50000, 5.600000e-03, -757.6, 19813,0.000000e+00,0.000000e+00,0.000000e+00,0.000000e+00,0.000000e+00,0.000000e+00,2253.899902, 2253.899902,0.000000,0.000000,0.000000, 665.82538,   46.58000, 4.500000e-03, -755.2, 19886,2.243555e+07,6.191860e+06,3.748065e+06,2.496740e+05,1.453359e+05,1.065625e+05,37.926537, 38.522953,0.000100,0.216291,0.002028, 665.32416,   50.55000, 1.500000e-04, -1.3, 19747,1.070806e+07,3.532616e+06,3.818142e+06,9.306070e+05,5.417090e+05,3.971893e+05,37.130371, 38.170067,0.000100,0.248065,0.129116, 665.82696,    0.00000, 0.000000e+00, -757.6, 19813,6.842957e+06,1.549643e+06,1.442186e+06,0.000000e+00,0.000000e+00,0.000000e+00,38.185608, 38.306644,0.000100,0.184644,0.000000, 665.82696,    0.00000, 0.000000e+00, -757.6, 19813,3.229866e+07,1.095278e+07,6.096117e+06,0.000000e+00,0.000000e+00,0.000000e+00,37.639748, 38.291328,0.000100,0.253235,0.000000, 665.82696,    0.00000, 0.000000e+00, -757.6, 19813,6.807445e+06,2.651328e+06,1.743585e+06,0.000000e+00,0.000000e+00,0.000000e+00,37.805988, 38.231792,0.000100,0.280304,0.000000, 665.82696,     0.00000, 0.000000e+00, -757.6, 19813, 1.030791e+07,2.477209e+06,2.404162e+06,0.000000e+00,0.000000e+00,0.000000e+00,37.897255, 38.330006,0.000100,0.193757,0.000000,
