Protein,Peptide,Charge,T_NEH,Asym_NEH,MPE_NEH,APE_NEH,Asym_RMSE,MPE_RMSE,APE_RMSE,sd_neh,sd_rmse,il_neh,il_rmse,i0_0,i1_0,i2_0,i0_31,i1_31,i2_31,two_param_k
A1AT2_MOUSE,LVQIHIPR,2,16,9.47510389174675,6.98368467368002,9.19999599456787,0.0062394234049848,0.020932483844486,0.00584895451317532,10,0.00908646423006,10,0.00937921242649148,0.555,0.31727,0.1002,0.344158233526041,0.378513058540381,0.194413903713865,0.14267
A1AT2_MOUSE,ELISkILLNR,2,16,11.3335467494574,13.1447209766191,12.1999931335449,0.0115046089449932,0.0115118884451784,0.00977547103645588,12,0.0129308138261866,12,0.00979795719224872,0.49268,0.33568,0.12745,0.267484976459098,0.350398495049118,0.232849073950921,0.12879
A1AT4_MOUSE,LSISGNYNLK,2,14,9.71013960104293,11.3066900620787,9.59999561309814,0.00283103565856381,0.0129256415796777,0.00272690162212851,9,0.00582966755830227,9,0.00432722217065759,0.52496,0.32313,0.11463,0.321921356190089,0.35431185755452,0.208668242843436,0.25926
A1AT4_MOUSE,ELISQFLLNR,2,18,13.8926398651864,15.5968740033471,13.799991607666,0.00271786191990748,0.0110516982294242,0.00270947785017514,13,0.0061532281042805,13,0.00492040853880273,0.48113,0.33832,0.13265,0.239657507007799,0.335194512270222,0.246993153303908,0.39763
A1AT5_MOUSE,LAQIHIPR,2,19,11.0010757572722,10.3071796436401,10.5999946594238,0.00492657680180303,0.00426670469903222,0.00360754515606421,10,0.00597832299397443,11,0.00363573048597129,0.56785,0.31155,0.09526,0.331180033708188,0.364558849879281,0.199840904885054,0.17961
A2AP_MOUSE,LPLPALFK,2,11,7.56669466877398,8.56509979396883,7.19999742507935,0.00503615385631302,0.013517980639009,0.00278320483769557,7,0.0109226103310196,7,0.00360525264656718,0.56061,0.31598,0.09751,0.390861178496431,0.360707473275143,0.174687028735959,0.30897
AFAM_MOUSE,RHPDLSTPELLR,3,25,16.1550107850025,21.0088726648509,19.4000015258789,0.0216194566703451,0.0136403900372044,0.0118733063917968,19,0.0140400283486387,19,0.012023484188756,0.43795,0.34669,0.15214,0.167151732417867,0.296323704960479,0.272616789323902,0.14286
ALBU_MOUSE,LATDLTK,2,8,8.20273476680568,8.84584350231536,7.99999666213989,0.00241660778555752,0.00807584996379268,0.00209329278936315,8,0.0114215923111415,8,0.00226042092466694,0.64723,0.2674,0.06943,0.428473496969626,0.356115582267086,0.156939333281123,0.19264
ALBU_MOUSE,YEATLEK,2,13,12.4835161026895,8.50378003139461,12.1999931335449,0.0088579065580506,0.0334130574334751,0.00843042352848304,14,0.0111159552191295,14,0.0144856198295911,0.60925,0.28629,0.08288,0.320999821944329,0.379779882089833,0.196462099547755,0.21481
ALBU_MOUSE,QTALAELVK,2,18,16.0652517298362,15.1854166062004,15.5999898910522,0.00274348876248986,0.00379514565155858,0.00150011245115321,16,0.00486866387371615,16,0.00154976455828377,0.56843,0.30672,0.09713,0.25454648282177,0.348828900562653,0.236551778964075,0.18192
ALBU_MOUSE,KYEATLEK,2,14,12.2233487796632,11.4879219668207,12.5999927520752,0.0035492686292043,0.00882244171052428,0.00220768521609078,13,0.0038348823269516,13,0.00397640642437798,0.5633,0.30797,0.09954,0.293883487714761,0.361965241168282,0.217551464244442,0.32039
ALBU_MOUSE,TPVSEHVTK,2,14,10.1652127008817,10.2480981612972,10.1999950408936,0.00176345469450622,0.00191075467863534,0.0017332146582168,10,0.0020746432507117,10,0.00194462929284893,0.56544,0.30696,0.09876,0.336361915385058,0.360153787530869,0.198370383898784,0.09871
ALBU_MOUSE,SLHTLFGDK,2,11,9.50362314880859,10.6742613712137,9.59999561309814,0.0053637751625328,0.00965391402273693,0.00509285601098256,9,0.00736350138604326,9,0.00683999356303406,0.54816,0.3158,0.10473,0.334929709299739,0.353209197726373,0.197112250656878,0.19059
ALBU_MOUSE,AFKAWAVAR,2,20,16.0020385783147,16.2745985370274,14.7999906539917,0.0102952377074007,0.0116513413897925,0.00740472090125414,15,0.0074529169954307,15,0.00812443523106509,0.53114,0.3271,0.10969,0.246622962322333,0.352088438401218,0.254880380426916,0.12945
ALBU_MOUSE,TNcDLYEK,2,11,10.2985763604564,12.0559165435758,9.99999523162842,0.00428836270698078,0.0164745226380141,0.00337548499499791,10,0.00827583816040124,10,0.00434657160026872,0.55293,0.28759,0.11547,0.334926577790382,0.342776130677725,0.206549618837361,0.14884
ALBU_MOUSE,ccSGSLVER,2,19,15.0036793371917,12.3841193746377,13.799991607666,0.00931402878122078,0.0105325647558243,0.00441826452970347,15,0.00480761584926069,15,0.00695926415134364,0.55419,0.26523,0.12663,0.271720309878866,0.338071668753343,0.223941244365107,0.06269
ALBU_MOUSE,NEcFLQHK,2,15,12.3327052967047,14.5460615470552,12.1999931335449,0.00394570692957858,0.0161438234008353,0.00388912243347469,12,0.00972684834270702,12,0.00534556530480805,0.53245,0.30035,0.12056,0.287007637478154,0.338767243681803,0.227773203422138,0.13143
ALBU_MOUSE,KQTALAELVK,2,18,16.2841557652839,15.9618286582232,16.3999900817871,0.00137645471701995,0.00325847938322558,0.00127920482893531,17,0.00292980668270459,17,0.00193910279600182,0.52555,0.32396,0.11399,0.226119999598322,0.33796135233199,0.249644938211447,0.18195
ALBU_MOUSE,LVQEVTDFAK,2,16,15.0330135536328,14.510983393958,14.9999904632568,0.000871659220061521,0.00309122223667756,0.00112076418011504,15,0.00112079462086414,15,0.00120924657841944,0.50812,0.32841,0.12175,0.236336719352206,0.340216292158732,0.244449981922221,0.18514
ALBU_MOUSE,YNDLGEQHFK,3,18,15.8046941549899,17.7010630326364,15.7999897003174,0.00250422092975017,0.011469059404928,0.00288809380363588,15,0.00547433578962801,15,0.00376578156195071,0.47989,0.33676,0.13375,0.216391126112392,0.326164516246577,0.259253928747718,0.17118
ALBU_MOUSE,YNDLGEQHFK,2,18,15.7064557498023,14.0611603803888,15.3999900817871,0.00279424963427137,0.00886199077378558,0.00268298106243211,16,0.00471300702358042,16,0.00535736373955503,0.47989,0.33676,0.13375,0.216038174831694,0.335535489051911,0.252505243691146,0.16767
ALBU_MOUSE,HPDYSVSLLLR,3,18,13.7439041166808,14.3619485596261,13.9999914169312,0.0119546038900102,0.0119226305141923,0.0114407757409473,12,0.0171041287612432,12,0.0155371818855069,0.46244,0.34266,0.14096,0.231496564189419,0.322569495494341,0.236017312904462,0.13997
ALBU_MOUSE,HPDYSVSLLLR,2,18,13.2990705972439,11.7844359466375,13.5999917984009,0.00442045064124126,0.01293628546166,0.00343032596446706,14,0.00541766199536146,14,0.00387820073626824,0.46244,0.34266,0.14096,0.229008812325416,0.337033930281828,0.241244996819143,0.13675
ALBU_MOUSE,LQTccDKPLLK,3,14,13.3428920182781,13.3710833101923,13.1999921798706,0.00134626067385926,0.00139529976256334,0.00254258105450502,13,0.00282655193820613,13,0.00176004541547046,0.44584,0.30909,0.15924,0.227091430400146,0.318163771690605,0.244817546335769,0.12307
ALBU_MOUSE,LQTccDKPLLK,2,14,13.2987036667563,10.1035737374234,12.9999923706055,0.00557061817160276,0.0195904085184412,0.00601072575400897,15,0.00872433931706996,15,0.0113330156623933,0.44584,0.30909,0.15924,0.224529886077257,0.329060070515865,0.241943940094992,0.13179
ALBU_MOUSE,APQVSTPTLVEAAR,3,33,24.9290668845124,31.8976617616446,25.600025177002,0.00649330226167873,0.0272464100923589,0.0065407558315427,22,0.0180621318425033,22,0.0179275443442312,0.43894,0.34472,0.15208,0.127212349725256,0.247619596957623,0.280187501244735,0.14468
ALBU_MOUSE,APQVSTPTLVEAAR,2,33,24.3233419109042,28.6145444068739,25.0000228881836,0.00549558669641827,0.0159107728111131,0.00480040987482085,23,0.014967957277244,23,0.0115862478662086,0.43894,0.34472,0.15208,0.128295790390527,0.254546937244857,0.276988616403839,0.14961
ALBU_MOUSE,RHPDYSVSLLLR,3,22,14.9065264344298,15.6278126852708,14.5999908447266,0.00335050099609444,0.00638036041393668,0.00270856119248596,14,0.00978268607082998,14,0.00586472017051879,0.42443,0.35022,0.15803,0.204897257271644,0.317220144153591,0.255564171222602,0.10743
ALBU_MOUSE,RHPDYSVSLLLR,2,22,14.7528842186176,15.1666851900737,14.5999908447266,0.00294698098833034,0.00379402701730882,0.00269985790942357,14,0.00482944309637802,14,0.0049304457996198,0.42443,0.35022,0.15803,0.20308723140008,0.317551968258085,0.255312915768712,0.10693
ALBU_MOUSE,ENYGELADccTK,2,22,21.2786278659822,21.8118586803114,21.8000106811523,0.00430832447958491,0.0023107805100809,0.00485359148205347,22,0.0048855759994311,22,0.00190229919910862,0.44035,0.30546,0.16269,0.145364736514593,0.269824935263808,0.263481372467205,0.16721
ALBU_MOUSE,LGEYGFQNAILVR,2,24,19.6519116329821,23.7061098851846,20.4000053405762,0.00590102867913614,0.0152173212646439,0.00381986705471579,19,0.0132161991396787,19,0.0101115804128096,0.41253,0.35138,0.16356,0.150498868257991,0.276081886369334,0.274060647104916,0.16869
ALBU_MOUSE,DTcFSTEGPNLVTR,2,22,17.1304172675923,17.6422158609712,17.7999954223633,0.00431069091392231,0.00198384571309049,0.00359938904591672,18,0.003785189686149,18,0.00224696895701589,0.40536,0.33081,0.1707,0.163425098981971,0.290105456885504,0.265373034396945,0.1416
ALBU_MOUSE,LPcVEDYLSAILNR,2,25,18.7653397593315,21.6750135462169,20.6000061035156,0.0102602048072384,0.0046617977145134,0.00456212717139021,19,0.00898908453634798,20,0.00683323788064626,0.37594,0.3368,0.18232,0.135682019078609,0.260624417254165,0.266055993809296,0.11745
ALBU_MOUSE,LPcVEDYLSAILNR,3,25,18.3471404936478,20.7920651808218,20.4000053405762,0.0109130666346838,0.00293339895374567,0.00404920490175925,19,0.00764401888012722,19,0.00609027037871907,0.37594,0.3368,0.18232,0.137259530500823,0.262881681864777,0.264788481997173,0.11472
ALBU_MOUSE,LSQTFPNADFAEITK,2,28,21.9935756782567,18.4836399772835,22.4000129699707,0.00573579526793085,0.0201932671627361,0.00593361832968714,23,0.0064492643242978,23,0.00536568722362964,0.37144,0.35108,0.18273,0.119579669128803,0.25847346043201,0.263223272731214,0.16517
ALBU_MOUSE,EccHGDLLEcADDR,3,32,28.2730816560332,30.9595976306424,30.8000450134277,0.0124183272557788,0.00291294911363925,0.0109843406827259,30,0.0114009949258118,31,0.00410629241134807,0.38107,0.30097,0.18691,0.0828871807938039,0.198433814379111,0.2505090019367,0.13273
ALBU_MOUSE,EccHGDLLEcADDR,2,32,28.3025519816517,30.5989676931956,31.0000457763672,0.0125959701178821,0.00408906949718108,0.0112561769969831,32,0.0112561571719776,32,0.00158726408397976,0.38107,0.30097,0.18691,0.0806802912961554,0.198809697414225,0.251488587106002,0.12649
ALBU_MOUSE,RPcFSALTVDETYVPK,2,26,18.3085230012137,22.4517788149575,20.4000053405762,0.0111382288858928,0.00769050039576919,0.00521642433450412,19,0.0122153905264325,19,0.0079436720951825,0.32725,0.33683,0.20249,0.120318723420947,0.24407680429079,0.26607995412585,0.12003
ALBU_MOUSE,RPcFSALTVDETYVPK,3,26,20.8121001574224,18.1263607149537,19.6000022888184,0.00498978207339443,0.00880453174455746,0.00511339681956599,20,0.00594892931729953,20,0.00332168731697587,0.32725,0.33683,0.20249,0.121488351199951,0.252886468506231,0.264409851288876,0.12908
ALBU_MOUSE,YTQKAPQVSTPTLVEAAR,3,38,31.1792417254906,18.3755481785412,28.8000373840332,0.0110978998115668,0.0462193890499764,0.0122047469466991,32,0.0170740912196304,32,0.013799235532625,0.32147,0.34858,0.20527,0.0752283497070781,0.208826993225172,0.243567840883207,0.12914
ALBU_MOUSE,AADKDTcFSTEGPNLVTR,2,32,25.3763097988803,28.2892130935429,26.4000282287598,0.00673649658531624,0.00515069626832824,0.00919710315161555,27,0.00938337736402784,27,0.00210891079740461,0.32701,0.33352,0.20252,0.0863147972203479,0.20885268352034,0.263445283572543,0.16269
ALBU_MOUSE,AADKDTcFSTEGPNLVTR,3,32,25.8259632229894,26.5270409833806,26.2000274658203,0.00372923290658047,0.00109523833615183,0.00860007420466346,27,0.00864624258236531,27,0.00121143359851452,0.32701,0.33352,0.20252,0.0869604553689857,0.212021085740952,0.262488296737273,0.15311
ALBU_MOUSE,EccHGDLLEcADDRAELAK,3,45,39.474633708806,37.0302897046084,40.200080871582,0.0114223163032802,0.0186537970734425,0.0277198512588188,46,0.0324557596858633,46,0.00967241326292116,0.28235,0.30415,0.21787,0.0365222108255796,0.12833285125546,0.208421363204471,0.1342
ALBU_MOUSE,EccHGDLLEcADDRAELAK,4,45,36.5175030465179,56.9175452436853,39.2000770568848,0.0201980907750324,0.041880702300293,0.0288035702152565,32,0.0392248237015319,32,0.0343143116955736,0.28235,0.30415,0.21787,0.0445244657833051,0.121847025925335,0.22167641640443,0.13041
ALS_MOUSE,NLITAVAPR,2,18,12.2390455440209,7.52586069754899,11.7999935150146,0.0166335706398245,0.0422695982101646,0.0164826885572232,15,0.0237832650296891,15,0.0275969887990166,0.5735,0.30664,0.09421,0.303199436088796,0.396016606002881,0.216591193808761,0.12442
CBPB2_MOUSE,AVADFLR,2,14,9.84952396379552,5.79183309031627,9.19999599456787,0.0275455884629087,0.0452102836732908,0.0267751821804227,11,0.0280060143120259,11,0.031424064726458,0.62454,0.28293,0.07516,0.39149124273217,0.401023794994821,0.198615517827695,0.3921
CERU_MOUSE,IYTFHAHGVTYTK,3,15,13.1687172711246,20.696589222271,12.7999925613403,0.0107473938122963,0.0426549076205864,0.0106095432825366,11,0.0197900702280877,11,0.017257446650338,0.3903,0.35419,0.17375,0.213308796342322,0.311592241964987,0.255922274564297,0.1159
CO3_MOUSE,IFTVDNNLLPVGK,2,14,12.9279218921951,14.3322452526281,15.199990272522,0.0141387231087728,0.0071377600301394,0.00490259993313085,14,0.00806599238993741,14,0.00713352264021101,0.42479,0.34932,0.15801,0.199866970808726,0.314688294831513,0.250710354288299,0.4099
CO5_MOUSE,IPLDLVPK,2,10,6.54892851619234,15.0643267354855,6.19999837875366,0.0131859102198544,0.0728267840264256,0.0129684342841231,5,0.0184427020682082,5,0.0168018134520638,0.5769,0.30622,0.0924,0.424608114799731,0.342023778979238,0.183577171556811,0.22119
CPN2_MOUSE,LTLDFDR,2,8,8.45917106822365,1.65346727318302,8.39999675750732,0.025017168102762,0.0843136382758805,0.0250902374179871,11,0.034623391298932,11,0.0348254671815854,0.59934,0.29272,0.0856,0.384495038105025,0.410795437407668,0.181623600317146,0.44081
CPN2_MOUSE,LQLLNLSR,2,14,9.72954392833639,12.2359903897064,10.1999950408936,0.0109583051299994,0.0187606669246346,0.0100065700695371,10,0.0102475986828208,10,0.00989278811829563,0.57332,0.30672,0.09428,0.342754587838939,0.368013216125938,0.215657064275123,0.28272
EGFR_MOUSE,NYDLSFLK,2,8,7.65037770713729,1,7.19999742507935,0.024154361695486,0.0736349773162943,0.0239058547032122,9,0.0290463985103564,9,0.0301762658685034,0.54625,0.31663,0.10545,0.375323021380237,0.399524448265917,0.198067329444703,0.18411
EGFR_MOUSE,IPLENLQIIR,2,20,13.2159376289751,8.41241179278749,12.7999925613403,0.0121741019788218,0.0347276095308353,0.0120801946653709,14,0.0144679382656628,14,0.0155995013996596,0.48737,0.33737,0.12969,0.249298829233555,0.360486191735618,0.228219560324915,0.23911
EGFR_MOUSE,NLQEILIGAVR,2,23,17.4256294890952,20.5756911874009,18.1999969482422,0.00852626209124545,0.0147523973739035,0.00742987257423469,19,0.00752096623791639,19,0.00717342555137683,0.48994,0.33557,0.12892,0.192016798462859,0.319170270099071,0.275967582578002,0.31847
EST1C_MOUSE,YRPSFVSDK,2,14,8.59310834300972,7.13773318977374,8.19999694824219,0.00720873852515788,0.0104218961998372,0.00616446498832888,9,0.00617492716110864,9,0.0074768541420167,0.52087,0.32577,0.11586,0.344123792022839,0.371400898629629,0.198624388336085,0.15078
EST1C_MOUSE,SFNTVPYIVGFNK,2,14,9.31057719514983,7.02930561373885,8.7999963760376,0.00532231689189725,0.0140914237307936,0.00500372499097607,10,0.00504429612311827,10,0.00771136848591886,0.40203,0.35287,0.16835,0.252294088508614,0.35166558993249,0.242023404820575,0.27213
FETUB_MOUSE,LVVLPFPGK,2,10,6.79540916009825,7.93135645017606,6.3999981880188,0.00455127761624569,0.0143004585892056,0.00236852611808672,6,0.00421516076025244,6,0.00278717779394995,0.53849,0.32422,0.10671,0.390192581805454,0.362119605772231,0.177778833414922,0.23782
FINC_MOUSE,APITGYIIR,2,15,9.75210722422087,5.20199225496611,9.39999580383301,0.0121134260584008,0.0409778196225651,0.0117952618078003,11,0.0180457259234638,11,0.0188065795357729,0.54417,0.31969,0.10535,0.331589871150595,0.388829426774492,0.201671165033659,0.3423
FINC_MOUSE,TFYScTTEGR,2,15,12.3027152225941,8.05156294289229,11.7999935150146,0.0110938605071949,0.0300151782902778,0.0106930885608334,14,0.0138738289327015,14,0.0170887814212418,0.49718,0.30971,0.13477,0.26571795857804,0.357244685330659,0.226899828946639,0.32058
HEMO_MOUSE,GPDSVFLIK,2,12,8.47954879104007,9.1370466897022,8.39999675750732,0.00134476421489209,0.00580469372716288,0.00154695509892803,8,0.00441642823853768,8,0.00145434775206462,0.55334,0.31468,0.10226,0.359413192521799,0.363176135311518,0.190465661809382,0.3203
HEMO_MOUSE,DYFVScPGR,2,15,10.4578319038441,12.3317695744886,10.799994468689,0.00606160068205653,0.0119590628762258,0.00556447293784168,11,0.00837530950232643,11,0.00529947586344111,0.52147,0.30404,0.12473,0.301363223275099,0.348338072419395,0.224603352258165,0.18739
HEMO_MOUSE,NPITSVDAAFR,2,22,14.1551596540272,17.1781691165008,15.199990272522,0.0103506085614665,0.0142312948542511,0.00770658700969242,13,0.0160004944723107,13,0.0138343639033306,0.50264,0.33033,0.12399,0.239138022092275,0.325745707670683,0.24067092707186,0.33256
HEMO_MOUSE,FNPVTGEVPPR,2,20,11.4445186041695,13.7445700509337,11.5999937057495,0.00440139331702693,0.0151743321918016,0.00449696615727091,11,0.00605576212943255,11,0.00468114798190978,0.48712,0.33647,0.1301,0.272014077106327,0.34955745207105,0.238133972498526,0.12448
IGHM_MOUSE,YLATSQVLLSPK,2,19,14.7414148236505,12.4997544933875,14.5999908447266,0.00653111605314608,0.0152399488947258,0.00704844752411484,17,0.0111844647348867,17,0.0136850375840181,0.45393,0.34393,0.1449,0.208822148223662,0.340537372378232,0.26015338501195,0.24874
IGHM_MOUSE,LVESGFTTDPVTIENK,2,23,21.0359638685436,19.0228979425874,21.0000076293945,0.00586773185559755,0.0115156016274289,0.00590810497864099,20,0.0109218077719675,20,0.00828176850147715,0.36427,0.34924,0.18607,0.130296891482834,0.260898932706274,0.261557798128754,0.39142
KLKB1_MOUSE,IYGGILSLSEITK,2,18,13.2485693781489,19.5591464211385,14.7999906539917,0.0119363787280466,0.027137721259772,0.00740466778403281,14,0.0131179924761339,14,0.0101614908017943,0.43652,0.34615,0.15295,0.210780486409404,0.317824902953213,0.266224614481985,0.28984
KNG1_MOUSE,YVIEFIAR,2,14,10.7434884490231,10.8703890997163,11.1999940872192,0.00582572148543872,0.00537461431889829,0.00489422253822974,11,0.0100387773945803,11,0.0055594580955445,0.53438,0.3237,0.10921,0.303680170370599,0.356279188835129,0.210320021285094,0.42426
MUG1_MOUSE,YGAVTFSR,2,13,9.31451397332886,5.79911562470107,9.19999599456787,0.00672470111207934,0.0335818743226207,0.00665317285642676,10,0.009998230396902,10,0.0102371826706682,0.58547,0.3009,0.08986,0.363076328732935,0.378087750512865,0.177728749468897,0.29224
MUG1_MOUSE,SLDEEAIK,2,18,17.1808044547625,15.2989949791907,15.9999895095825,0.0112592530063369,0.0103728682986486,0.00857166765630463,17,0.0106087554991833,17,0.0116235707628585,0.60367,0.28682,0.08603,0.258261295627425,0.356645708348482,0.235984553921417,0.37626
MUG1_MOUSE,VLIVEPEGIK,2,16,12.9117881029973,11.9595233160533,12.7999925613403,0.00369579359133346,0.00714670301143828,0.00380659952826707,13,0.0040901807634959,13,0.00595836862031275,0.51776,0.32695,0.1171,0.266341634147268,0.356728841546072,0.233752264027379,0.3174
MUG1_MOUSE,HTSSWLVTPK,2,12,7.64949208375708,5.90535605306538,7.39999723434448,0.00571259948127762,0.0147541457599099,0.00563579444029712,8,0.00682047020526112,8,0.00713749927621414,0.50136,0.3328,0.12382,0.341948438414953,0.370598640015595,0.202239181761651,0.12353
MUG1_MOUSE,ALScLESSWK,2,19,15.0013980671746,15.6570090020884,14.5999908447266,0.00352324323685542,0.00687618303682356,0.00278069711105742,14,0.00463676033882715,14,0.00281952982628966,0.501,0.31025,0.13266,0.238073864186641,0.328513730627766,0.245023828085908,0.31126
MUG1_MOUSE,NLFDELVLDK,2,12,12.4860910952578,15.0940385445255,12.3999929428101,0.00382174983444713,0.0177265666432919,0.00400067994536327,12,0.0107243709387242,12,0.00502217209953844,0.48995,0.33362,0.12954,0.262286497262866,0.343428839272088,0.24240484036458,0.46238
MUG1_MOUSE,HVAYAVYSLSK,2,19,13.8045573681949,14.395465918499,14.9999904632568,0.00965497077998632,0.00699334478575447,0.00637844467127016,16,0.00913619348297178,16,0.00940760850895067,0.47263,0.34082,0.13629,0.216683622017811,0.340494246406415,0.259158906451592,0.38205
MUG1_MOUSE,EGNTWLTAFVLK,2,15,12.6848993177585,13.3588845111608,12.5999927520752,0.00618233000535869,0.00787567801051324,0.00658965976212803,13,0.00723393708604823,13,0.00716432527907795,0.43276,0.34867,0.15427,0.226194969485114,0.338456595579792,0.260930324266898,0.39393
MUG1_MOUSE,FSTSQSLPASQTR,2,29,21.0496419082516,18.9262590853193,21.200008392334,0.00625475757258435,0.0139639671372657,0.00675749293839233,24,0.011475678853724,24,0.0143946206069716,0.45348,0.34036,0.146,0.147220825647858,0.295282877944113,0.273420808848331,0.40352
MUG1_MOUSE,LQVTASPQSLcGLR,2,29,21.0202478459308,21.0327766035132,21.4000091552734,0.00616518570579337,0.00613648984738813,0.00532486352424613,20,0.0131200808558362,20,0.0100508244419553,0.41646,0.3319,0.16566,0.145693054181135,0.26805971094782,0.259154567661155,0.33844
MUG1_MOUSE,KDPSSNDPLTETIR,3,25,16.9476123311544,21.0210623227327,18.5999984741211,0.0100982698072227,0.0121448247939661,0.0040000356396922,17,0.0144522677006701,17,0.00996034995280143,0.41777,0.34464,0.16218,0.167419865447163,0.28725281903256,0.266528265774044,0.32991
PHLD_MOUSE,SLLLIGSPTWK,2,13,9.26994217952736,2.00190242143125,8.39999675750732,0.0117633012309285,0.0597230374035326,0.0102709496560062,10,0.0155024021949376,10,0.0175483734272784,0.47498,0.34111,0.135,0.299778142073152,0.378642309411538,0.207146893608199,0.32316
PZP_MOUSE,LLLQEVR,2,13,11.2383985316578,11.1718010205563,11.1999940872192,0.00171378087138447,0.00186757019399103,0.00187073579541813,11,0.00280426449467736,11,0.00242707575457992,0.59915,0.29521,0.08443,0.336238847418955,0.368081319362367,0.201292581703091,0.28857
PZP_MOUSE,ALSFYQPR,2,17,12.0706028899025,11.1981461160128,12.1999931335449,0.00291588605277501,0.00850197515658089,0.00253387868069322,12,0.00310264146152109,13,0.00321745757870296,0.55112,0.31674,0.10264,0.29296116962258,0.360829256655282,0.216868705056393,0.25808
PZP_MOUSE,TVSWAVTPK,2,11,7.34021386636762,10.4983327218577,7.39999723434448,0.00431035882416964,0.026247075647626,0.00418854461730354,7,0.0139844821923398,7,0.00643655367256755,0.5514,0.31551,0.10301,0.378940472953663,0.354100884803644,0.183625023292589,0.13484
PZP_MOUSE,SELLESLNK,2,17,13.8046583539968,14.9530048462818,13.9999914169312,0.0102638528841557,0.0119725806716514,0.0100211813788057,13,0.0174520547895268,13,0.0138342067280661,0.55813,0.30805,0.10246,0.27858134174908,0.339216078859366,0.220302243595758,0.32772
PZP_MOUSE,VPDTITEWK,2,11,8.743371641877,8.06007955372225,8.7999963760376,0.00141899519940245,0.006721822902697,0.00121874005951247,9,0.00175017750269848,9,0.00188244926277563,0.52329,0.3238,0.11529,0.332032296079135,0.36300223375871,0.199864183600409,0.21347
PZP_MOUSE,YNILPVADGK,2,15,12.0990051866473,11.411519291268,12.1999931335449,0.00131396849723895,0.00573343031047123,0.00127773449364507,12,0.00166715316121639,12,0.00214457857545791,0.52237,0.3252,0.11525,0.279237020581364,0.355899344905861,0.224831881656041,0.31875
PZP_MOUSE,DLTFYYLIK,2,5,6.71285588178105,8.06145786746741,6.99999761581421,0.0036476488757304,0.00871639910836733,0.00265744694380262,7,0.00888404856853989,7,0.0028167377127381,0.47558,0.34096,0.13473,0.333319750013049,0.359472051370199,0.206639377104376,0.45998
PZP_MOUSE,RSELLESLNK,2,20,15.6968598015937,19.0879705750841,16.799991607666,0.00805564280139276,0.0141691909878113,0.00437540443175729,16,0.00639051054310624,16,0.00584864640520352,0.51226,0.32585,0.12047,0.22020649324466,0.326604266668449,0.259334158155654,0.24937
PZP_MOUSE,RSELLESLNK,3,20,14.9220736983965,15.4243470703899,15.9999895095825,0.00764570231518052,0.00494350811215402,0.00394085576868284,17,0.00394085065887702,17,0.00645987343314179,0.51226,0.32585,0.12047,0.223809025925194,0.340313881349877,0.253688280120567,0.22482
PZP_MOUSE,SVIVEPEGIEK,2,22,18.584396748827,19.7783850936363,18.3999977111816,0.00294549783183496,0.00764254930668605,0.00281206968428137,17,0.00892323708376264,17,0.00684456893290679,0.49964,0.32937,0.1259,0.198687816551279,0.312885398867085,0.259874576102253,0.39128
PZP_MOUSE,DLSSSDLSTASK,2,22,18.3170291467411,20.544643889999,19.2000007629395,0.00597940688885075,0.00726422211503936,0.00224576662788479,19,0.00749609763125587,19,0.00425285852054804,0.5219,0.31696,0.1187,0.197934673203988,0.313767733727495,0.262122837595021,0.27873
PZP_MOUSE,LPDLPGNYVTK,2,13,10.5740066078531,10.6063740455461,10.799994468689,0.00240827298718155,0.00220849565482073,0.00118272963114887,11,0.0062187247536917,11,0.0011999253235641,0.48382,0.33654,0.13179,0.277957432852443,0.351508169033667,0.225757553429754,0.23969
PZP_MOUSE,AINYLISGYQR,3,21,22.0579778670586,15.3618619212358,20.0000038146973,0.0222236600786993,0.0321898961640961,0.0195917919706423,16,0.0289801347389112,17,0.0273580261532709,0.46258,0.34263,0.14089,0.181677399012392,0.29234985450288,0.229725367579742,0.35267
PZP_MOUSE,ALLAYAFALAGNK,2,27,20.0648622962252,22.9214599564077,22.8000144958496,0.0149397996159092,0.00340164608481905,0.00506336986843367,24,0.00804137552422819,24,0.00836177615043926,0.44462,0.34793,0.14859,0.135323866267128,0.279600099157711,0.281361151675104,0.29785
PZP_MOUSE,TVQGAFFGVPVYK,2,18,14.916864201764,12.1532016992246,14.7999906539917,0.00358475161579269,0.0164125927759836,0.0035935480915394,15,0.00381100810397622,15,0.00453156568450232,0.41476,0.35272,0.16228,0.193968758468265,0.321081247757678,0.254264684852891,0.28322
PZP_MOUSE,LSPQSIYNLLPGK,2,22,12.7961969039672,14.3322452526281,15.199990272522,0.0148800216838257,0.0071377600301394,0.00490259993313085,14,0.00806599238993741,14,0.00713352264021101,0.42479,0.34932,0.15801,0.199866970808726,0.314688294831513,0.250710354288299,0.14421
PZP_MOUSE,GSGSGcVYLQTSLK,2,22,17.6439087365605,16.5284994086103,18.5999984741211,0.00760894402565149,0.0125265841934472,0.00536431214155241,19,0.00585585392922451,20,0.00705168471962637,0.43509,0.32674,0.15855,0.166674761890429,0.296075985355368,0.25892519725235,0.28264
PZP_MOUSE,AFAQAQSHIFIEK,2,32,25.8601344740967,26.4698015847306,26.4000282287598,0.00447223297879907,0.00248845868927275,0.00522836590554753,26,0.00839815979024877,26,0.00452570462240054,0.40808,0.35204,0.16558,0.108881131479702,0.241605610644614,0.270557243758843,0.33395
PZP_MOUSE,AFAQAQSHIFIEK,3,32,25.4726084693776,24.4784895003371,25.8000259399414,0.00372383696315101,0.00774775781967292,0.0053496729523476,26,0.00539009520380494,27,0.00294569954379205,0.40808,0.35204,0.16558,0.109827711792155,0.247501167621609,0.270722185545518,0.31089
PZP_MOUSE,APFALQVNTLPLNFDK,2,26,18.2122298886949,22.8286123144449,21.6000099182129,0.0174815543505856,0.00604805330770364,0.00549492470276456,19,0.0133652458460383,19,0.0127672166397189,0.33817,0.35289,0.19791,0.119483386671986,0.245545903060012,0.265529407659696,0.25348
QSOX1_MOUSE,EFNIAGFPTVR,2,20,10.3925454117691,7.60310668797695,10.5999946594238,0.0106781243518901,0.0256510010544713,0.0108204556121333,13,0.0147936890988343,13,0.0173820315281066,0.47097,0.34129,0.137,0.268151526980631,0.371309162967641,0.236550085636559,0.12438
SPA3K_MOUSE,LSVSQVVHK,2,14,9.70537098360907,12.1974537499917,8.7999963760376,0.0095100718434415,0.0275940968218524,0.0061371821057449,8,0.00958507273557735,8,0.00860019483914357,0.55935,0.31199,0.1,0.358348979920317,0.353352623820132,0.19852371118987,0.22801
SPA3M_MOUSE,NIVFSPLSISAALALVSLGAK,2,39,22.6089352056465,27.3075331514743,28.4000358581543,0.0257727338109648,0.00730855945101955,0.0110415798374728,29,0.0112325867362686,30,0.00241901809861699,0.28843,0.34478,0.21996,0.0690380343846027,0.189437897075659,0.254494916486268,0.28572
TRFE_MOUSE,NPAEWAK,2,17,12.1360169553471,12.6893281729806,11.3999938964844,0.00665479674690356,0.0108925457514392,0.00293061936742302,11,0.00455136238036307,11,0.00316146352069799,0.61653,0.28606,0.07849,0.345573065891631,0.364506663044393,0.201476208710314,0.24482
TRFE_MOUSE,DSAFGLLR,2,15,11.8264387379892,10.1773016602135,12.1999931335449,0.00677137987303553,0.0186572597590035,0.00581070762774221,13,0.00827715610411225,13,0.0101892148816839,0.59847,0.29436,0.08528,0.315283380773266,0.375775256733191,0.206781186258246,0.32943
TRFE_MOUSE,TVLPPDGPR,2,16,9.60850237577075,10.1582009779608,9.39999580383301,0.00196323214329454,0.00599815807194081,0.00176682440472149,9,0.0044346273368718,9,0.00191022286303824,0.57468,0.30493,0.09432,0.354885795305968,0.362673368280243,0.19256135271865,0.12035
TRFE_MOUSE,DGGGDVAFVK,2,15,15.1876171873246,16.7963097426209,15.3999900817871,0.00583574338613172,0.0106308327921496,0.00570576298249608,16,0.00646104229120709,16,0.00587471718130852,0.5745,0.30271,0.09547,0.259789599497821,0.351682129701972,0.245652625109089,0.52886
TRFE_MOUSE,TSYPDcIK,2,10,7.55092093940598,5.66489024493392,7.59999704360962,0.0034273999976961,0.0190300759483661,0.00347128811977719,8,0.00502989422766104,8,0.00520652447027525,0.56395,0.28442,0.11098,0.380935966300153,0.353018093771641,0.175854797921823,0.18772
TRFE_MOUSE,LLEAcTFHK,2,14,10.9266935865854,11.6337289565379,10.799994468689,0.00386514465512834,0.00668595084708984,0.00407165105823496,11,0.00748940312813077,11,0.00384688005029032,0.5104,0.30962,0.12815,0.294124664154448,0.346226862252846,0.221843451859316,0.28295
TRFE_MOUSE,EDLIWEILK,2,13,11.8795062528157,13.0484731860164,12.7999925613403,0.0068957657463057,0.00211688495739351,0.00162462702464265,13,0.00588704537725711,13,0.00227621300075491,0.49417,0.33423,0.12714,0.257605353029088,0.344892096107373,0.235670141223932,0.41699
TRFE_MOUSE,DFQLFSSPLGK,2,18,13.7573773003775,15.3395307502049,13.9999914169312,0.00291228256244333,0.00858222349631075,0.0023498245621135,13,0.00665358789248605,13,0.00495694380223942,0.47331,0.33968,0.13626,0.234621616382709,0.332533516496599,0.247296090316422,0.33253
TRFE_MOUSE,EEYNGYTGAFR,2,22,18.2753544586073,25.4805630345264,18.7999992370605,0.00871967838641422,0.0347828928285305,0.00838269489352787,17,0.0179398697417127,17,0.0134382323380156,0.46709,0.3386,0.13971,0.184594195687217,0.298042127355474,0.280187763764944,0.37146
TRFE_MOUSE,HTTIFEVLPEK,3,16,12.5262581165916,16.1714437575484,12.1999931335449,0.00449956178236012,0.0243180459182095,0.00415805031187162,11,0.00914498349793488,11,0.00759104807817505,0.45436,0.34383,0.14471,0.247169882893862,0.333612070433431,0.248154120574427,0.26975
TRFE_MOUSE,HTTIFEVLPEK,2,16,12.4318432210206,11.258544260069,12.3999929428101,0.00341928989916513,0.00800849669533958,0.00317392476965336,12,0.00378852378948702,12,0.00351288958223362,0.45436,0.34383,0.14471,0.242347629693569,0.338792360402852,0.236712836455804,0.29969
TRFE_MOUSE,ASDTSITWNNLK,2,17,13.1004689685086,12.5115167031766,13.3999919891357,0.00232258352810092,0.00586182432056334,0.00189551018997209,14,0.00289534788071984,14,0.00329959116007584,0.46333,0.33869,0.14157,0.232570172244192,0.339180776526269,0.245979338878028,0.3378
TRFE_MOUSE,GTDFQLNQLEGK,2,22,13.1004689685086,12.5115167031766,13.3999919891357,0.00232258352810092,0.00586182432056334,0.00189551018997209,14,0.00289534788071984,14,0.00329959116007584,0.46333,0.33869,0.14157,0.232570172244192,0.339180776526269,0.245979338878028,0.2159
TRFE_MOUSE,LYLGHNYVTAIR,2,18,12.7218048337947,7.81769527279892,11.7999935150146,0.0072323084391969,0.0284903703519846,0.00535280177408896,13,0.00896440627765722,14,0.0112213212956329,0.4241,0.35115,0.15803,0.225530391755395,0.346594010889335,0.244148649061067,0.2618
TRFE_MOUSE,LYLGHNYVTAIR,3,18,12.6822091478902,14.1984642247544,12.7999925613403,0.0023685889589121,0.00773342529958563,0.00187710619167506,13,0.00588135139879637,13,0.00250159615178443,0.4241,0.35115,0.15803,0.22039918194273,0.328815310735565,0.254107005858991,0.2645
TRFE_MOUSE,SKDFQLFSSPLGK,3,21,15.9295938042784,11.9645102687485,15.5999898910522,0.00467794418691504,0.0222314310541731,0.00452922427610387,17,0.00514533180543608,17,0.00702245408177419,0.41935,0.34944,0.16061,0.186997338574594,0.3189971024042,0.254609876534563,0.33402
TRFE_MOUSE,SKDFQLFSSPLGK,2,21,15.2038886491991,13.8788412830314,15.3999900817871,0.0027962052649668,0.00943787158958608,0.00243749768950258,16,0.00328107296366067,16,0.00296857468355114,0.41935,0.34944,0.16061,0.19041935450362,0.316267325944162,0.257661503942161,0.27989
TRFE_MOUSE,KGTDFQLNQLEGK,2,22,17.2502790334205,15.3376256222895,18.7999992370605,0.0107461156631533,0.0205167950141249,0.00616655848565732,20,0.00870226146011263,21,0.0100594852533662,0.42839,0.34605,0.1569,0.160349441490754,0.30215206101885,0.263664325601579,0.35208
TRFE_MOUSE,KGTDFQLNQLEGK,3,22,18.9648068252776,17.7466208866195,19.8000030517578,0.0100350818794795,0.0142580424740437,0.00906885224643532,19,0.00989471743819278,19,0.00909168553772815,0.42839,0.34605,0.1569,0.15955361184303,0.291874682143369,0.258330659018405,0.44023
TRFE_MOUSE,SAGWVIPIGLLFcK,2,19,13.6824299473947,12.9570605577028,14.1999912261963,0.00375376558942596,0.00757087352661894,0.00266679499011205,15,0.00286432469062468,15,0.00232016970041867,0.3758,0.34136,0.18192,0.182015897961459,0.304818037239791,0.25836612428863,0.23172
TRFE_MOUSE,QEDFELLcPDGTR,2,27,22.6542301826872,27.9658616417895,22.6000137329102,0.009154793858799,0.0239286338774272,0.0100125248298797,22,0.0104620077051125,22,0.0095634794320797,0.40704,0.33049,0.17004,0.128751675248934,0.254848586054896,0.282509258392569,0.3153
TRFE_MOUSE,KPVDQYEDcYLAR,2,25,20.7231943411829,26.9710719116229,23.400016784668,0.0143481095370872,0.0147031821613049,0.00644712894453624,20,0.0211888647277334,20,0.0185124339938212,0.37984,0.33559,0.18081,0.125454724993123,0.240935903343218,0.263608678073083,0.37244
TRFE_MOUSE,KPVDQYEDcYLAR,3,25,22.116048003181,23.6405937275213,22.4000129699707,0.00437173880508314,0.00570535078440135,0.00679401833840834,24,0.00736732896190374,24,0.00648586482826865,0.37984,0.33559,0.18081,0.118949310470294,0.254023974076476,0.276992907163335,0.37262
TRFE_MOUSE,FDEFFSQGcAPGYEK,2,30,25.4259150178603,30.3337371195357,26.4000282287598,0.00683887098201378,0.0136700569750486,0.00913044231380809,26,0.0108774012398643,26,0.00508957798830802,0.34332,0.33684,0.19588,0.0910798913611669,0.213252891837325,0.269156308273157,0.38796
TRFE_MOUSE,IEcESAETTEDcIEK,2,34,29.9987537547329,35.2527866111832,31.800048828125,0.0102685251023499,0.00980780906821866,0.011808054064665,31,0.0136678908065655,31,0.00733520248472247,0.36878,0.31491,0.18834,0.0762512480663262,0.18855306141671,0.255618715137186,0.40891
TRFE_MOUSE,NQQEGVcPEGSIDNSPVK,2,40,29.4655269120682,29.9462103531028,30.0000419616699,0.00506213971075063,0.00335950166057287,0.0112700422330874,32,0.0118433259157079,32,0.00436431777071668,0.33751,0.33283,0.19832,0.0730356366450786,0.194148387670898,0.256375764126163,0.35694
TRFE_MOUSE,DFAScHLAQAPNHVVVSR,4,40,29.4806813529974,37.7967591264475,29.2000389099121,0.00691373222332467,0.0281996780852886,0.0128550094263337,28,0.0136456330263135,28,0.00929138223887845,0.31181,0.33606,0.20883,0.0720978143061346,0.184478332912245,0.26675615923855,0.36504
TRFE_MOUSE,DFAScHLAQAPNHVVVSR,3,40,29.0594027734453,23.696889348852,28.8000373840332,0.00615257282030721,0.0228603414650853,0.0120875453137929,36,0.0253366515541183,36,0.0227612271380667,0.31181,0.33606,0.20883,0.0676691435257505,0.199424389061343,0.257296040921021,0.3529
