"data.Peptide","data.Protein","data.Charge","data.T_NEH","pxt","neh"
"DSTLIMQLLR","1433B_MOUSE",2,16,-0.0597543079041693,-12.5926884608842
"AVTEQGHELSNEER","1433B_MOUSE",3,37,-0.563223318817006,-4.35753251583108
"YLAEFATGNDR","1433E_MOUSE",2,22,0.212792532802368,4.22836306649976
"FANTMGLVIER","3HAO_MOUSE",2,19,-0.084616094383128,-10.6946737725453
"DFSSVFQYLR","3HIDH_MOUSE",2,16,0.0417954562691676,17.0186772467849
"VLVLGSGYVSGPVLEYLSR","AASS_MOUSE",2,29,-0.0956632078920363,-15.2747939835523
"LVLGDNSLAIR","AATC_MOUSE",2,19,0.0837780633148423,9.07237162087052
"DAGMQLQGYR","AATM_MOUSE",2,23,0.145032973175134,6.71814294788715
"EYLPIGGLAEFcK","AATM_MOUSE",2,23,0.149336730846578,6.98875693093494
"ASAELALGENNEVLK","AATM_MOUSE",2,35,-0.138232064887745,-13.3144128419981
"TcGFDFSGALEDISK","AATM_MOUSE",2,25,0.0467033562720798,26.1241238105978
"FVTVQTISGTGALR","AATM_MOUSE",2,21,-0.385295950514066,-3.20419187217205
"VLGELWPLFGGR","ABCD3_MOUSE",2,18,0.209855483754023,3.38538310520797
"INAVDYASVK","ABHEB_MOUSE",2,17,-0.120323495975454,-7.15554744553584
"AVAIDLPGLGR","ABHEB_MOUSE",2,22,-0.309441276497398,-3.83255970424593
"VQGQNLFFR","ABHEB_MOUSE",2,17,-0.2466031281684,-3.63693570282911
"SQYLQFQLADMATK","ACAD8_MOUSE",2,28,0.19502854930503,5.39345899946555
"QGLLGINIAEK","ACADL_MOUSE",2,21,0.280590832501593,2.95098316681892
"AQDTAELFFEDVR","ACADL_MOUSE",2,29,0.213120032159796,5.88779767134814
"TVAHIQTVQHK","ACADL_MOUSE",3,20,-0.00582177807937305,-152.137430205507
"IYQIYEGTAQIQR","ACADM_MOUSE",2,29,0.0691186994809369,19.7912088942821
"EHLFPTAQVK","ACADS_MOUSE",2,19,-0.0394254042662138,-22.1278569496452
"ELVPIAAQLDR","ACADS_MOUSE",2,26,-0.148790772198047,-8.93575099985684
"ENLLGEPGMGFK","ACADS_MOUSE",2,21,-0.123586784900482,-8.58138517052454
"SLSEGYPTAQHEK","ACADV_MOUSE",3,30,0.077783107867724,16.8707394256617
"QATVGDVNTDRPGLLDLK","ACBP_MOUSE",2,29,0.0868081026255607,15.4459509702234
"QATVGDVNTDRPGLLDLK","ACBP_MOUSE",3,29,0.11383294554747,11.6563540614096
"TQPTDEEMLFIYSHFK","ACBP_MOUSE",3,26,-0.00658514396602456,-204.121923701664
"VPASNLILGEGR","ACD11_MOUSE",2,25,-0.138978852176371,-9.03783029422074
"HLLVHAPEDK","ACLY_MOUSE",3,20,0.240490784017388,3.09412287680573
"TIAIIAEGIPEALTR","ACLY_MOUSE",2,32,0.113958638124738,11.8920321554538
"DLVSSLTSGLLTIGDR","ACLY_MOUSE",3,23,-0.547866169674939,-2.84465408043951
"DLVSSLTSGLLTIGDR","ACLY_MOUSE",2,23,0.136089165568675,7.41936766254008
"cTTDHISAAGPWLK","ACON_MOUSE",3,24,-0.842574203844698,-2.19359290450338
"WVVIGDENYGEGSSR","ACON_MOUSE",2,29,0.0698152361180001,17.9878570546683
"SDFDPGQDTYQHPPK","ACON_MOUSE",3,30,0.201035831898625,5.4787180722672
"DINQEVYNFLATAGAK","ACON_MOUSE",3,31,0.16586740690545,7.41646204255992
"SDAPPLTLDGIK","ACPM_MOUSE",2,20,0.0422001000831532,20.7621008076877
"HPQVQEAQVVGVK","ACSF2_MOUSE",2,30,0.0848188193209064,14.6955386050595
"YIVFVEGYPLTISGK","ACSF2_MOUSE",2,18,0.0438105446192591,17.8138105163153
"DGWLHTGDIGK","ACSL1_MOUSE",3,15,0.187622596053876,3.52362373534105
"LAQGEYIAPEK","ACSL1_MOUSE",2,27,0.132375987565101,8.10234195330251
"IIVIMDSYGSDLVER","ACSL1_MOUSE",2,24,0.313064259625888,2.96131237918964
"NNDLILYYFSDAK","ACSL5_MOUSE",2,18,-0.175330076143883,-5.68052301473569
"GDDVINASGYR","ACSM1_MOUSE",2,21,0.116542950639544,7.60773267226714
"GYSFTTTAER","ACTB_MOUSE",2,17,-0.0402036467983645,-19.4819635989727
"QEYDESGPSIVHR","ACTB_MOUSE",2,31,0.105386798620478,12.0488317862773
"LASDLLEWIR","ACTN1_MOUSE",2,18,-0.032177410708132,-27.1225375887178
"VGWEQLLTTIAR","ACTN1_MOUSE",2,20,-0.0365536943094359,-26.2905116888227
"TINEVENQILTR","ACTN1_MOUSE",2,22,-0.234941193801963,-5.46314045754934
"HRPELIEYDK","ACTN4_MOUSE",3,21,-0.274329653956034,-4.47723815720232
"IDGASPLDK","ADH1_MOUSE",2,17,0.0136784587759358,58.1567509271713
"INEAFDLLR","ADH1_MOUSE",2,17,0.0835426094451432,9.42777404947457
"IIAVDINKDK","ADH1_MOUSE",3,14,-0.14072989277287,-4.80764937125076
"TIEDIEVAPPK","ADH1_MOUSE",2,22,0.123597051565785,7.81792403063995
"LDTMTSALLScH","ADH1_MOUSE",2,18,0.174518150980745,4.33644156459168
"VIPLFSPQcGEcR","ADH1_MOUSE",2,26,-0.162126715925341,-8.04874360921013
"ELGATEcINPQDYSK","ADH1_MOUSE",2,31,0.0108271928699666,141.221661905139
"FPLDPLITHVLPFEK","ADH1_MOUSE",3,21,-0.33710696211977,-3.25802956164068
"KFPLDPLITHVLPFEK","ADH1_MOUSE",3,21,0.138312796657048,6.06115370470323
"KFPLDPLITHVLPFEK","ADH1_MOUSE",4,21,-0.12156304855268,-8.47263260977989
"IDPSAPLDK","ADHX_MOUSE",2,17,0.209565894233737,3.28847426757852
"AATFFGcIGIDK","ADK_MOUSE",2,19,-0.137448911718246,-7.44074149680844
"VAQWLIQEPHK","ADK_MOUSE",3,24,0.194540704169783,5.20434533994559
"SLVANLAAANcYK","ADK_MOUSE",2,26,0.020696908110618,56.550191819612
"TGcTFPEKPDFH","ADK_MOUSE",2,19,-0.120000049326215,-7.92210865471796
"VEYHAGGSTQNSMK","ADK_MOUSE",3,28,0.0651944460196244,18.6201550697165
"VEYHAGGSTQNSMK","ADK_MOUSE",2,28,0.210161872727031,5.24831170766958
"QIFLGGVDKR","ADT2_MOUSE",3,16,-0.0782317584505862,-10.2859771483651
"DFLAGGVAAAISK","ADT2_MOUSE",2,27,0.0633932037845982,18.3639922477004
"MEVDFAYEVFR","AGT2_MOUSE",2,20,0.161250992936003,5.28802413308859
"VMGLGLSPEEK","AIFM1_MOUSE",2,20,0.13317891466521,6.64978921301247
"SNIWVAGDAAcFYDIK","AIFM1_MOUSE",2,27,-0.103396216123356,-12.3323595993093
"ILDLIESGK","AL1A1_MOUSE",2,14,0.110622260542816,5.60223157003755
"VAFTGSTQVGK","AL1A1_MOUSE",2,17,0.0809963786221503,9.60578529531164
"EEIFGPVQQIMK","AL1A1_MOUSE",2,24,0.020453716144927,54.4018056500631
"VFANAYLSDLGGcIK","AL1A1_MOUSE",2,24,-0.225577759206132,-5.47991500774608
"VFANAYLSDLGGcIK","AL1A1_MOUSE",3,24,0.27492623531776,3.69263548845059
"ELGEHGLYEYTELK","AL1A1_MOUSE",2,26,0.250336436289687,4.06103941518782
"IHGQTIPSDGDIFTYTR","AL1A1_MOUSE",3,27,0.0942405233957095,11.6763521424163
"GFFVQPTVFSNVTDEMR","AL1A1_MOUSE",2,26,0.133052071796028,8.29946624582392
"VSFTGSTEVGK","AL1A7_MOUSE",2,15,-0.248952101913735,-3.1736674683882
"LLLATMESMNAGK","AL1A7_MOUSE",2,23,0.260402961620437,3.59162274813617
"IFINNEWHDSVSSK","AL1A7_MOUSE",3,23,-0.0208437946866893,-48.3667366548814
"GQALPEVVAK","AL1L1_MOUSE",2,22,-0.0465405786454107,-23.8332179726811
"TDVAAPFGGFK","AL1L1_MOUSE",2,18,-0.279487613628303,-3.4801797381477
"AGLILFGNDDR","AL1L1_MOUSE",2,19,0.254639123971577,3.12994762408905
"VPGAWTEAcGQK","AL1L1_MOUSE",2,25,0.102624309559967,11.1486070638324
"LQAGTVFVNTYNK","AL1L1_MOUSE",2,17,-0.207515277998365,-4.24023249117637
"EGATLVcGGNQVPR","AL1L1_MOUSE",2,29,-0.0804953984597581,-18.1901779301032
"GASAINWTLIHGDK","AL1L1_MOUSE",3,24,0.12986618083504,7.28503600928577
"EGHEVVGVFTIPDK","AL1L1_MOUSE",3,23,-0.271477347463392,-4.77503262124525
"GASAINWTLIHGDKK","AL1L1_MOUSE",3,25,0.244570833438062,3.76223748765679
"FAELTLK","AL1L1_MOUSE",2,10,0.0885851816970004,5.2574570889466
"HLTPVTLELGGK","AL3A2_MOUSE",3,16,-0.0255744936546987,-29.5477901280052
"IAFGGEMDEATR","AL3A2_MOUSE",2,27,-0.00747155251857276,-163.074945779617
"NVDEAINFINDR","AL3A2_MOUSE",2,23,0.176329569671145,5.65706949272252
"EKEILAAIAADLSK","AL3A2_MOUSE",3,32,0.352497395428106,3.273664796505
"FDHILYTGNTAVGK","AL3A2_MOUSE",3,18,-1.23914008874052,-1.34360947076426
"YLAPTILTDVDPNSK","AL3A2_MOUSE",2,21,0.154609929597038,5.78445183466028
"SAFEYGGQK","AL4A1_MOUSE",2,19,-0.163077536628348,-6.27213208286362
"KEWDLKPMADR","AL4A1_MOUSE",3,20,-0.200851088334343,-5.12988241375179
"VNLLSFTGSTQVGK","AL7A1_MOUSE",2,18,0.195629697438536,3.62573818680213
"EDNEGVYNGSWGGR","AL7A1_MOUSE",2,28,-0.00953989812268693,-138.047706765644
"ELLMLENFIGGK","AL8A1_MOUSE",2,18,-0.0904695369632083,-11.1524210239158
"cQVLLEAAR","AL9A1_MOUSE",2,22,0.267793704814782,3.41042427305195
"VTIEYYSQLK","AL9A1_MOUSE",2,14,-0.168804410448848,-4.51701007106658
"SPLIIFSDcNMENAVK","AL9A1_MOUSE",2,28,-0.151544808187739,-9.65323273167928
"AWALDIAELR","ALAT1_MOUSE",2,23,0.0276978482561717,37.6207982768563
"YGLAAAVFTK","ALDH2_MOUSE",2,16,-0.0289419358803076,-27.1647306015661
"LLcGGGAAADR","ALDH2_MOUSE",2,26,-0.117409613600522,-11.5183392918245
"TALYVANLIK","ALDH2_MOUSE",2,13,0.00819742366865736,70.8864347486105
"LGPALATGNVVVMK","ALDH2_MOUSE",2,21,-0.00189871613773763,-488.16041401929
"TIPIDGDFFSYTR","ALDH2_MOUSE",2,17,0.107884539482586,7.62316481155374
"VAEQTPLTALYVANLIK","ALDH2_MOUSE",3,29,0.113549482197251,11.7995061671957
"FPALTPEQK","ALDOB_MOUSE",2,18,0.0615688465280742,12.7397460931328
"LDQGGAPLAGTNK","ALDOB_MOUSE",2,26,0.0273114318391141,42.1473963110431
"GILAADESVGTMGNR","ALDOB_MOUSE",2,31,0.10707610911376,12.1874675245275
"YTPEQVAMATVTALHR","ALDOB_MOUSE",3,32,-0.175708342941432,-9.57534072906508
"TLIEFLLR","AMPL_MOUSE",2,10,0.0678311371189352,6.57140778594069
"LFEASVETGDR","AMPL_MOUSE",2,23,-0.0980062425881876,-11.5866923556992
"TIQVDNTDAEGR","AMPL_MOUSE",2,25,-0.221039979553471,-6.46089615903584
"SAGVDDQENWHEGK","AMPL_MOUSE",3,32,0.130331293973835,10.0361694287335
"LILADALcYAHTFNPK","AMPL_MOUSE",3,27,-13.5031242934987,-1.04315360655888
"KLELSENR","AN32A_MOUSE",2,17,0.162199125159953,4.31084849669564
"GTVTDFPGFDGR","ANXA5_MOUSE",2,17,-0.0750342528349729,-11.4052907490815
"GLGTDEDSILNLLTSR","ANXA5_MOUSE",2,26,-0.384084085575149,-4.08063321910507
"DAFVAIVQSVK","ANXA6_MOUSE",2,19,-0.0123981767667496,-71.7729880388297
"AINEAYKEDYHK","ANXA6_MOUSE",3,25,0.269725565330017,3.69718294921558
"GIGTDEATIIDIVTHR","ANXA6_MOUSE",3,27,0.063447585650254,17.7706920709615
"DLESDIIGDTSGHFQK","ANXA6_MOUSE",3,29,0.155721052902678,8.30001623275061
"WGTDEAQFIYILGNR","ANXA6_MOUSE",2,26,0.178276901550818,5.66675710580213
"ESILELITSR","ANXA6_MOUSE",2,19,-0.208530514431676,-4.9212806286763
"LLHDcGLSVVVLEAR","AOFB_MOUSE",3,26,-0.803870999969734,-2.2230382281414
"AVDEFNQQR","AOXC_MOUSE",2,23,0.0892548701617216,11.5184316576905
"TTWIAPGTLNDLLELK","AOXC_MOUSE",2,21,0.104646855760288,9.67790273092723
"DPHKYPDISQK","AOXC_MOUSE",3,20,-0.515687948396629,-2.6109101219637
"ANEELAGVVAEVQK","ARGI1_MOUSE",2,34,0.0262155154996604,62.9060715027679
"TGLLSGLDIMEVNPTLGK","ARGI1_MOUSE",2,25,0.0808279767649706,13.7301756590047
"DVDPGEHYIIK","ARGI1_MOUSE",2,18,-0.0709660507656647,-13.536140020836
"GKFPDVPGFSWVTPc","ARGI1_MOUSE",2,20,-0.0658679950753879,-15.5204123586652
"ALQTTYGTNAPR","ARK72_MOUSE",2,23,-0.0663950539333817,-17.3515597649756
"FFGNNWAETYR","ARK72_MOUSE",2,18,-0.177008686132042,-5.01626292205315
"FYAYNPLAGGLLTGK","ARK72_MOUSE",2,22,-0.159090264059158,-6.64912305517516
"FNSSISYDR","ARLY_MOUSE",2,16,-0.0856326987537299,-8.88719524978259
"VAEEWAQGTFK","ARLY_MOUSE",2,23,0.110719565056422,9.61480668549914
"FEAPEALFQPH","ARP2_MOUSE",2,29,0.262832978593806,4.45771914004886
"DITYFIQQLLR","ARP3_MOUSE",2,17,-0.652255464551431,-1.8868483017827
"GQVYILGR","ASSY_MOUSE",2,14,0.132024851081094,4.64374529354385
"YLLGTSLARPc","ASSY_MOUSE",2,18,-0.389328664391742,-2.54587610599031
"GIYETPAGTILYH","ASSY_MOUSE",2,21,-0.00432050674447474,-212.892185662439
"SGGLDTScILVWLK","ASSY_MOUSE",2,17,0.0816760607090123,9.82616575220957
"HAHLDIEAFTMDR","ASSY_MOUSE",3,28,0.084539964070294,14.8422338360205
"FELTcYSLAPQIK","ASSY_MOUSE",2,22,-0.121926270373342,-10.3263439932756
"EFVEEFIWPAVQSS","ASSY_MOUSE",2,30,0.23027354987144,5.33128493133309
"EQGYDVIAYLANIGQK","ASSY_MOUSE",2,32,-0.179678595773381,-9.76966461984873
"IDIVENR","ASSY_MOUSE",2,13,0.146636539767583,3.92049099358241
"GRNDLMEYAK","ASSY_MOUSE",3,19,0.199701825894563,3.79920074200324
"VDNSSLTGESEPQTR","AT1A1_MOUSE",2,33,0.234750850399028,5.53604675490185
"HYLFDVQR","AT5F1_MOUSE",2,14,0.0668329540614396,8.93443540371614
"LGLIPEEFFQFLYPK","AT5F1_MOUSE",3,23,0.0275014584177123,34.0026571284789
"LGLIPEEFFQFLYPK","AT5F1_MOUSE",2,23,0.0331050420618678,31.6389601375794
"GLLLFVDEADAFLR","ATAD3_MOUSE",2,24,-0.355151610594041,-4.12852260827825
"TIDWVSFVEVMPQNQK","ATP5H_MOUSE",3,25,-0.413934312249969,-3.90314194123561
"VVDALGNAIDGK","ATPA_MOUSE",2,21,0.0520684751952204,18.5630385970949
"HALIIYDDLSK","ATPA_MOUSE",2,17,-0.0379582175629462,-21.9259533759079
"TSIAIDTIINQK","ATPA_MOUSE",2,19,-0.139151401875161,-6.56115698488392
"AIEEQVAVIYAGVR","ATPA_MOUSE",2,33,-0.226043548700926,-7.84019252063601
"EAYPGDVFYLHSR","ATPA_MOUSE",3,25,-0.329566253820849,-4.22707915985744
"ILGADTSVDLEETGR","ATPA_MOUSE",2,29,0.201817309236025,5.66789419816992
"TGAIVDVPVGEELLGR","ATPA_MOUSE",2,30,0.105153255211265,11.9703345426613
"GYLDKLEPSK","ATPA_MOUSE",3,15,0.277056706976202,2.19516858597921
"IGLFGGAGVGK","ATPB_MOUSE",2,17,-0.0783421446203442,-9.87011832988068
"VVDLLAPYAK","ATPB_MOUSE",2,15,0.0523742671321211,13.2278930927127
"IVGNEHYDVAR","ATPB_MOUSE",3,22,-0.721182380394887,-2.04784763162049
"IMNVIGEPIDER","ATPB_MOUSE",2,24,-0.00754400042142864,-137.325971949962
"AHGGYSVFAGVGER","ATPB_MOUSE",2,30,0.0862609931889097,14.6714479770638
"AHGGYSVFAGVGER","ATPB_MOUSE",3,30,-1.24473474683877,-2.11574853999938
"VALTGLTVAEYFR","ATPB_MOUSE",2,20,-0.0520977791811373,-18.6962076816031
"LVLEVAQHLGESTVR","ATPB_MOUSE",2,30,-0.0630984954437895,-22.2236620217521
"DQEGQDVLLFIDNIFR","ATPB_MOUSE",2,29,0.0359650010480473,40.0176931793293
"LKDELASTK","BAP31_MOUSE",2,14,0.18875156740687,3.01042570048702
"YEMHPLGVK","BDH_MOUSE",2,14,0.0366812102615877,17.3330571315794
"TIQLNVcNSEEVEK","BDH_MOUSE",2,27,0.156120317918058,7.42071795942242
"GAAELMQQK","BHMT1_MOUSE",2,24,0.0757807885596012,14.0460775546586
"AIAEELAPER","BHMT1_MOUSE",2,31,-0.0126684347151649,-112.904236589794
"TFYASEDKLENR","BHMT1_MOUSE",3,23,0.10028707938074,10.2639739474904
"EAYNLGVR","BHMT1_MOUSE",2,16,-0.207108262904678,-4.49875011868315
"VYEGERPLTK","BIP_MOUSE",2,18,-0.0320096856795219,-26.3693011957881
"DAGTIAGLNVMR","BIP_MOUSE",2,22,0.278119523032,2.96171089289618
"FEELNMDLFR","BIP_MOUSE",2,18,0.0771689932815874,10.9220707772178
"NELESYAYSLK","BIP_MOUSE",2,21,0.1188467700026,7.92202292309121
"TKPYIQVDIGGGQTK","BIP_MOUSE",3,23,0.243867219530076,3.67509215382781
"IINEPTAAAIAYGLDK","BIP_MOUSE",2,33,-0.121342268699078,-14.1906908548575
"FADEFNR","BPHL_MOUSE",2,15,-0.0126281512525251,-56.7840662339088
"GDNQSPIELHTK","CAH3_MOUSE",3,24,-0.33462007414593,-4.10230666366112
"GDNQSPIELHTK","CAH3_MOUSE",2,24,0.028495319398677,38.8169656360524
"QPDGIAVVGIFLK","CAH3_MOUSE",2,21,-0.264230117110357,-4.10589709674265
"YAAELHLVHWNPK","CAH3_MOUSE",4,24,-0.185820993380134,-6.45843906421388
"YAAELHLVHWNPK","CAH3_MOUSE",3,24,0.0995275578463727,10.0218546648428
"IKDPDAAKPEDWDER","CALR_MOUSE",2,34,-0.081787665821453,-20.3844181641285
"KEPALLELEGK","CAP1_MOUSE",2,23,-0.107712925621623,-10.7040303154474
"GcWDSIHVVEVQEK","CAPZB_MOUSE",3,26,0.297302978024513,3.53137595958332
"LVNADGEAVYcK","CATA_MOUSE",2,22,-0.0375940520406824,-30.3834286142823
"FNSANEDNVTQVR","CATA_MOUSE",2,27,0.218459377048737,4.61769709535977
"EAETFPFNPFDLTK","CATA_MOUSE",2,23,-0.800781998092301,-2.2675861879635
"GVVTAIDLLNFVAAR","CBS_MOUSE",2,25,0.0856446777514631,12.4753587627787
"AVVLPISLATTFK","CGL_MOUSE",2,17,0.118667622757679,6.24387684901065
"DASLSGFLPSFQHF","CGL_MOUSE",2,27,0.193573937863725,5.42943680314824
"QDFPGQSSGFEYSR","CGL_MOUSE",2,32,-0.0464785061913039,-34.1008057838606
"VGLQVVAVK","CH60_MOUSE",2,13,-0.0737067278129964,-8.51246839911761
"NAGVEGSLIVEK","CH60_MOUSE",2,23,0.105354205905107,9.36877273294932
"GVMLAVDAVIAELK","CH60_MOUSE",2,25,0.0199971283681223,58.8597824066231
"IAEVGGVPYLLPLVNK","CK054_MOUSE",2,24,-1.10843568620954,-1.84243961777535
"LLLPWLEAR","CLH1_MOUSE",2,16,-0.273063418109491,-3.12311466675987
"IQWAEELIAAFK","CLYBL_MOUSE",2,27,0.218108295581509,5.09839585206742
"YEGFFGLYR","CMC1_MOUSE",2,13,0.131093260780483,4.56324343257287
"SSPQFGVTLLTYELLQR","CMC2_MOUSE",3,29,-0.103994326811288,-13.5682871588892
"ALVDELEWEIAR","CNPY2_MOUSE",2,28,-0.26969460314903,-6.03038768167774
"VSILIGASQDLIPQLK","COMT_MOUSE",2,29,0.244539247483036,4.41410207426892
"SEDYAFPTYADR","COX41_MOUSE",2,25,0.0304121710142107,40.6487392944906
"SHGSHETDEEFDAR","COX5A_MOUSE",3,36,-1.16539265076649,-2.82451309287301
"GMNTLVGYDLVPEPK","COX5A_MOUSE",2,21,-0.0258021125570357,-37.5054458641851
"WVTYFNKPDIDAWELR","COX5A_MOUSE",3,23,44.6375295226686,-0.805365841807702
"KPTVVLHGYEAVK","CP237_MOUSE",3,19,-0.113109150787526,-8.78891284929431
"SFIAILDNLLTENR","CP2D9_MOUSE",3,23,-0.0723122994777235,-16.2796728637784
"VQQEIDAVIGQVR","CP2DA_MOUSE",2,30,-0.0325148326900037,-45.2982447861636
"SLLAIVENLLTENR","CP2DA_MOUSE",2,25,-0.42609713668883,-3.93472424172254
"SLLAIVENLLTENR","CP2DA_MOUSE",3,25,0.19089036603232,5.38338981328558
"PVIVLSGYQTVK","CP2F2_MOUSE",2,15,0.0426741679953153,16.6069649193413
"LFAEAVQK","CPSM_MOUSE",2,17,0.0526363385020427,15.2790473563078
"TFEESFQK","CPSM_MOUSE",2,15,-0.00954875451915637,-79.1558863400532
"EWPANLDLK","CPSM_MOUSE",2,16,-0.238217590916669,-3.62331830713937
"VPAIYGVDTR","CPSM_MOUSE",2,16,0.0682565044228162,9.67061318522632
"QNLIAEVSTK","CPSM_MOUSE",2,19,-0.0441725382096826,-19.6692760927725
"VMIGESIDEK","CPSM_MOUSE",2,18,-0.0742652260848558,-13.0857575063948
"FVHDNYVIR","CPSM_MOUSE",2,12,-0.0528693986231138,-10.4506660536777
"TAHIVLEDGTK","CPSM_MOUSE",3,17,0.0155764128041356,52.4377241559288
"SIFSAVLDELK","CPSM_MOUSE",2,18,-0.262394388389571,-3.82876951581975
"GILIGIQQSFR","CPSM_MOUSE",2,21,0.102958706499253,8.38920563308221
"VSQEHPVVLTK","CPSM_MOUSE",3,19,-0.025673617525195,-33.1008819394449
"VSQEHPVVLTK","CPSM_MOUSE",2,19,0.144553548200089,5.32753485550738
"QAFITAQNHGY","CPSM_MOUSE",2,24,-0.0300596513038907,-36.9366197868984
"IASVQTNEVGLK","CPSM_MOUSE",2,21,0.0699669096312005,14.1582160244812
"LYFEELSLER","CPSM_MOUSE",2,20,0.116064543685903,7.72921325228764
"NVVFSEDEMKR","CPSM_MOUSE",3,20,-0.186412393398335,-5.66081153269176
"NVVFSEDEMKR","CPSM_MOUSE",2,20,0.0172984257755253,52.9203256527587
"GNDVLVIEcNLR","CPSM_MOUSE",2,20,-0.265516157165685,-4.08247725459804
"EPLFGISTGNIITGL","CPSM_MOUSE",2,22,0.0346630540970671,26.8781001921136
"FLGVAEQLHNEGFK","CPSM_MOUSE",3,27,-0.107330131973912,-12.5369032765521
"FLGVAEQLHNEGFK","CPSM_MOUSE",2,27,0.065320627278426,17.7119425003614
"FDEHGIMVLGcGPY","CPSM_MOUSE",2,23,0.0321934922638783,32.9088136999927
"VLGTSVESIMATEDR","CPSM_MOUSE",2,28,-0.24061441326384,-6.4551553638634
"IEFEGQSVDFVDPNK","CPSM_MOUSE",2,28,-1.48511932051567,-2.00017470449341
"DGSIDLVINLPNNNTK","CPSM_MOUSE",2,23,-0.150916297285433,-7.24566782953071
"TSAcFEPSLDYMVTK","CPSM_MOUSE",2,23,0.0715594241991266,14.8307467828989
"TAVDSGIALLTNFQVTK","CPSM_MOUSE",2,25,-0.0539589812068495,-22.563013554551
"TAVDSGIALLTNFQVTK","CPSM_MOUSE",3,25,-0.118841524589574,-10.9361869069793
"DGVAVLR","CPT2_MOUSE",2,13,0.0871978360181132,6.87424119657651
"ELHAHLLAQDK","CPT2_MOUSE",3,25,0.00731180641970319,163.942686122143
"GVTLPELYQDPAYQR","CPT2_MOUSE",2,31,-0.897217625980247,-2.86432204055576
"cHGSQASYLFQQDK","CSAD_MOUSE",3,31,0.0245510785486613,57.1838509413944
"GGDVSVcEWYR","CX6B1_MOUSE",2,19,0.0180694743123412,55.463244226421
"NcWQNYLDFHR","CX6B1_MOUSE",3,18,-0.461184300139075,-2.43779230466812
"SLcPVSWVSAWDDR","CX6B1_MOUSE",2,25,0.159489769892734,6.70982542637272
"VEGSEPSVTYYR","CYB5B_MOUSE",2,23,0.102756875826184,9.52016269716761
"TGQAAGFSYTDANK","CYC_MOUSE",2,28,0.0305831599208672,40.1018664968714
"GITWGEDTLMEYLENPK","CYC_MOUSE",3,27,0.0806436000392142,16.2451504902889
"EEWDIIEGLIR","DECR_MOUSE",2,22,-0.0385350692786312,-29.213172257208
"VTKEEWDIIEGLIR","DECR_MOUSE",3,24,0.133581845618125,7.6852471304524
"HEYQANGPEDLNR","DEST_MOUSE",3,33,-0.127976674310205,-12.4746216700809
"EILVGDVGATITDPFK","DEST_MOUSE",2,23,-0.096915014015698,-13.0567438229922
"VVLVTGAGGGLGR","DHB4_MOUSE",2,20,-0.00612985370780194,-150.392675843627
"IDVVVNNAGILR","DHB4_MOUSE",2,19,-0.0618062639236093,-14.8000768707471
"AVANYDSVEAGEK","DHB4_MOUSE",2,30,-0.577564557787385,-3.72261776893678
"LGILGLcNTLAIEGR","DHB4_MOUSE",2,25,0.140215633026256,8.0268673945879
"HIDSASMYQNEK","DHB5_MOUSE",3,26,0.206961244867321,5.10710163895682
"HIDSASMYQNEK","DHB5_MOUSE",2,26,0.207988465805679,4.84462027537798
"VGNIGQTNYASSK","DHB8_MOUSE",2,23,0.0286324225630214,38.6221512799388
"YNLGLDLR","DHE3_MOUSE",2,11,0.067476695034526,7.71384113035128
"MVEGFFDR","DHE3_MOUSE",2,13,0.0511659894449239,11.0563602167316
"NYTDNELEK","DHE3_MOUSE",2,15,-0.213613802749538,-4.01734840298606
"YSTDVSVDEVK","DHE3_MOUSE",2,15,0.0206276697666499,37.1465278054548
"DDGSWEVIEGYR","DHE3_MOUSE",2,23,-0.344395639074044,-4.00854415364959
"DIVHSGLAYTMER","DHE3_MOUSE",3,24,0.102923410608057,9.25521727175857
"SVQESLER","DHE3_MOUSE",2,21,0.0670688785402007,13.7526356822758
"FALDGFFSTIR","DHI1_MOUSE",2,16,0.138355409623193,5.31258823165602
"EGGLLTLAGAK","DHPR_MOUSE",2,20,0.0777631175324651,11.9904544485222
"ATAQEAQSLGGR","DHRS1_MOUSE",2,34,-0.172805641946974,-9.92973392017473
"AVEAFETAK","DHSO_MOUSE",2,21,-0.00401933842446298,-249.828111097424
"HNADFcYK","DHSO_MOUSE",2,13,0.0757124544187998,8.1202734814979
"KPMVLGHEAAGTVTK","DHSO_MOUSE",3,25,-0.0419175808186021,-28.4525922381274
"VLVcGAGPVGMVTLLVAK","DHSO_MOUSE",2,24,0.00760266075930052,151.869578942336
"VHLQTQQEVK","DIC_MOUSE",3,21,0.299533303322841,2.86312676902432
"LcAATATILDKPEDR","DOPD_MOUSE",2,30,0.221001747686519,5.71518803200908
"ILQEGVDPK","ECHA_MOUSE",2,17,-0.10140943058782,-8.31733736540189
"MQLLEIITTDK","ECHA_MOUSE",2,15,0.127301447842998,5.15722401548105
"ALMGLYNGQVLcK","ECHA_MOUSE",2,20,0.0626008031489956,14.3488099725923
"MVGVPAAFDMMLTGR","ECHA_MOUSE",2,25,0.143488287455644,7.38487802921618
"MGLVDQLVEPLGPGIK","ECHA_MOUSE",3,26,-0.0239744000129317,-53.4280908587276
"MEQDEYALR","ECHB_MOUSE",2,23,0.109122917368926,9.38436201501798
"DVVDYIIFGTVIQEVK","ECHB_MOUSE",2,20,0.117921187144047,8.16324356772141
"EQMSDVEVGTFVQR","ECHD2_MOUSE",2,29,0.0554531424688484,21.4949657598109
"TFQDcYSSK","ECHM_MOUSE",2,14,0.0470342480443477,14.3677397849455
"LVEEAIQcAEK","ECHM_MOUSE",2,28,0.0951922325298905,12.9981173608156
"SLAMEMVLTGDR","ECHM_MOUSE",2,22,-0.681260482261438,-2.17532011092565
"LFYSTFATDDR","ECHM_MOUSE",2,15,-0.0318738318316293,-23.2098619454713
"VGIPVVAVESDPK","ECHP_MOUSE",2,23,0.182650799299698,5.33565992768657
"YSPIADMLcEAGR","ECHP_MOUSE",2,29,-0.636361287642512,-3.21138381350004
"VLVETEGPAGVAVMK","ECI1_MOUSE",2,27,0.0948213031829042,12.3558956053258
"YTIGLNESLLGIVAPFWFK","ECI1_MOUSE",2,25,-1.51903441782352,-1.68772635344636
"QTVAVGVIK","EF1A1_MOUSE",2,13,0.0827845554567463,6.6219339886167
"SGDAAIVDMVPGK","EF1A1_MOUSE",2,24,0.100752650655557,10.1256506737455
"EHALLAYTLGVK","EF1A1_MOUSE",3,20,-0.170151636625386,-6.55106224402079
"EHALLAYTLGVK","EF1A1_MOUSE",2,20,0.016416795484506,58.2141934574486
"YYVTIIDAPGHR","EF1A1_MOUSE",2,20,0.0126454900499526,70.2659507168436
"ITSLEVENQNLR","EF1D_MOUSE",2,24,0.0518097705353852,21.7887750372818
"YEWDVAEAR","EF2_MOUSE",2,22,0.227070529621378,4.21392113162339
"EGALcEENMR","EF2_MOUSE",2,26,0.220010933749344,4.82800461224449
"DSVVAGFQWATK","EF2_MOUSE",2,20,-0.043755840260069,-21.385955470425
"ETVSEESNVLcLSK","EF2_MOUSE",2,26,-0.462118205756089,-3.89095259460959
"IWcFGPDGTGPNILTDITK","EF2_MOUSE",2,23,0.307107612993407,2.72126537877765
"HYAHTDcPGHADYVK","EFTU_MOUSE",4,28,0.155438972658053,7.3387860463362
"HYAHTDcPGHADYVK","EFTU_MOUSE",3,28,-0.180784368768516,-8.87512173351204
"GTVVTGTLER","EFTU_MOUSE",2,13,0.0314187874879386,19.6412422088714
"GTEITHAVVIK","EIF3C_MOUSE",3,16,0.0285139491163491,26.498593572236
"IGAEVYHNLK","ENOA_MOUSE",2,17,0.124460873941955,5.86138579754439
"GNPTVEVDLYTAK","ENOA_MOUSE",2,19,-0.135632478811468,-7.7442636079186
"FGANAILGVSLAVcK","ENOA_MOUSE",2,26,-0.0503605020991413,-23.6818332958494
"GLFDEYGSK","ENPL_MOUSE",2,14,-0.0680954177311396,-11.1674273415274
"ELISNASDALDK","ENPL_MOUSE",2,25,-0.167169542199868,-8.4840694338456
"TVWDWELMNDIKPIWQR","ENPL_MOUSE",3,24,-0.0633199697068334,-18.7811364151914
"QGAETVQELLEVAK","ENTP5_MOUSE",2,32,0.273807878972764,4.81434924698337
"APEEILAEK","EST1C_MOUSE",2,24,-0.0856103963051457,-14.296616181661
"EVSFWAELR","EST1D_MOUSE",2,19,0.137492177179865,6.04984549080744
"TEDELLETSLK","EST1D_MOUSE",2,19,0.18402523493813,4.31598074908317
"DAGASTYMYEFEYR","EST1D_MOUSE",2,28,0.335635896701466,3.31839181505076
"ESYPFLPTVIDGVVLPK","EST1D_MOUSE",2,23,0.0326989571565898,33.4759460548355
"YVNLEGFTQPVAVFLGVPF","EST1D_MOUSE",2,28,-0.0659253125452865,-20.9353147862203
"GQAVNDLITNR","EST1F_MOUSE",2,21,0.0553604354169413,16.407981859673
"LGIWGFFSTEDEHSR","EST1_MOUSE",3,27,-0.481810692474278,-3.75490002790287
"YVTLEGFSQPVAVFLGVPF","EST1_MOUSE",2,28,-0.137408280116179,-10.7785458386391
"GNWGYLDQVAALR","EST2A_MOUSE",2,25,0.104808988346092,10.8076613468749
"SKQEILAINQVFK","EST2A_MOUSE",3,24,0.249357753854459,4.00842270492547
"LGVLGFFSTGDQHAR","EST2A_MOUSE",3,27,-0.25518775403677,-6.08579735075411
"GFLDVVAALR","EST3A_MOUSE",2,18,0.0370145138374218,21.4600689230966
"LGIFGFLSTGDK","EST3A_MOUSE",2,14,0.236514203065901,2.45990269896455
"LQFWTETLPR","EST3A_MOUSE",2,15,0.0135945753799203,49.1821245157078
"AFSGYLGPDESK","ESTD_MOUSE",2,23,-0.256525180695316,-5.40439295798716
"VLVAQHDAYK","ETFA_MOUSE",3,19,-0.0443098888932298,-21.67711808925
"VLVAQHDAYK","ETFA_MOUSE",2,19,0.102939086797184,8.30567990414421
"TIYAGNALcTVK","ETFA_MOUSE",2,17,-0.117988991222229,-7.06025490367273
"LNVAPVSDIIEIK","ETFA_MOUSE",2,22,0.13512791463128,6.38696795878736
"AGDLGVDLTSK","ETFB_MOUSE",2,17,0.0566128507811883,14.6915755833946
"EIDGGLETLR","ETFB_MOUSE",2,19,0.119408191496399,7.52089445398636
"LKLPAVVTADLR","ETFB_MOUSE",3,19,0.158103824624977,4.88395628702721
"AScDAQTYGIGLK","ETFD_MOUSE",2,24,-0.0503118806994758,-24.3836788483885
"QLTSENLQSK","ETFD_MOUSE",2,20,-0.00265413041669232,-344.367212681595
"YVGSMVADIHR","F16P1_MOUSE",2,20,0.0811775045014623,11.6172099467704
"GNIYSLNEGYAK","F16P1_MOUSE",2,21,0.0568477868972393,15.5388133853467
"DFDPAINEYLQR","F16P1_MOUSE",2,25,-0.297845274172258,-5.31462760081326
"DFDPAINEYLQR","F16P1_MOUSE",3,25,0.290317793873185,3.23560672629153
"TLVYGGIFLYPANK","F16P1_MOUSE",2,17,0.188118967390644,3.73334871320445
"MLDPSIGEFIMVDR","F16P1_MOUSE",2,24,0.0969056993904174,11.0939054947882
"STDEPSEKDALQPGR","F16P1_MOUSE",3,36,-0.123363164949628,-15.0668611370583
"KLDILSNDLVINMLK","F16P1_MOUSE",3,17,-0.405322704107839,-2.8811842653158
"LLYEcNPIAYVMEK","F16P1_MOUSE",2,23,0.175019189180539,5.45973964159202
"ASLQNLLSASQAR","FAAA_MOUSE",2,34,0.134451071611313,10.0878694738586
"IGVAIGDQILDLSVIK","FAAA_MOUSE",2,25,-0.0988650200440482,-13.7667170065166
"DIQQWEYVPLGPFLGK","FAAA_MOUSE",3,27,0.180259086514931,6.30598774256031
"DIQQWEYVPLGPFLGK","FAAA_MOUSE",2,27,0.204762828080595,5.86438098644362
"GVSEIVHEGK","FABPL_MOUSE",2,20,-0.00637579516912017,-144.654378307202
"GVSEIVHEGKK","FABPL_MOUSE",2,20,-0.0431798625144142,-21.325517941009
"AIGLPEDLIQK","FABPL_MOUSE",2,22,-0.122591963714324,-9.54490620277947
"YQLQSQENFEPFMK","FABPL_MOUSE",3,30,0.179103486777811,6.83714342785496
"YQLQSQENFEPFMK","FABPL_MOUSE",2,30,-0.167553814400628,-10.0278598100855
"AVVKLEGDNK","FABPL_MOUSE",3,16,0.0151442674504344,47.0080801519636
"SDEAVKPLGVK","FAS_MOUSE",3,19,0.122094149312288,6.61259351047994
"SDEAVKPLGVK","FAS_MOUSE",2,19,-0.0994698755842495,-9.86398527396371
"FTEHVEEGR","FMO1_MOUSE",2,21,-0.211444153546261,-5.27051074247107
"KTILTTEDR","FMO5_MOUSE",2,12,-0.103479199251943,-5.94670030722739
"FDHEMFGLKPK","FMO5_MOUSE",3,16,0.0267870388006252,27.8194866191509
"IAVIGAGASGLTcIK","FMO5_MOUSE",2,27,-0.12406031727037,-11.4991549090899
"FQEAPEEGR","FMO5_MOUSE",2,28,0.0223567247669512,56.0439349813306
"LGLDSLAPFDPK","FTCD_MOUSE",2,20,-0.0320898192870151,-29.8143366517945
"TQAALVLGSLEAR","FTCD_MOUSE",2,30,0.0295661119116597,47.4168427864319
"AIEMLGGELGSK","FUMH_MOUSE",2,24,0.0646408014716763,18.5039386071375
"VPTPNVSVVDLTcR","G3P_MOUSE",2,19,0.0364339244878407,22.3821239937971
"VIHDNFGIVEGLMTTVH","G3P_MOUSE",3,23,-0.069594850464232,-16.0263738739391
"NLLLAEVINIIK","GABT_MOUSE",2,17,-0.168089304392926,-5.2037275674405
"FGAVWTGDNTAEWDHLK","GANAB_MOUSE",3,27,0.0615272097341157,19.528806936212
"LGQLNIDISNIK","GLPK_MOUSE",2,19,0.128795949368913,6.44899476725753
"IVPLQGAQMLQMLEK","GLYAT_MOUSE",3,30,0.19602431842838,5.96260276310961
"AVLEALGScLNNK","GLYC_MOUSE",2,24,0.098373596105722,11.2006996136581
"PGGLLVIDHR","GNMT_MOUSE",3,17,-0.0467517443737954,-16.8276247665544
"DITTSVLTVNNK","GNMT_MOUSE",2,12,0.0566419586965436,8.88183862301199
"AHMVTLDYTVQVPGTGR","GNMT_MOUSE",3,27,0.0609103845047761,20.1575342983637
"AHMVTLDYTVQVPGTGR","GNMT_MOUSE",2,27,0.0479757149019372,25.438165853165
"GVDEGPNGLK","GPDA_MOUSE",2,18,-0.231627310841614,-4.01399975791326
"FPLFTAVYK","GPDA_MOUSE",2,9,-0.344051090260679,-1.50685491792739
"VTMWVFEEDIGGR","GPDA_MOUSE",2,21,0.313241424582513,2.58951782439182
"LTEIINTQHENVK","GPDA_MOUSE",2,22,-0.179300639086187,-7.24753952198195
"VcYEGQPVGEFIR","GPDA_MOUSE",2,26,0.0200666731222496,65.857036967894
"KLTEIINTQHENVK","GPDA_MOUSE",3,23,-0.0195573145947848,-54.7843837147949
"PGGGFEPNFTLFEK","GPX1_MOUSE",2,23,-3.14117265107739,-1.12527644318039
"YVRPGGGFEPNFTLFEK","GPX1_MOUSE",3,27,-1.78076443197325,-1.5959803405044
"LLDAAGANLR","GRHPR_MOUSE",2,23,-0.0811886333818835,-13.2016624781799
"RYDDPEVQK","GRP75_MOUSE",2,19,-0.118528003507299,-8.45892064811488
"QAASSLQQASLK","GRP75_MOUSE",2,33,-0.0682812446416769,-23.0988397609903
"ASNGDAWVEAHGK","GRP75_MOUSE",3,30,-0.524779607927784,-3.83151503334844
"VINEPTAAALAYGLDK","GRP75_MOUSE",2,32,0.0464716564395398,30.3572666915928
"YFPAFEK","GSTA3_MOUSE",2,12,-0.0311937407380648,-18.8420504965196
"PVLHYFDGR","GSTA3_MOUSE",3,14,0.0697202732111962,8.82693540496843
"PVLHYFDGR","GSTA3_MOUSE",2,14,0.12591012515796,4.41865608003659
"EKEESYDLILSR","GSTA4_MOUSE",3,25,0.0584943586096879,17.8690628998219
"LYSEFLGK","GSTM1_MOUSE",2,11,-0.0233381463287359,-22.8835350717904
"YTMGDAPDFDR","GSTM1_MOUSE",2,19,0.104175206056987,8.86177898785825
"KHHLDGETEEER","GSTM1_MOUSE",3,30,-0.353619364420833,-5.07814959077667
"KHHLDGETEEER","GSTM1_MOUSE",2,30,0.0286155511318709,49.6248512879279
"LGLDFPNLPYLIDGSHK","GSTM1_MOUSE",3,25,-0.115445282192459,-10.8896999638144
"HNLcGETEEER","GSTM2_MOUSE",2,28,-0.167592555711493,-9.47227467003581
"KHNLcGETEEER","GSTM2_MOUSE",2,29,-0.0635091491382647,-23.1400820470885
"LADQGQSWK","GSTP1_MOUSE",2,19,0.0393851990254781,19.9196622734397
"LKPFETLLSQNQGGK","GSTP1_MOUSE",2,26,-0.0197478150855436,-61.4180185685497
"VDEYLAWQHTGLR","GSTT1_MOUSE",3,24,0.141672664905663,7.65468689135571
"GAAYSHAEDSIR","HACL1_MOUSE",2,32,0.0656398179605723,20.24166848559
"ALQSADVIVLFGAR","HACL1_MOUSE",2,29,-0.0677064609988349,-20.6584390879072
"IHTLEDFQR","HCD2_MOUSE",3,18,0.148328922178049,4.82832631558702
"VVTIAPGLFATPLLTTLPEK","HCD2_MOUSE",2,27,-0.821834566461228,-2.41335918668593
"IHTLEDFQR","HCD2_MOUSE",2,18,-0.506030749633947,-2.45046067820341
"GDASKEDIDTAMK","HCDH_MOUSE",3,25,0.0906180334477039,13.4410127980054
"LAEVALAYAK","HEM2_MOUSE",2,22,0.21582757002119,4.47582018274809
"AGADIIITYFAPQLLK","HEM2_MOUSE",2,28,0.271402207888559,3.90696965569779
"AGIATHFVDSEK","HIBCH_MOUSE",2,24,-0.0584576970204799,-20.0233606574496
"QNLTQDLFR","HIBCH_MOUSE",2,16,0.0867464397025812,7.98972210010759
"LEAPcQQWMELR","HIUH_MOUSE",2,29,-0.195405279235433,-8.80313014120724
"GQESFYPYVEVVFTITK","HIUH_MOUSE",2,24,-0.522883523759171,-3.26406725266
"YTVGLGQTR","HMCS2_MOUSE",2,13,-0.0565850179177472,-11.1093984518489
"LVSSVSDLPK","HMCS2_MOUSE",2,15,0.121267509341567,5.66364824559407
"ASLDMFNQK","HMCS2_MOUSE",2,16,0.17850140666881,3.86111676537036
"APLVLEQGLR","HMCS2_MOUSE",2,22,0.168383036853228,5.38902562526361
"TKLPWDAVGR","HMCS2_MOUSE",3,15,-0.198714599314277,-3.9935402748811
"LMFNDFLSSSSDK","HMCS2_MOUSE",2,19,0.107208125494817,8.0086237238713
"DASPGSPLEK","HMCS2_MOUSE",2,23,-0.394537765527226,-3.24484635758488
"IKGEHPGLSIGDVAK","HMGB1_MOUSE",3,28,-0.218984676547547,-6.69279538648091
"WVPQMADHSDVLK","HMGCL_MOUSE",3,23,-0.984690179011631,-2.01089059527437
"EVSVFGAVSELFTR","HMGCL_MOUSE",2,25,0.200904908265192,5.11127023599639
"IILDLISESPIK","HNRPK_MOUSE",2,19,-0.163210306484273,-5.6424520905377
"PTLFLEVIQR","HPPD_MOUSE",2,17,-0.130573154723441,-6.8323939022355
"FLPGFEAPTYK","HPPD_MOUSE",2,17,0.126760879676854,5.67125569066764
"SIVVTNYEESIK","HPPD_MOUSE",2,19,-0.15779763868988,-6.24557342269291
"ADLINNLGTIAK","HS90A_MOUSE",2,19,-0.202091544251529,-4.66447664265421
"SLTNDWEEHLAVK","HS90A_MOUSE",3,23,0.131323923649051,8.04080800776794
"APFDLFENK","HS90B_MOUSE",2,16,0.00803882966477001,84.2814958177359
"STAGDTHLGGEDFDNR","HSP7C_MOUSE",3,31,0.204814103939338,6.17851534192139
"TVTNAVVTVPAYFNDSQR","HSP7C_MOUSE",2,29,-0.134610410633756,-11.1449060970613
"LQELQVNLVR","HUTH_MOUSE",2,20,0.0562963704354353,15.6225539548223
"QFSGETFEER","HUTI_MOUSE",2,24,0.141119307169514,7.48686489572111
"HLVQESLR","HUTU_MOUSE",2,18,0.0584730503224036,13.6764316977105
"LQYMDNIR","HUTU_MOUSE",2,14,0.163741082588489,3.62965926637028
"YLGIENLAGK","HUTU_MOUSE",2,17,0.0851438068541466,8.43343444587393
"HQLVVGSQAR","HUTU_MOUSE",2,24,-0.115536910521318,-10.4290106007679
"DHHDVSGTDSPFR","HUTU_MOUSE",3,25,0.0739813384321735,14.1121156151555
"DHHDVSGTDSPFR","HUTU_MOUSE",2,25,0.0964544251758657,11.3198564003573
"VFVTSGLGGMSGAQAK","HUTU_MOUSE",2,29,-0.452557442555202,-3.92553562002387
"SEEALALPR","HYES_MOUSE",2,25,0.101649760917575,10.6989120630794
"ASDETGFIAVHK","HYES_MOUSE",3,24,0.155610433686309,6.02313326772349
"ASDETGFIAVHK","HYES_MOUSE",2,24,-0.0584576970204799,-20.0233606574496
"ILVPALMVTAEK","HYES_MOUSE",2,19,0.252647430721091,3.01893200129011
"YQIPALAQAGFR","HYES_MOUSE",2,30,-0.0320584135919666,-41.6018812457944
"WLQTEVQNPSVTSK","HYES_MOUSE",2,24,0.105680528534714,9.05289863576473
"ITFSQWVPLMDESYR","HYES_MOUSE",2,25,-0.101563649548155,-11.9020157752971
"IKPEPQIYNFLLDTLK","HYES_MOUSE",3,22,-0.561568789875539,-2.42509107472152
"GFTTcIVTNNWLDDGDKR","HYES_MOUSE",3,22,-0.174276147941746,-6.76012016998622
"DAVIYPILVEFTR","HYOU1_MOUSE",3,20,0.305898726725624,2.36438472143802
"DAVIYPILVEFTR","HYOU1_MOUSE",2,20,0.114580205251497,8.27162033206727
"VEITYTPK","IDHC_MOUSE",2,9,-0.0805925553299602,-5.43641070143898
"TVEAEAAHGTVTR","IDHC_MOUSE",3,29,0.140711462656124,8.86705206375075
"TVEAEAAHGTVTR","IDHC_MOUSE",2,29,0.0379741625311587,34.711957226685
"GQETSTNPIASIFAW","IDHC_MOUSE",2,30,-0.192657056556285,-7.95028071509131
"FAQTLEK","IDHP_MOUSE",2,13,0.0485790867428009,12.766605303859
"LNEHFLNTTDFLDTIK","IDHP_MOUSE",3,18,-0.641807458890626,-1.94155156139791
"GYDVIAQAQSGTGK","IF4A1_MOUSE",2,29,0.0369329157529331,37.3949505211577
"GNIQLTNSAISDALK","IIGP1_MOUSE",2,28,0.108087345847929,10.5451635073722
"KFSGVYLEK","INMT_MOUSE",2,11,-0.0387977769275718,-13.8590034846205
"AIQDAGcQVLK","INMT_MOUSE",2,24,-0.296135901488828,-4.70312915642999
"VYIGGEDYEKEFTPK","INMT_MOUSE",3,24,0.395653170037658,2.36735641641145
"VIAINVDDPDAANYK","IPYR_MOUSE",2,28,0.034988745928424,37.6445893479209
"GIScMNTTVSESPFK","IPYR_MOUSE",2,23,-0.415430690877315,-3.17715440991601
"LKPGYLEATVDWFR","IPYR_MOUSE",3,21,0.0153970375041423,65.7673469458278
"GQYISPFHDVPIYADK","IPYR_MOUSE",3,28,-0.945653475222381,-2.28177385023759
"VLGSIISSLDLLPYGLR","IQGA2_MOUSE",2,25,0.00976967765938587,132.484580240613
"VLGSIISSLDLLPYGLR","IQGA2_MOUSE",3,25,0.188164716533938,5.39324611517683
"AQYEALAQK","K1C18_MOUSE",2,25,-0.0816565205168173,-13.967799816388
"VKYETELAMR","K1C18_MOUSE",3,18,-0.0217955018647661,-37.0862735965056
"QAQEYEALLNIK","K1C18_MOUSE",2,28,-0.52175702790916,-3.2055319983486
"AEAETMYQIK","K2C8_MOUSE",2,23,-0.695401157048612,-2.28862239186501
"LALDIEITTYR","K2C8_MOUSE",2,17,-0.439960620262086,-2.39074581355957
"LEGLTDEINFLR","K2C8_MOUSE",2,20,-0.180447861918134,-6.43275528459597
"LVSESSDVVSK","K2C8_MOUSE",2,19,-0.317130762578203,-3.16301664814158
"LQAEIEALK","K2C8_MOUSE",2,22,-0.113119313898242,-10.2558882802492
"cGLQGFDGIV","KHK_MOUSE",2,16,-0.00744467622836089,-113.360000382618
"TIILYDTNLPDVSAK","KHK_MOUSE",2,19,0.176734168273551,4.96841093300365
"TVWVDYHNITQVVAVGGR","KPYR_MOUSE",3,26,-0.172025021480159,-8.00735780857161
"VTLTPEEEAR","LDHA_MOUSE",2,23,-0.186676362473504,-6.69084514384682
"QVVDSAYEVIK","LDHA_MOUSE",2,20,-0.507087926030787,-2.63636607028542
"LLIVSNPVDILTYVAWK","LDHA_MOUSE",2,19,0.187083497554483,4.53244268284154
"SADTLWGIQK","LDHA_MOUSE",2,16,0.0762083114968454,10.0572847812948
"AYSTDVcVPISR","LDHD_MOUSE",2,21,0.281457546647004,2.83351873086259
"FSLYFLAYEDKNDIPK","LGUL_MOUSE",3,23,-1.95244856892039,-1.3266558908533
"IHELFPLLNMNK","M2GD_MOUSE",3,17,-0.240281027601744,-3.63119097215418
"GIDYEIVPINLIK","MAAI_MOUSE",2,18,-0.129143379235965,-6.8690467813893
"ELLALEVFQVSHPR","MAAI_MOUSE",3,30,-0.476288213476334,-4.04480110351919
"LQQVGTVAQLWIYPIK","MARC1_MOUSE",2,26,-0.149442529174246,-8.56625455024334
"LQQVGTVAQLWIYPIK","MARC1_MOUSE",3,26,0.084211302832715,12.8547552248205
"KEPLETLK","MARC1_MOUSE",2,12,0.0832596918307253,7.20403138040609
"QLQQVGTVSK","MARC2_MOUSE",2,18,0.0789817378624931,11.2520623193953
"cVLTTVDPDTGIIDR","MARC2_MOUSE",2,19,0.123410308526427,7.04563274806869
"ALVSQLHER","MCCB_MOUSE",3,22,-0.314959006053281,-3.97187294710493
"GEFITTVQQR","MDHC_MOUSE",2,19,0.115216200773451,7.21624358256275
"IQEAGTEVVK","MDHM_MOUSE",2,20,-0.0867314853743098,-11.698025653023
"FVFSLVDAMNGK","MDHM_MOUSE",2,16,0.0174880090508212,41.1300785252838
"GYLGPEQLPDcLK","MDHM_MOUSE",2,23,-0.125801747638849,-9.91493021181095
"ETEcTYFSTPLLLGK","MDHM_MOUSE",2,20,0.14147981612394,6.60934434728057
"FVIGGPQGDAGVTGR","METK1_MOUSE",2,28,0.146359679248076,7.46193629538557
"VVSQYHELVVQAR","MIC60_MOUSE",3,28,-0.089329460531382,-15.3354149794893
"EGASILLDGR","MMSA_MOUSE",2,22,0.152131958563149,6.40821801921864
"TLADAEGDVFR","MMSA_MOUSE",2,22,-0.124764502887318,-9.88192053738551
"QGIQFYTQLK","MMSA_MOUSE",2,16,0.0437616766213697,18.7469038370712
"WIDIHNPATNEVVGR","MMSA_MOUSE",3,27,-0.0633314970622171,-19.8282366079253
"EEGIVGFFAGLIPR","MTCH2_MOUSE",2,27,-0.0268905539013761,-47.5984781413009
"DNLEALQR","MTP_MOUSE",2,20,-0.0358154722023992,-26.9629114699437
"AIPIVGQVLER","MTP_MOUSE",2,23,0.142791382248701,6.65960015612689
"NALLPEGIPLLLK","MTP_MOUSE",2,21,0.00570555515112521,155.242586369246
"DNHVVAAGSMER","NADC_MOUSE",2,28,0.131143343256619,9.0349695090645
"DNHVVAAGSMER","NADC_MOUSE",3,28,0.166978626153149,7.39085807306986
"YGLQVGGAAcHR","NADC_MOUSE",3,27,0.0379021961182995,34.1393510360115
"DILLRPELEELR","NB5R3_MOUSE",2,26,0.00963182992752392,137.741360550973
"TFIAIKPDGVQR","NDKA_MOUSE",2,21,-0.255851130217069,-4.32263451675889
"FGDMQEIIQNFVR","NDRG2_MOUSE",2,25,0.00285639109743093,438.490639747405
"YGLLAAILGDK","NDUAA_MOUSE",2,17,0.149623429386647,4.84808850295163
"DPWYQWDHSELR","NDUB8_MOUSE",3,24,-0.237676115661597,-5.12016735063056
"FEIVYNLLSLR","NDUS3_MOUSE",2,15,-0.754105681620125,-1.40893159881717
"ILTDYGFEGHPFR","NDUS3_MOUSE",3,21,0.160717411641717,5.5222040190569
"DSEGSWFR","NIPS1_MOUSE",2,16,0.151608525699053,4.44617001473598
"TLSPGDSFSTFDTPYcK","NIT2_MOUSE",2,23,0.0162811269605718,64.1571660855449
"VALSPAGVQALVK","NNTM_MOUSE",2,26,0.212034986597956,4.96897322866787
"DDFDFGTMSHVIR","NNTM_MOUSE",3,20,-0.0554303746168062,-16.8554321990799
"VLIVYAHQEPK","NQO2_MOUSE",3,21,0.0704190791855741,13.1667488434997
"GFAFDIPGFYDSGFLK","NQO2_MOUSE",2,23,-0.00913157902781252,-128.719567328425
"MNLFQSITSALDNSLAK","ODBB_MOUSE",3,30,-0.269211109690505,-6.05617829593797
"DVPLGAPLcIIVEK","ODP2_MOUSE",2,23,-0.161038381140439,-7.13530837509109
"TADDPSLSLIK","OST48_MOUSE",2,18,-0.152691565429302,-6.19873084027109
"GEYLPLLQGK","OTC_MOUSE",2,17,0.106605929468493,6.80803136477484
"GYEPDPNIVK","OTC_MOUSE",2,17,-0.635921541375272,-1.75701241728442
"SLVFPEAENR","OTC_MOUSE",2,23,0.0590058486402297,17.1401770188563
"VAASDWTFLHcLPR","OTC_MOUSE",3,25,-0.27850194661751,-4.72203911532848
"KPEEVDDEVFYSPR","OTC_MOUSE",3,29,-0.298037249275056,-5.64180630408093
"LSMTNDPLEAAR","OTC_MOUSE",2,26,-0.346296743327322,-4.20210704731881
"VNTEPLPAIEK","PBLD1_MOUSE",2,21,-0.139646062620732,-7.12919047464958
"TLEEDAHQQIAR","PBLD1_MOUSE",3,33,-0.145594143254985,-12.1176618706073
"LPIFIADAFTATAFR","PBLD1_MOUSE",3,27,0.238715229310158,4.51753938110084
"LPIFIADAFTATAFR","PBLD1_MOUSE",2,27,-0.271665992662073,-5.65961849543065
"TQGVSTTDLVGR","PCY2_MOUSE",2,18,0.113107019629949,6.70394060175126
"DHENIIIAK","PDIA1_MOUSE",2,18,0.176271916097113,4.06786266490607
"TVIDYNGER","PDIA1_MOUSE",2,15,-0.315966920634402,-2.74026039278053
"SNFEEALAAHK","PDIA1_MOUSE",2,28,0.143311354024692,8.43231967101646
"SNFEEALAAHK","PDIA1_MOUSE",3,28,0.158214142180221,7.18432663634076
"MDSTANEVEAVK","PDIA1_MOUSE",2,25,0.00497943764432643,251.959951383137
"KSNFEEALAAHK","PDIA1_MOUSE",3,29,0.104044215223031,11.549243866197
"LGETYKDHENIIIAK","PDIA1_MOUSE",2,25,0.214436284379805,4.69321758211467
"ILFIFIDSDHTDNQR","PDIA1_MOUSE",3,24,0.213838007987661,4.64076551621543
"ALAPEYAK","PDIA1_MOUSE",2,20,-0.16024588618142,-6.12381326130665
"DGEEAGAYDGPR","PDIA3_MOUSE",2,32,0.160387012210055,8.6288593653364
"ELNDFISYLQR","PDIA3_MOUSE",2,20,0.0448060749640866,21.8552822795892
"MDATANDVPSPYEVK","PDIA3_MOUSE",2,28,0.270639926038155,3.859060227839
"TGEAIVDAALSALR","PDIA6_MOUSE",2,32,0.00454364974345339,325.395716168116
"GESPVDYDGGR","PDIA6_MOUSE",2,23,0.18466841832874,5.56832201196946
"LYTLVLTDPDAPSR","PEBP1_MOUSE",2,22,-0.184883551591095,-5.9661051234127
"SMALAWASSGVR","PECR_MOUSE",2,27,0.245240767803483,4.29315915572599
"TVEINNTDAEGR","PEPL1_MOUSE",2,25,-0.221039979553471,-6.46089615903584
"FHVEEEGK","PGK1_MOUSE",2,18,0.246157619775119,2.92084021933167
"FHVEEEGKGK","PGK1_MOUSE",3,20,0.146346191023564,6.10337363205735
"IQLINNMLDK","PGK1_MOUSE",2,14,-0.0751694438928944,-8.75963359663184
"LGDVYVNDAFGTAHR","PGK1_MOUSE",3,26,0.0425328908872457,28.8708486665952
"QFADIAYNYR","PH4H_MOUSE",2,21,-0.00107592204352278,-973.778286754225
"IVQAEGEAEAAK","PHB2_MOUSE",2,35,-1.43812584803489,-2.40690316326611
"IGGVQQDTILAEGLHFR","PHB2_MOUSE",3,34,0.163430591844382,8.33045336563801
"QVSDDLTER","PHB_MOUSE",2,19,0.0896593556661971,9.23118614310496
"VNDDIIVNWVNTTLK","PLSL_MOUSE",2,14,0.24104134861283,2.23393006474308
"IIPGFMcQGGDFTR","PPIA_MOUSE",2,23,-0.0758191411981371,-14.4722415505249
"ADEGISFR","PRDX1_MOUSE",2,19,0.244222407450158,3.07076991943576
"ATAVMPDGQFK","PRDX1_MOUSE",2,21,0.113348762402121,7.30845784588871
"DYGVLLESAGIALR","PRDX3_MOUSE",2,27,-0.026057591557513,-50.1137715267267
"VNLAELFK","PRDX5_MOUSE",2,12,0.120370745372436,4.15288795383258
"FSMVIDNGIVK","PRDX5_MOUSE",2,13,0.0455752519356389,12.9942067799642
"ATDLLLDDSLVSLFGNR","PRDX5_MOUSE",3,26,0.243368665223386,4.50202899474204
"DFTPVcTTELGR","PRDX6_MOUSE",2,17,0.136379483635371,5.88976418323668
"SIDSVEDHLAWSK","PRDX6_MOUSE",3,25,0.154242583766816,7.36905445690208
"DLAILLGMLDPVEK","PRDX6_MOUSE",2,22,0.19351619575821,4.94693428972549
"DLAILLGMLDPVEK","PRDX6_MOUSE",3,22,-0.342861335157335,-3.93237236014001
"VVDSLQLTGTKPVATPVDWK","PRDX6_MOUSE",3,26,-0.0946833919776924,-14.4346349189888
"LEVAVLQDSIAK","PROD_MOUSE",2,24,-0.644802505880698,-2.63884369311245
"FTEEEEQQMK","PROD_MOUSE",2,25,0.012385321241728,101.388536112531
"SSFFVNGLTLGGQK","PROF1_MOUSE",2,20,0.216585352647742,3.54522506197156
"DSLLQDGEFTMDLR","PROF1_MOUSE",2,25,-0.874089140775144,-2.22637429884165
"LLDSSTVTHLFK","PSA6_MOUSE",3,13,-0.0561101207154711,-10.9424612061147
"DKFEPGILQLSQWFK","PTGR2_MOUSE",3,25,0.25255042914581,4.14333849242506
"ADEAYLIGR","PYC_MOUSE",2,21,0.168156792606901,5.45968130419908
"GTPLDTEVPLER","PYC_MOUSE",2,22,0.0641855792310955,14.9850197792239
"QVFFELNGQLR","PYC_MOUSE",2,21,0.143562147391365,6.54135218880986
"ADFAQAcQDAGVR","PYC_MOUSE",2,35,-1.7527180069521,-1.96935448453162
"VFDYSEYWEGAR","PYC_MOUSE",2,23,-0.0643556190432635,-19.0514131293044
"NHQGLLLMDTTFR","PYC_MOUSE",3,19,0.115440441154971,7.38872087768559
"DFTATFGPLDSLNTR","PYC_MOUSE",2,22,-0.304433853362039,-4.23940735383216
"TVAVYSEQDTGQMHR","PYC_MOUSE",2,31,-0.334202648183181,-5.30875422152234
"TVAVYSEQDTGQMHR","PYC_MOUSE",3,31,0.161767365706975,7.7584380061239
"GLAPVQAYLHIPDIIK","PYC_MOUSE",3,29,0.135427942630193,9.25139337162701
"VVHSYEELEENYTR","PYC_MOUSE",3,29,-0.112296091294779,-13.2625299964216
"YSLEYYMGLAEELVR","PYC_MOUSE",3,28,-0.309079464143302,-5.39928424892291
"FSQFLEK","PYGL_MOUSE",2,12,-0.0229922923320445,-24.6837873607189
"DYYFALAH","PYGL_MOUSE",2,14,0.0011251287426826,605.735638138629
"VSQLYMNQK","PYGL_MOUSE",2,15,-0.112259157580354,-6.59270436522696
"GIVGVENVAELK","PYGL_MOUSE",2,21,-0.0166456936595705,-56.6641119879923
"EYYEALPELK","PYGL_MOUSE",2,21,-0.105528310749895,-10.5046276603053
"DYYFALAHTVR","PYGL_MOUSE",3,18,-0.0362309121671476,-26.0037952629489
"DIINMLFYHDR","PYGL_MOUSE",3,16,-0.069469130678726,-11.338293456681
"LHSFVSDDIFLR","PYGL_MOUSE",3,18,0.0400790078185337,20.469306733893
"QEYFVVAATLQDVIR","PYGL_MOUSE",2,29,-0.611329992248173,-3.00574973906037
"WLLLcNPGLADLIAEK","PYGL_MOUSE",2,26,-0.0324013143638639,-40.798394499997
"LcTSATESEVTR","QCR1_MOUSE",2,23,0.0462293469273971,22.4734283480336
"VYEEDAVPGLTPcR","QCR1_MOUSE",2,28,-0.232219412573595,-6.42358765897823
"GGLGLAGAK","QCR2_MOUSE",2,17,0.152684460873483,4.83037885354754
"NALANPLYcPDYR","QCR2_MOUSE",2,25,0.0368452254104071,30.0342966765315
"YEDSNNLGTSHLLR","QCR2_MOUSE",3,25,-0.103506697288915,-12.0076062326158
"YGVEAFSDSLR","RDH16_MOUSE",2,22,0.283512676535627,2.89116904202409
"QLGGYVATIGTK","RGN_MOUSE",2,17,-0.227771189098773,-4.24892386786208
"WDTVSNQVQR","RGN_MOUSE",2,19,-0.0456945450159175,-20.3792257242228
"DYSEMYVTcAR","RGN_MOUSE",2,20,-0.0851358653290067,-12.0548868496641
"HQGSLYSLFPDHSVK","RGN_MOUSE",2,27,0.0636366198366571,18.3068193238199
"AAYQVAALPR","RIDA_MOUSE",2,27,-0.326809580269395,-4.36303375999083
"AAGcDFNNVVK","RIDA_MOUSE",2,19,0.114702755895205,7.04667832179999
"VEIEAIAVQGPFIK","RIDA_MOUSE",2,29,-0.417067437451919,-4.16336263918272
"GLDVDSLVIEHIQVNK","RL17_MOUSE",3,26,-0.408155749478265,-3.72498493583423
"ILTFDQLALESPK","RL18_MOUSE",2,22,0.0559233150186793,16.2771149314402
"VcTLAIIDPGDSDIIR","RL30_MOUSE",2,27,-0.19238945132675,-7.25139366062238
"QLDSGLLLVTGPLVINR","RL6_MOUSE",2,25,-1.81454841417116,-1.42341391008034
"ILDSVGIEADDDR","RLA2_MOUSE",2,26,-0.177189138698832,-7.42668628985827
"VTAEVVLVHPGGGSTSR","RPN1_MOUSE",3,31,-0.158504061972991,-9.25634420164191
"EDQVIQLMNTIFSK","RPN2_MOUSE",2,23,-0.0322618736128859,-33.2002274661984
"LQSSEVEVK","RRBP1_MOUSE",2,19,0.0811081295547527,10.0596880368367
"IAIYELLFK","RS10_MOUSE",2,12,-0.279273083474366,-2.36571405241457
"GLAPDLPEDLYHLIK","RS13_MOUSE",3,26,0.149336961300555,6.52342297130344
"HGYIGEFEIIDDHR","RS15A_MOUSE",3,28,-5.7302117399784,-1.25916826245727
"AGELTEDEVER","RS18_MOUSE",2,28,-0.881693198268579,-2.46482831885481
"SPYQEFTDHLVK","RS2_MOUSE",3,20,-0.0979747711638428,-10.5050140115137
"ESEIIDFFLGASLK","RS2_MOUSE",2,25,-1.47278487040096,-1.57142580204206
"FGFPEGSVELYAEK","RS3_MOUSE",2,27,0.0554328370102986,24.3567057077209
"TDITYPAGFMDVISIDK","RS4X_MOUSE",2,23,0.335451808537768,2.47390171632248
"QQYEHTVQVSR","S14L2_MOUSE",3,26,0.175995609324219,5.93102642173139
"QQYEHTVQVSR","S14L2_MOUSE",2,26,0.20724131679188,4.69319352587716
"IKENYEFNGK","S27A2_MOUSE",3,16,-0.168799109604104,-5.21343178877028
"VTLMEEGFNPTVIK","S27A2_MOUSE",2,19,0.127394493349812,5.91471572999055
"DAAAILVLPSK","S27A5_MOUSE",2,22,0.162509302297231,6.05595550512955
"IILLAEGR","SAHH_MOUSE",2,16,0.141140677484514,4.81623736421257
"VADIGLAAWGR","SAHH_MOUSE",2,23,-0.088061467084178,-12.3970933114862
"VAVVAGYGDVGK","SAHH_MOUSE",2,19,-0.0253533538340878,-38.4476361329664
"KLDEAVAEAHLGK","SAHH_MOUSE",2,29,-0.0772336750773428,-19.4660450204962
"ALDIAENEMPGLMR","SAHH_MOUSE",2,32,-0.166917653758628,-10.1089646560037
"VIITEIDPINALQAA","SAHH_MOUSE",2,31,0.245994567538931,5.17469369952355
"GISEETTTGVHNLYK","SAHH_MOUSE",3,23,-0.763452389938938,-2.22166309669545
"GISEETTTGVHNLYK","SAHH_MOUSE",2,23,0.14116888440424,7.25605811742827
"LGVGGAVLLER","SARDH_MOUSE",2,20,0.168034001040313,4.76734347962837
"GGTESDLTVSR","SARDH_MOUSE",2,20,0.0589549353642255,14.8784485833461
"FHHSLTDHTR","SARDH_MOUSE",3,17,-0.0550508891277635,-13.6799783405096
"DPSGGPVSLDFVK","SARDH_MOUSE",2,20,-0.185147915622659,-5.68264801452876
"GAAAVFNMSYFGK","SARDH_MOUSE",2,23,-0.111992748633104,-9.74631832838919
"AIDSLSIEK","SARDH_MOUSE",2,18,0.0539710567689317,14.7117252104932
"VIEASEIQAK","SBP1_MOUSE",2,25,-0.0182734059799634,-60.6933381114759
"NAEGTWSVEK","SBP1_MOUSE",2,19,0.0313987840248537,28.7578270461792
"IFVWDWQR","SBP1_MOUSE",2,11,-0.0585241139247711,-8.96131370226383
"QYDISNPQKPR","SBP1_MOUSE",3,24,-0.127566080823596,-8.67103144397513
"IPGGPQMIQLSLDGK","SBP1_MOUSE",2,28,0.0791771839697519,15.1587143875945
"FLYFSNWLHGDIR","SBP1_MOUSE",3,18,0.237411012297035,2.67513443801399
"LQNLQLQPGK","SCP2_MOUSE",2,20,-0.0161477279366494,-58.657770234623
"LGANSLLDLVVFGR","SDHA_MOUSE",3,21,-0.243189112698906,-4.691304685982
"QQYLQSIEDR","SDHB_MOUSE",2,25,0.0585047906015455,20.0747305116972
"YLGPAVLMQAYR","SDHB_MOUSE",2,23,-0.0963424423892219,-11.2004880168804
"DLVPDLSNFYAQYK","SDHB_MOUSE",2,22,0.0345680634749815,31.71413986193
"YAYDSAFHPDTGEK","SFXN1_MOUSE",3,27,-0.519288309411012,-3.56592777102168
"QGIVPAGLTENELWR","SFXN1_MOUSE",2,30,0.246778972666174,4.34623169616483
"HVGDLGNVTAGK","SODC_MOUSE",2,19,0.0332863098311969,26.0046758979682
"GDGPVQGTIHFEQK","SODC_MOUSE",3,28,-0.234650734600455,-6.728178913056
"GDGPVQGTIHFEQK","SODC_MOUSE",2,28,0.198128821543887,5.47957187196111
"GDVTTQVALQPALK","SODM_MOUSE",2,25,-0.954482855428476,-2.26684566937615
"SVLLLEQFFLPH","SOX_MOUSE",2,19,0.0890609103156035,10.018299015116
"LLHPLGIELPLQTLR","SOX_MOUSE",3,26,-0.00378253201969085,-351.211939952913
"SDGALVDcGTSAQK","SPRE_MOUSE",2,28,0.00488656711908262,298.182338182321
"LLLINNAATLGDVSK","SPRE_MOUSE",2,23,0.0574103708915123,19.1484690959146
"AAYDAFNSWK","SSDH_MOUSE",2,19,-0.077039490007262,-13.3193148967992
"IYGDIIYTSAK","SSDH_MOUSE",2,15,-0.168804410448848,-4.51701007106658
"SWLPMGADYIIMNYSVK","STA10_MOUSE",3,24,0.180141296381324,5.39619647616808
"SWLPMGADYIIMNYSVK","STA10_MOUSE",2,24,-0.418809977273476,-3.53220576452959
"QGTFHSQQALEYGTK","SUCA_MOUSE",3,31,-0.447774826701171,-4.10611789056099
"VMVAEALDISR","SUCB2_MOUSE",2,23,0.170363856174209,5.80154699153964
"VEAILVNIFGGIVN","SUCB2_MOUSE",2,21,0.146972294271153,5.95891446621483
"LEGTNVQEAQNILK","SUCB2_MOUSE",2,29,0.00713616122491796,198.964557334843
"INFDDNAEFR","SUCB2_MOUSE",2,20,0.0370632626914713,24.3097520955562
"DEQFYWIIEALGIR","SYEP_MOUSE",3,27,0.210332516465029,4.98292509002256
"LGGPQEEQIK","TALDO_MOUSE",2,24,-0.251193090577175,-5.35206922438831
"LFVLFGAEILK","TALDO_MOUSE",2,14,-0.203305312313758,-4.08286157868996
"SIQFVDWcPTGFK","TBA1B_MOUSE",2,17,0.0594573386439418,13.9758169368339
"AVFVDLEPTVIDEIR","TBA4A_MOUSE",2,26,-0.233305249989874,-5.99608933118368
"QAGVFEPTIVK","TCPA_MOUSE",2,19,0.249532602026689,3.15301885613419
"LSSFIGAIAIGDLVK","TCPB_MOUSE",2,24,-0.181500922555171,-7.22611788944373
"LGFAGVVQEISFGTTK","TCPE_MOUSE",2,24,-0.242532887684738,-5.57626698364102
"EVDIGIPDATGR","TERA_MOUSE",2,24,0.308323535257969,2.79341595304605
"KYEMFAQTLQQSR","TERA_MOUSE",2,29,-0.0326834955504411,-47.4322448712109
"VAVLSQNR","THIC_MOUSE",2,17,0.0189583577976917,39.0309240378058
"HGSNLEAMGK","THIC_MOUSE",2,21,-0.141188098813354,-8.01823028456987
"AEELGLPILGVLR","THIKA_MOUSE",2,26,-0.0718753886552926,-17.6749047164451
"SKAEELGLPILGVLR","THIKA_MOUSE",3,29,0.117730703480298,10.5338141186853
"QDAFALASQQK","THIKB_MOUSE",2,29,-0.522715698289658,-3.49378977863012
"QKQDAFALASQQK","THIKB_MOUSE",2,34,-2.23012382468745,-1.9315895455928
"GcFHAEIVPVTTTVLNDK","THIKB_MOUSE",3,25,-0.143231996969535,-9.12581907860696
"GKPDVVVKEDEEYKR","THIL_MOUSE",4,27,-0.853180087196697,-2.64258688740548
"YALQSQQR","THIM_MOUSE",2,22,-0.38134931645013,-3.30906084998208
"TPFGAYGGLLK","THIM_MOUSE",2,15,-0.00270474822164516,-250.18741384563
"PQTTLEQLQK","THIM_MOUSE",2,20,-0.178510770161122,-6.21051908163941
"QTMQVDEHAR","THIM_MOUSE",3,25,0.257632760517345,3.73906818348551
"VGVPTETGALTLNR","THIM_MOUSE",2,22,-0.0666767070366267,-14.6164595637162
"EAFQEALAAAGDK","THIO_MOUSE",2,37,0.152092024769654,10.8667298902854
"GSVNMPFMDFLTK","THTR_MOUSE",2,15,0.112722513203692,5.54910942050107
"KVDLSQPLIATcR","THTR_MOUSE",3,23,0.192299060455759,4.65514506437566
"AVAQAGTVGTLLIVK","TKFC_MOUSE",2,24,-0.329884865606647,-4.63269318428291
"IAVAAQNcYK","TPIS_MOUSE",2,21,0.159334226599827,5.69792284715425
"IIYGGSVTGATcK","TPIS_MOUSE",2,18,0.1538376862915,5.09625750571208
"HVFGESDELIGQK","TPIS_MOUSE",3,26,0.0861467651959428,14.5612005004923
"TATPQQAQEVHEK","TPIS_MOUSE",3,34,-0.0991041717565345,-17.8463946585965
"TATPQQAQEVHEK","TPIS_MOUSE",2,34,-0.0724021360044933,-23.7063333599092
"DLGATWVVLGHSER","TPIS_MOUSE",2,25,-1.094285784865,-1.86910453215321
"YADIILSLLR","TPMT_MOUSE",2,16,0.178237092507751,4.01787415682563
"TQLQLDER","TXTP_MOUSE",2,18,-0.0543062483608482,-16.6613335361273
"LTESYSSSQDPPEK","UBA1_MOUSE",2,31,-0.0157515023860699,-92.5224204984074
"VPDFSDYR","UCRI_MOUSE",2,13,0.135112420107699,4.60577280020924
"VVYSPYGSLATEILQK","UD11_MOUSE",2,26,0.159909175527401,7.09125701254739
"VVYSPYGSLATEILQK","UD11_MOUSE",3,26,0.24266193417342,4.03709760067173
"IHHDQPVKPLDR","UD2A3_MOUSE",4,24,0.00263310637100504,409.463588604325
"IHHDQPVKPLDR","UD2A3_MOUSE",3,24,0.0589046874318488,16.4401417673166
"DNLENFFIK","UDB17_MOUSE",2,12,0.0857861057915247,6.56389713366856
"VLVWPMEFSH","UDB17_MOUSE",2,15,0.12494258387096,5.37430790099206
"WDSFYSEYLGR","UDB17_MOUSE",2,18,0.246882700395347,2.96667717431534
"VTVVDVNEAR","UGDH_MOUSE",2,17,-0.628042084245695,-1.8615160021456
"LVEIAQVPK","UGPA_MOUSE",2,17,0.0668236704219389,11.0119666131497
"GGTLTQYEGK","UGPA_MOUSE",2,16,0.0435211198602719,17.9735676411506
"ILTTAASHEFEHTKK","UGPA_MOUSE",4,27,-0.155644984870479,-8.05102003000736
"GEYSPSVQK","URIC_MOUSE",2,19,-0.134170523366162,-6.6803823196951
"EVATSVQLTLR","URIC_MOUSE",2,20,-0.25852869279177,-4.42774340535596
"AHVYVEEVPWK","URIC_MOUSE",3,20,0.0207426417690608,44.0125039155291
"AHVYVEEVPWK","URIC_MOUSE",2,20,-0.23152204014286,-4.95524573473438
"RDVDFEAIWGAVR","URIC_MOUSE",3,27,0.236812154339554,4.44176065089797
"IEGDPQGVQQAK","VIGLN_MOUSE",2,30,0.0411688483104678,34.3718902269418
