,A
129.1,91.54039027580944
120.08,75.1553472146517
110.07,61.234056470075224
101.07,39.311021476071076
86.09,27.428322250081763
112.65,32.74828300446964
102.05,31.505505287256078
129.06,35.6699007958138
99.79,27.090373923471056
104.05,26.26185544532868
84.08,22.52262073476507
115.08,25.891202441949197
121.08,22.92597841491333
128.17,23.01319088629674
84.04,19.393873323885316
112.08,20.887386896326174
112.66,20.843780660634472
128.18,22.260983320614848
127.08,19.884443475416983
116.07,17.48610051237327
87.1,14.847923253025183
89.01,14.291943747955958
87.05,11.261310367382535
99.78,11.817289872451761
72.08,8.448708165267634
70.06,7.314946037283332
119.04,8.274283222500818
91.05,6.74806497329118
112.64,7.543878774664777
113.07,8.067153602965224
79.89,6.388313528834623
101.1,6.671754060830699
103.05,6.649950942984847
111.07,6.606344707293143
74.06,6.006758966532214
99.8,6.290199498528289
79.88,5.537991932846397
89.0,5.548893491769323
120.07,4.894799956393764
126.05,5.483484138231767
