,A,C,D,E,F,G,H,I,K,L,M,N,P,Q,R,S,T,V,W,Y
70.06,52.88135593220339,5.898305084745763,27.25423728813559,30.779661016949152,35.186440677966104,44.94915254237288,12.203389830508474,43.25423728813559,50.23728813559322,66.44067796610169,19.389830508474578,20.0,39.25423728813559,19.864406779661017,48.610169491525426,35.32203389830509,31.11864406779661,52.33898305084746,7.864406779661017,20.406779661016948
72.08,50.88607594936709,6.89873417721519,30.253164556962027,34.24050632911393,35.31645569620253,45.88607594936709,12.658227848101266,42.65822784810127,51.392405063291136,66.70886075949367,19.240506329113924,20.949367088607595,31.962025316455698,20.569620253164558,46.89873417721519,35.379746835443036,34.49367088607595,56.51898734177215,7.594936708860759,20.443037974683545
74.06,50.779101741521536,7.424381301558204,28.41429880843263,34.647112740604946,34.28047662694775,46.1961503208066,14.023831347387718,40.14665444546288,48.30430797433547,67.09440879926673,20.53162236480293,21.173235563703024,30.980751604032996,21.814848762603116,49.679193400549956,37.763519706691106,48.39596700274977,52.15398716773602,7.424381301558204,23.464711274060495
79.88,51.82266009852217,6.896551724137931,34.48275862068966,41.77339901477833,40.0,46.600985221674875,12.807881773399014,44.433497536945815,51.42857142857143,70.93596059113301,19.704433497536947,26.995073891625616,34.1871921182266,24.236453201970445,47.58620689655172,39.01477832512315,35.76354679802956,50.73891625615764,11.527093596059114,22.857142857142858
79.89,50.3257328990228,8.794788273615636,37.70358306188925,42.671009771986974,32.41042345276873,49.5114006514658,22.63843648208469,41.530944625407166,52.03583061889251,64.73941368078177,16.368078175895764,26.465798045602607,36.97068403908795,26.791530944625407,49.8371335504886,40.22801302931596,35.66775244299674,52.85016286644951,7.736156351791531,25.651465798045603
84.04,51.3405590416429,9.383913291500285,37.62122076440388,47.37592698231603,34.0844266970907,47.91785510553337,18.85339418140331,43.78208784940103,51.083856246434685,67.59840273816314,20.222475755847118,28.094694808899032,33.77067883628066,33.22875071306332,49.25841414717627,42.09925841414718,40.24529378208785,51.88248716486024,9.298345693097547,24.95721620079863
84.08,51.26194560156824,9.335947071796129,38.49546679735359,44.79294290615045,33.937760352854696,49.17912276402843,20.362656211712814,44.131340357755455,56.8488115657927,66.91987258024994,19.725557461406517,27.615780445969126,35.530507228620436,28.571428571428573,44.915461896593975,41.729968145062486,38.078902229845625,52.80568488115658,9.262435677530018,25.018377848566526
86.09,51.52097902097902,9.37062937062937,40.12237762237762,45.06993006993007,35.13986013986014,50.01748251748252,20.034965034965033,46.31118881118881,52.29020979020979,70.0,19.003496503496503,28.356643356643357,35.61188811188811,29.10839160839161,48.35664335664335,41.8006993006993,38.46153846153846,52.22027972027972,9.58041958041958,24.667832167832167
87.05,50.33718689788054,9.007707129094412,39.40269749518304,44.26782273603083,36.27167630057804,47.784200385356456,17.822736030828516,45.85741811175337,50.86705202312139,68.78612716763006,19.990366088631983,48.26589595375722,33.76685934489403,27.408477842003855,47.92870905587669,45.85741811175337,39.113680154142585,52.552986512524086,9.633911368015415,25.33718689788054
87.1,50.59084194977844,8.493353028064993,40.10339734121123,41.83899556868538,36.74298375184638,48.818316100443134,18.057607090103396,51.809453471196456,52.43722304283604,76.40324963072378,18.75923190546529,26.994091580502214,34.45347119645495,25.073855243722303,46.5288035450517,41.32200886262925,35.52437223042836,50.81240768094535,10.118168389955686,22.488921713441655
89.01,51.776843714176536,10.049675200611388,41.727168513565154,45.854031333588075,35.3840275124188,49.828047382499044,22.697745510126097,45.58654948414215,52.77034772640428,66.5265571264807,19.411539931218954,29.881543752388232,37.94421092854414,31.142529614061903,48.223156285823464,43.4466946885747,41.84180359189912,53.4581581964081,9.285441345051586,26.977455101260986
91.05,49.339549339549336,8.935508935508935,45.53224553224553,45.45454545454545,41.02564102564103,51.981351981351985,25.951825951825953,41.25874125874126,54.312354312354316,64.49106449106449,24.786324786324787,28.43822843822844,34.11033411033411,28.12742812742813,45.765345765345764,44.21134421134421,40.48174048174048,48.32944832944833,9.712509712509712,53.14685314685315
99.78,56.173743289409465,11.273792093704246,44.60712542703758,50.317227916056616,40.019521717911175,52.36700829673011,18.25280624694973,49.536359199609564,52.318204001952175,73.40165934602246,21.18106393362616,33.18692044899951,39.14104441190825,32.74768179599805,47.681795998047825,47.73060029282577,42.2157149829185,57.296242069302096,12.103465104929233,27.42801366520254
99.79,55.60462670872766,12.176656151419559,45.34174553101998,50.262881177707676,35.24710830704522,53.12302839116719,25.573080967402735,46.51945320715037,52.6813880126183,68.03364879074658,21.472134595162988,31.713985278654047,39.43217665615142,34.742376445846475,48.62250262881178,47.592008412197686,44.10094637223975,55.56256572029443,10.662460567823343,27.465825446898002
99.8,56.713615023474176,11.455399061032864,42.44131455399061,51.17370892018779,29.953051643192488,54.460093896713616,32.20657276995305,42.72300469483568,53.521126760563384,66.66666666666667,20.751173708920188,32.20657276995305,33.89671361502347,36.33802816901409,48.732394366197184,49.10798122065728,42.816901408450704,53.333333333333336,9.48356807511737,28.262910798122064
101.07,57.12947056067468,12.009995314696235,43.948149305013274,50.413868499141024,35.623926284554116,52.83460877713572,22.426987349679838,46.55630173356239,52.45978447602686,69.62361393096985,22.036545369358112,33.14071528970795,37.59175386537561,45.08823988755271,48.180540371700765,47.712009995314695,45.27565203810714,55.28658441355615,11.088552241136966,27.893175074183976
101.1,51.1240632805995,10.657785179017486,45.378850957535384,55.6203164029975,35.63696919233972,46.46128226477935,34.637801831806826,42.464612822647794,86.59450457951706,63.44712739383847,19.150707743547045,27.9766860949209,39.467110741049126,30.47460449625312,26.727726894254786,44.296419650291426,38.30141548709409,51.70691090757702,9.575353871773522,29.308909242298085
102.05,55.07437394087742,10.638297872340425,43.85238184899266,64.90303144417247,36.52796083600075,50.57427979664847,22.29335341743551,45.98004142346074,53.71869704387121,70.26925249482207,21.540199585765393,32.6680474486914,36.52796083600075,33.891922425155336,48.08887215213707,46.56373564300508,42.007154961400865,54.434193183957824,11.61739785351158,27.527772547542835
103.05,53.719723183391004,8.823529411764707,50.0,53.11418685121107,80.36332179930795,50.432525951557096,28.20069204152249,45.069204152249135,52.7681660899654,70.8477508650519,20.069204152249135,31.05536332179931,39.44636678200692,33.30449826989619,46.97231833910035,48.6159169550173,40.13840830449827,52.07612456747405,11.07266435986159,28.114186851211073
104.05,54.307862679955704,10.210409745293466,46.51162790697674,50.89700996677741,37.674418604651166,52.00442967884828,21.550387596899224,47.99557032115172,52.203765227021044,71.2735326688815,40.70874861572536,32.9125138427464,37.16500553709856,33.244739756367665,47.66334440753045,46.09080841638981,42.414174972314505,54.795127353266885,12.20376522702104,27.552602436323365
110.07,56.763212899372945,13.108390564347566,46.113267642082214,53.61799542151886,37.03593112371852,54.583457748581665,31.183437842141934,46.91947845127899,52.39374937792376,69.01562655519061,22.71324773564248,35.56285458345775,40.08161640290634,37.67293719518264,49.13904648153678,50.482731163531405,45.58574698915099,57.52961082910321,11.973723499552104,29.710361301881157
111.07,53.91459074733096,12.455516014234876,44.12811387900356,51.512455516014235,33.718861209964416,54.537366548042705,67.97153024911032,42.88256227758007,50.97864768683274,62.63345195729537,25.08896797153025,35.49822064056939,39.412811387900355,36.120996441281136,51.95729537366548,48.57651245551602,41.99288256227758,54.44839857651245,9.252669039145907,28.73665480427046
112.08,55.56521739130435,12.231884057971014,48.34782608695652,52.14492753623188,36.20289855072464,53.6231884057971,29.333333333333332,45.27536231884058,25.797101449275363,67.10144927536231,22.55072463768116,34.0,39.18840579710145,35.85507246376812,81.18840579710145,48.52173913043478,44.14492753623188,54.0,11.27536231884058,29.536231884057973
112.64,56.426332288401255,11.83385579937304,47.02194357366771,53.36990595611285,42.63322884012539,53.13479623824451,19.592476489028215,49.13793103448276,51.33228840125392,74.3730407523511,25.078369905956112,40.36050156739812,41.53605015673981,37.85266457680251,49.45141065830721,51.41065830721003,44.592476489028215,61.990595611285265,13.16614420062696,30.4858934169279
112.65,57.248868778280546,13.628959276018099,47.94570135746606,54.76923076923077,40.452488687782804,56.217194570135746,24.41628959276018,49.248868778280546,52.542986425339365,71.56561085972851,23.167420814479637,35.457013574660635,41.70135746606335,37.339366515837106,47.76470588235294,50.98642533936651,46.009049773755656,57.53846153846154,12.959276018099548,30.660633484162897
112.66,57.847141190198364,12.893815635939323,47.57876312718786,54.60910151691949,35.73512252042007,55.16336056009335,29.813302217036174,46.90781796966161,53.50058343057176,68.52392065344225,23.27887981330222,34.830805134189035,39.206534422403735,38.88564760793466,48.77479579929988,50.84597432905484,45.82847141190199,58.109684947491246,11.581096849474912,29.171528588098017
113.07,60.096930533117934,15.831987075928918,44.26494345718901,49.19224555735057,35.460420032310175,63.166397415185784,30.775444264943456,44.02261712439418,41.276252019386106,67.52827140549273,27.62520193861066,33.68336025848142,36.51050080775444,33.92568659127625,60.98546042003231,50.72697899838449,50.080775444264944,50.72697899838449,10.016155088852988,30.775444264943456
115.08,61.03862880532105,13.30263494499872,46.712714249168585,52.033768227168075,38.29623944742901,55.5640828856485,26.886671783064724,45.63827065745715,42.133537989255565,70.68303914044513,22.409823484267076,33.15425940138143,50.370938859043235,37.88692760296751,61.37119467894602,49.60347915067792,44.30800716295728,56.28037861345613,12.25377334356613,29.98209260680481
116.07,54.79685899624445,11.198361215431888,48.753840901331515,53.73847729600546,38.75042676681461,53.055650392625466,30.96620006828269,47.21748036872653,30.249231819733698,70.2628883578013,23.86480027313076,33.62922499146466,42.81324684192557,36.12154318880164,74.08671901672926,51.92898600204848,48.20757937862752,55.95766473199044,13.04199385455787,31.375896210310685
119.04,55.05050505050505,12.842712842712842,51.15440115440116,55.916305916305916,39.75468975468976,55.98845598845599,32.61183261183261,46.32034632034632,55.33910533910534,68.3982683982684,22.366522366522368,35.93073593073593,40.115440115440116,33.116883116883116,46.464646464646464,47.97979797979798,44.44444444444444,54.4011544011544,11.3997113997114,77.2005772005772
120.08,58.23984831726971,12.916732501185022,49.78669616053089,54.88228788118186,49.73139516511297,55.7750039500711,24.30083741507347,50.75051350924316,52.57544635803445,73.65302575446358,23.747827460894296,36.0404487280771,42.92147258650656,36.85416337494075,47.16384894928109,51.54842787170169,46.65823984831727,59.63817348712277,14.157054826986887,29.886237952283143
121.08,55.43905635648755,10.668414154652687,49.59370904325033,52.6605504587156,64.19397116644824,54.626474442988204,27.916120576671034,49.515072083879424,51.66448230668414,74.83617300131061,22.568807339449542,33.97116644823067,41.8872870249017,34.18086500655308,47.758846657929226,49.357798165137616,44.403669724770644,57.745740498034074,14.128440366972477,27.365661861074706
127.08,61.36666666666667,13.3,48.36666666666667,53.733333333333334,41.8,61.86666666666667,27.766666666666666,48.63333333333333,53.2,68.9,28.166666666666668,37.733333333333334,52.3,36.63333333333333,48.233333333333334,49.4,50.233333333333334,62.233333333333334,14.533333333333333,30.633333333333333
128.17,59.183673469387756,14.947600661886376,51.04798676227248,57.69442912300055,42.63651406508549,58.93546607832322,25.979040264754552,51.04798676227248,53.83342526199669,74.26916712630998,24.462217319360178,38.22393822393823,44.732487589630445,40.650854936569225,47.821290678433535,54.13678985107556,50.41367898510756,59.10093767236624,13.651406508549366,33.31494760066189
128.18,60.80564539841223,15.289620699794177,50.36753895912967,58.747427227286096,40.60570420464569,57.718318141723024,28.55042634519259,50.92619817700676,53.895912966774475,71.21434872096442,23.346074683916495,37.40076448103499,42.57571302558071,41.340782122905026,47.28021170244046,52.74919141428992,49.13260805645398,60.77624228168186,13.67244927962364,32.019994119376655
129.06,62.14838587879932,15.178402869548801,47.81952048329243,59.90183122522183,39.77723239569568,57.99509156126109,26.71323390598452,50.55691901076081,52.99225976968095,71.4555408721918,24.183500094393054,39.45629601661318,41.40079290164244,55.6919010760808,48.02718519916934,53.69076835944875,49.25429488389655,59.12780819331697,13.101755710779686,32.33905984519539
129.1,59.53472222222222,14.45138888888889,50.354166666666664,57.229166666666664,40.895833333333336,57.604166666666664,27.79861111111111,50.270833333333336,58.55555555555556,72.20138888888889,24.354166666666668,38.4375,44.020833333333336,40.263888888888886,44.326388888888886,53.25694444444444,48.90972222222222,60.49305555555556,13.305555555555555,32.24305555555556
