"Label","Cluster","X","Y","Entity"
"68.8",1,0.520535827378738,1,1
"68.9",1,0.184052389145297,0.116662895141024,1
"69",1,0.558191180561933,0,1
"69.2",1,0.00535564767695687,0.524538975076509,1
"69.3",1,0.489611306209713,0.0123273453209737,1
"69.4",1,0.0838041660492287,0.239223934422539,1
"69.5",1,0.236220902682235,0.0800948945238217,1
"69.8",1,0.021517384219731,0.649672108584765,1
"69.9",1,0.252710540330506,0.921111089624194,1
"70",1,0.913556959874273,0.1857734868121,1
"70.2",1,0.601366508923652,0.985633597275805,1
"70.3",1,0.280439958545094,0.939323869712194,1
"70.4",1,0.127667809191688,0.827897500548938,1
"70.5",1,0.0981697086028873,0.214113743475374,1
"70.6",1,0,0.412340154388256,1
"70.7",1,0.0086491583763349,0.485870553142339,1
"70.8",1,0.703361610269581,0.959805313872274,1
"70.9",1,0.36811262027303,0.974835462988578,1
"71",1,0.480800002411285,0.996128819571524,1
"71.1",1,0.0670676377759766,0.258009885205809,1
"71.2",1,0.519653221226416,0.0128176975057385,1
"71.3",1,0.0485330972897692,0.693315793999406,1
"71.4",1,0.0258222680359479,0.616050197939947,1
"71.5",1,0.148448968926716,0.148376311550126,1
"71.8",1,0.166591878881149,0.164706398989742,1
"71.9",1,0.321079884687499,0.0418824807949723,1
"72",1,0.216705245160099,0.107881791007895,1
"72.2",1,0.305063103864185,0.927478788317948,1
"72.3",1,0.742645501347278,0.936277533510964,1
"72.4",1,0.342143955634013,0.0329713827613103,1
"72.5",1,0.572723784155798,0.981716434254174,1
"72.6",1,0.0110020119440009,0.437045376008707,1
"72.7",1,0.131165351898968,0.178090718076539,1
"72.8",1,0.368719647469585,0.041559644591174,1
"72.9",1,0.300447080064408,0.0659600824082136,1
"73",1,0.197962486766276,0.884988851760788,1
"73.1",1,0.274264046553497,0.0719149881415537,1
"73.2",1,0.0323639225656674,0.40832787168758,1
"73.3",1,0.584272649797234,0.959297494912141,1
"73.4",1,0.128650892372011,0.795338268534125,1
"73.5",1,0.0165992695981588,0.553437934172282,1
"73.6",1,0.192298834510145,0.137119771138567,1
"73.7",1,0.0319695502391613,0.334290792739333,1
"73.8",1,0.231266622492772,0.898162769765272,1
"73.9",1,0.613910722110979,0.967263401987358,1
"74",1,0.523792449973651,0.974180065665199,1
"74.1",1,0.445919624030066,0.978576659109728,1
"74.2",1,0.229945801856647,0.13569600561077,1
"74.3",1,0.62526298303134,0.0362592752209414,1
"74.4",1,0.430814028071671,0.0361103805609064,1
"74.5",1,0.0681173874752333,0.289397582635421,1
"74.6",1,0.773198668461336,0.913489261745384,1
"74.7",1,0.330414287948366,0.942820013567124,1
"74.8",1,0.0251858949196613,0.456281325146807,1
"74.9",1,0.420446518660673,0.966659446230267,1
"75",1,0.401317228264246,0.0506838230835074,1
"75.1",1,0.398320818759999,0.0305251139784993,1
"75.2",1,0.701970540519231,0.929718577049514,1
"75.3",1,0.235432129965844,0.878409033840637,1
"75.4",1,0.464666786862193,0.0209083913583975,1
"75.5",1,0.787740218212676,0.0943103568217979,1
"75.6",1,0.963597143055785,0.26670664712813,1
"75.7",1,0.0234126529659821,0.379232278422284,1
"75.8",1,0.199370574515029,0.853283631853468,1
"75.9",1,0.243775950938262,0.113507515226419,1
"76",1,0.0655386913343139,0.310617974041741,1
"76.1",1,0.26771468575589,0.0937152248244909,1
"76.2",1,0.202587759877879,0.152271173533567,1
"76.7",1,0.739237043517531,0.920466685781493,1
"76.8",1,0.434480544393438,0.0191202516075549,1
"76.9",1,0.872437812229528,0.836046941329277,1
"77",1,0.327334133327957,0.0645183290938876,1
"77.1",1,0.434423496197443,0.0555099079156886,1
"77.2",1,0.355660862530158,0.947316946270126,1
"78.6",1,0.084841979236427,0.7082201447124,1
"78.7",1,0.276561384094714,0.888963883714898,1
"78.8",1,0.103332389145975,0.25891957654972,1
"78.9",1,0.0344479429446374,0.592772906788567,1
"79",1,0.168854197536167,0.83994068483013,1
"79.1",1,0.134960577233128,0.200980756512229,1
"79.2",1,0.38027319323751,0.070291773093306,1
"79.3",1,0.64906936116678,0.948043613407696,1
"79.7",1,0.396557868258193,0.951635454261464,1
"79.8",1,0.981962018891459,0.322722165801312,1
"79.9",1,0.662743696161064,0.942429728456553,1
"80",1,0.354892445446707,0.0690140934921818,1
"80.1",1,1,0.398362200012301,1
"80.2",1,0.749510492583115,0.894401373215197,1
"80.5",1,0.0509225102193094,0.361501284255188,1
"80.6",1,0.0375898406754726,0.486863501078229,1
"80.7",1,0.318865150149187,0.10875492763239,1
"80.8",1,0.106538320416853,0.760458742668079,1
"80.9",1,0.319071101686269,0.0867901122411275,1
"81",1,0.0336015287104376,0.514054641913399,1
"81.1",1,0.479803783046038,0.0478402896342564,1
"81.2",1,0.0851208392480491,0.335364484223939,1
"81.3",1,0.343634437732138,0.913450315010985,1
"81.4",1,0.475541097611802,0.953888723493707,1
"81.5",1,0.778765839558222,0.884902802327929,1
"81.6",1,0.461074301146857,0.0648194852983508,1
"81.7",1,0.282213900062654,0.124062772998038,1
"81.8",1,0.595731382894306,0.0475971720599433,1
"81.9",1,0.510386776997497,0.0448413850309101,1
"82",1,0.178146742538642,0.187628360602591,1
"82.1",1,0.565109179158513,0.0367216082104417,1
"82.2",1,0.752508015392763,0.0887231560079897,1
"82.3",1,0.902171969411336,0.781688851664692,1
"82.4",1,0.512466215474881,0.0638861615435145,1
"82.5",1,0.677258714798592,0.923074442420143,1
"82.6",1,0.0689409159030779,0.63190300758546,1
"82.7",1,0.813014392770789,0.85858038651526,1
"82.8",1,0.399787296352968,0.0925759654653457,1
"82.9",1,0.151719509557091,0.232862542209091,1
"83",1,0.571654310854268,0.0575277449813664,1
"83.1",1,0.208517889153798,0.831534102675527,1
"83.2",1,0.708183606518097,0.896542076311401,1
"83.3",1,0.667549170379488,0.8995832034613,1
"83.4",1,0.0767271832779053,0.388379219370816,1
"83.5",1,0.231750014948596,0.849325630704644,1
"83.6",1,0.992576378884095,0.455009854421566,1
"83.7",1,0.549317695371277,0.951853721203655,1
"83.8",1,0.603937900939155,0.913954569908173,1
"83.9",1,0.994626931859946,0.55325437622029,1
"84",1,0.498306843249646,0.948114483857818,1
"84.1",1,0.297853992826141,0.905200830819554,1
"84.2",1,0.931586624734933,0.685769836372676,1
"84.3",1,0.568381399107497,0.0967491737340421,1
"84.4",1,0.577718671563868,0.921758949050284,1
"84.5",1,0.81812334944141,0.832174805597104,1
"84.6",1,0.969233934369928,0.344287841546274,1
"84.7",1,0.787853047197341,0.852172107491476,1
"84.8",1,0.32188074201819,0.877807254912242,1
"84.9",1,0.729575066486555,0.868408940414582,1
"85",1,0.0986518603810864,0.735574122817092,1
"85.1",1,0.411319046458567,0.930030683246039,1
"85.2",1,0.620798130358503,0.89956856874359,1
"85.3",1,0.819854154673998,0.777353004389926,1
"85.4",1,0.122318642305342,0.312294867490346,1
"85.5",1,0.700932774784836,0.069673992005746,1
"85.6",1,0.542307092773757,0.0606264053726263,1
"85.7",1,0.447804206824741,0.940615270162314,1
"85.8",2,0.43221248031285,0.878611393743844,1
"85.9",1,0.917988701098424,0.660122788085622,1
"86",1,0.754895565352951,0.864655598575518,1
"86.1",1,0.165609086911482,0.803466877291398,1
"86.2",1,0.103326680650508,0.615471761144665,1
"86.3",1,0.900918085203421,0.327745857624458,1
"86.4",1,0.712434302555206,0.850824116580198,1
"86.5",1,0.61434964840713,0.0683639966878715,1
"86.6",1,0.281319725839526,0.859928871986528,1
"86.7",1,0.992869134257089,0.510039750892569,1
"86.8",1,0.152577903982672,0.270424650255737,1
"86.9",1,0.099584438426802,0.407015010298464,1
"87",1,0.868774038559648,0.793735519069574,1
"87.1",1,0.794152907546062,0.873104043577909,1
"87.2",1,0.162128319173777,0.764807266038475,1
"87.3",1,0.93900722568793,0.625457805644318,1
"87.4",1,0.0862504891551079,0.661542344911439,1
"87.5",1,0.839542439033996,0.814829367663078,1
"87.6",1,0.509617469382266,0.926831053669573,1
"87.7",1,0.970185189714116,0.582937873912206,1
"87.8",1,0.785177294264423,0.822595728395573,1
"87.9",1,0.219628657130541,0.19859478003748,1
"88",1,0.167776356553182,0.244595560581165,1
"88.1",1,0.665456825392629,0.0742721882411958,1
"88.2",1,0.479987919644984,0.89462744174699,1
"88.3",1,0.194086733153068,0.776950390530594,1
"88.4",1,0.907770273364887,0.241602478560282,1
"88.5",1,0.725625878932777,0.12604748292952,1
"88.6",1,0.0619270804713809,0.526409926104052,1
"88.7",1,0.387614153155346,0.908813036722859,1
"88.8",1,0.640768913170437,0.90067704055027,1
"88.9",1,0.124560213182538,0.689422400410144,1
"89",1,0.0558906612553617,0.555132759092499,1
"89.1",1,0.119025232785308,0.285184880671713,1
"89.2",1,0.934429598099825,0.337212082277648,1
"89.3",1,0.35140047604732,0.884590163881272,1
"89.4",1,0.637586498609068,0.0728577475466799,1
"89.5",1,0.108164722271786,0.339932845863786,1
"89.6",1,0.977540587901834,0.521146820152722,1
"89.7",1,0.958181849316702,0.379526632439783,1
"89.8",1,0.537501228389704,0.0893442879675014,1
"89.9",1,0.914363611974984,0.271884186282895,1
"90",1,0.23072220776557,0.172015740118713,1
"90.1",1,0.453393800514022,0.91663617976185,1
"90.2",1,0.932084175861639,0.639316111271024,1
"90.3",1,0.823421732085662,0.842791570436211,1
"90.4",1,0.298334961850739,0.145792710141391,1
"90.5",1,0.65402875022037,0.877818242562233,1
"90.6",1,0.500590947173871,0.0883160758712207,1
"90.7",1,0.940510685580516,0.598761601309282,1
"90.8",1,0.946656757871176,0.66007295002472,1
"90.9",1,0.592399997857307,0.0865209365687865,1
"91",1,0.148945949778951,0.749598587996043,1
"91.1",1,0.11297563500098,0.367356651785203,1
"91.2",1,0.0817631264267232,0.422498546472012,1
"91.3",1,0.527931639100024,0.912548285992559,1
"91.4",1,0.696904752083936,0.10759253047128,1
"91.5",1,0.363852899918679,0.109206633791168,1
"91.6",1,0.49370631881866,0.883244725010891,1
"91.7",1,0.674667463787115,0.857489728406611,1
"91.8",1,0.798812738214539,0.810370707503427,1
"91.9",1,0.077651559032326,0.443494478295793,1
"92",1,0.267118831486793,0.164920979395036,1
"92.1",1,0.846592336660339,0.75868689647414,1
"92.2",1,0.897067946118167,0.755079792070346,1
"92.3",1,0.315464593681396,0.15838979611678,1
"92.4",1,0.7536778770754,0.836309291932383,1
"92.5",1,0.188824356829173,0.217986379589448,1
"92.6",1,0.591109302753122,0.884456070542715,1
"92.7",1,0.295349658043405,0.180357530427631,1
"92.8",1,0.550945030260074,0.821023747874481,1
"92.9",1,0.883209023510782,0.677236612918294,1
"93",1,0.547700298805926,0.90019472732082,1
"93.1",1,0.966447534230634,0.413091845311458,1
"93.2",1,0.910583084136378,0.698935197273176,1
"93.3",1,0.750997662430649,0.803747149529133,1
"93.4",1,0.958540731939644,0.503915626029363,1
"93.5",1,0.835581921413474,0.795887655163715,1
"93.6",1,0.451664430129313,0.110079152602515,1
"93.7",1,0.365553751307789,0.134194272051725,1
"93.8",1,0.274183297061256,0.188623796310429,1
"93.9",1,0.906351616901888,0.732598460503441,1
"94",1,0.20103834186826,0.800372332246323,1
"94.1",1,0.118250579094506,0.606064173825161,1
"94.2",1,0.95749550714689,0.43922243564903,1
"94.3",1,0.646829288609759,0.0951192772495397,1
"94.4",1,0.694905739709365,0.87233733911899,1
"94.5",1,0.206314103238402,0.23134795914086,1
"94.6",1,0.245309163897686,0.823693945476441,1
"94.7",1,0.862966254849237,0.757560728282752,1
"94.8",1,0.409156980347175,0.143068987143626,1
"94.9",1,0.861192475426516,0.705292242881184,1
"95",1,0.573071142136189,0.896538378234426,1
"95.1",1,0.392242095724096,0.122064879709599,1
"95.2",1,0.431379961415411,0.897620272721262,1
"95.3",1,0.339094974839686,0.147116685817489,1
"95.4",1,0.919475693093296,0.299943457508523,1
"95.5",1,0.144092879019086,0.293607773788892,1
"95.6",1,0.403095524838739,0.889037927546922,1
"95.7",1,0.747497960665577,0.130515060914813,1
"95.8",1,0.437165811638191,0.129907678701987,1
"95.9",1,0.0827645967201815,0.466514600107443,1
"96",1,0.124827139052022,0.712914438384773,1
"96.1",1,0.286647755576851,0.836987833002077,1
"96.2",1,0.101510200408729,0.381424560234144,1
"96.3",1,0.243881722238817,0.196066655597579,1
"96.4",1,0.837953999140274,0.776832117440174,1
"96.5",1,0.796124128516102,0.782212905112325,1
"96.6",1,0.382832157270894,0.871826759942119,1
"96.7",1,0.684858872989932,0.829569112701994,1
"96.8",1,0.675424733477483,0.110132346210309,1
"96.9",1,0.734457334309939,0.823456937887046,1
"97",1,0.930296570878839,0.653779167576801,1
"97.1",1,0.502200503208356,0.903871050994521,1
"97.2",1,0.621014267385188,0.870393964258997,1
"97.3",1,0.928010355111045,0.473740764579687,1
"97.4",1,0.876617799540224,0.726665313094749,1
"97.5",1,0.88503519590463,0.70075223285019,1
"97.6",1,0.852270155869239,0.231139097275545,1
"97.7",1,0.548240281682254,0.847957438421269,1
"97.8",1,0.804095891552524,0.752251503326245,1
"97.9",1,0.788132035000076,0.156534663168742,1
"98",1,0.155034617297244,0.724880906905241,1
"98.1",1,0.96541977664187,0.475211241842633,1
"98.2",1,0.114020152882668,0.668050162657637,1
"98.3",1,0.653572069180459,0.124672066788858,1
"98.4",1,0.771874309985748,0.788630094052767,1
"98.5",1,0.116317726774024,0.647828070397244,1
"98.6",1,0.729079631433995,0.154040264253747,1
"98.7",1,0.48072447281681,0.110673128362161,1
"98.8",1,0.928947538173663,0.585008285657287,1
"98.9",1,0.718195445956271,0.11582765371476,1
"99",1,0.954672281658522,0.536897498382104,1
"99.1",1,0.894106293045893,0.718133390619866,1
"99.2",1,0.1536145226791,0.703461074976357,1
"99.3",1,0.833827737718082,0.705755310743761,1
"99.4",1,0.422052187621171,0.113663225157678,1
"99.5",1,0.1411193302058,0.652915444984136,1
"99.6",1,0.575513617917662,0.121347570221987,1
"99.7",1,0.259778269456432,0.212053638651736,1
"99.8",1,0.575777090704928,0.854769867801362,1
"99.9",1,0.922172974923544,0.401832524025579,1
"100",1,0.620240759158321,0.105308950198877,1
"100.1",1,0.94538222522412,0.480463465694347,1
"100.2",1,0.916416999165279,0.56230443494201,1
"100.3",1,0.106174307726496,0.519417677866662,1
"100.4",1,0.912869271131065,0.610066282127456,1
"100.5",1,0.401058291743027,0.865042195835805,1
"100.6",1,0.955355871489089,0.6090453607647,1
"100.7",1,0.419600500441861,0.728910011455574,1
"100.8",2,0.761243481738172,0.204997090635152,1
"100.9",2,0.877709066843494,0.590078829792958,1
"101",1,0.0951425253366733,0.56835410343763,1
"101.1",1,0.819178871128212,0.178171635413262,1
"101.2",2,0.159289334211164,0.456981691244773,1
"101.3",2,0.353189250181845,0.720144914156061,1
"101.4",3,0.681696708026399,0.165835423278675,1
"101.5",1,0.959160510543595,0.558980087166418,1
"101.6",1,0.853373428176367,0.738006206172188,1
"101.7",3,0.869045227724577,0.631054195042351,1
"101.8",2,0.670356521506911,0.814880572544262,1
"101.9",2,0.888916817814953,0.632912559884634,1
"102",1,0.902218765832685,0.674577813725922,1
"102.1",1,0.797874306998134,0.207517098042919,1
"102.2",3,0.870876297745131,0.342533126196387,1
"102.3",2,0.861497732404816,0.305104657816489,1
"102.4",2,0.192112517798767,0.283991922148778,1
"102.5",1,0.389789813625249,0.823490007893849,1
"102.6",1,0.923962858576542,0.356202742286643,1
"102.7",1,0.781185173009281,0.183716378621191,1
"102.8",1,0.177569130331666,0.3064020739411,1
"102.9",1,0.819915133097873,0.699735003854856,1
"103",1,0.927432529303387,0.541014691229482,1
"103.1",1,0.85667820048385,0.212808965695361,1
"103.2",1,0.928021806257252,0.514149567555825,1
"103.3",2,0.364785309646048,0.167993514026098,1
"103.4",2,0.849455427805047,0.247741074720846,1
"103.5",1,0.179092106422748,0.742433194919662,1
"103.6",2,0.144990739088762,0.357780582767655,1
"103.7",2,0.83943523346239,0.675909691020015,1
"103.8",2,0.457011487297291,0.216595851307291,1
"103.9",2,0.829319186087706,0.231025674265663,1
"104",1,0.934727259867694,0.45045452863751,1
"104.1",1,0.311190060964254,0.19334123344238,1
"104.2",2,0.756703102428104,0.761741155326705,1
"104.3",2,0.530183043639655,0.136614221614949,1
"104.4",1,0.737030956689152,0.776573456016733,1
"104.5",2,0.10690401312175,0.492448996188195,1
"104.6",2,0.937818026668445,0.419485195567737,1
"104.7",1,0.236849138757552,0.239665608519932,1
"104.8",1,0.200742327983805,0.589545147419588,1
"104.9",3,0.193084181531127,0.567515576690713,1
"105",3,0.870256345582404,0.263735438875837,1
"105.1",3,0.535086292982663,0.11566622226095,1
"105.2",1,0.758238974866983,0.168744110057915,1
"105.3",3,0.549204201707249,0.138674242985812,1
"105.4",3,0.49886672750092,0.852309371061508,1
"105.5",3,0.889894740559502,0.609700787760594,1
"105.6",3,0.472734975910155,0.870595188205902,1
"105.7",3,0.195269755119665,0.727676711514188,1
"105.8",3,0.790900546444627,0.733758512565641,1
"105.9",2,0.417547117289108,0.749002972668514,1
"106",1,0.360369732583899,0.852741714936984,1
"106.1",1,0.815934803368291,0.214578585020892,1
"106.2",3,0.860394442760123,0.671267895245194,1
"106.3",3,0.601668853323224,0.855530414299839,1
"106.4",1,0.150321071812518,0.322580668690187,1
"106.5",2,0.822845723507742,0.728498070099699,1
"106.6",2,0.392800913461263,0.158769702591533,1
"106.7",3,0.863766893986238,0.28385779807182,1
"106.8",2,0.462532134929301,0.142289008432786,1
"106.9",3,0.787309884419905,0.172201763238175,1
"107",1,0.681670063091921,0.137434184696145,1
"107.1",3,0.834098669044735,0.194994936042361,1
"107.2",1,0.711922658582591,0.794799800782335,1
"107.3",1,0.74412467355606,0.158157925118359,1
"107.4",3,0.603183596266045,0.121932374458486,1
"107.5",1,0.847484771467355,0.264057191800551,1
"107.6",3,0.713502342786179,0.818039867538941,1
"107.7",2,0.493540120577157,0.127456627374525,1
"107.8",2,0.505302705756917,0.142365409934303,1
"107.9",1,0.207781586216411,0.262099103745934,1
"108",1,0.896808359857613,0.446407884934953,1
"108.1",3,0.763430761187541,0.231095174437418,1
"108.2",1,0.161143719494654,0.340368073846746,1
"108.3",3,0.361632080982493,0.278825826178033,1
"108.4",2,0.552375128346932,0.864748026746337,1
"108.5",1,0.754038438664533,0.181936654148052,1
"108.6",1,0.217459200383726,0.342915354394793,1
"108.7",2,0.306199197687591,0.785748553986092,1
"108.8",2,0.624889408797114,0.837864000502864,1
"108.9",2,0.176099589631199,0.519901288658169,1
"109",2,0.263149792194013,0.363217661243919,1
"109.1",3,0.517994780501151,0.866092200649016,1
"109.2",2,0.368346616339817,0.695564793596904,1
"109.3",2,0.705427354079444,0.36200768846902,1
"109.4",2,0.334873274142893,0.811961056081103,1
"109.5",2,0.849368110248173,0.635092132893001,1
"109.6",2,0.177559031276028,0.407972910378661,1
"109.7",2,0.216753364772875,0.325332615592982,1
"109.8",2,0.599176863420306,0.590624592874153,1
"109.9",2,0.577680424100795,0.399305751071828,1
"110",2,0.161937115629476,0.404451851016884,1
"110.1",2,0.890101071038717,0.369706631472643,1
"110.2",2,0.755612807783985,0.722881264035805,1
"110.3",2,0.716413147632373,0.465344371791224,1
"110.4",2,0.323159844550426,0.701325864392911,1
"110.5",2,0.596156132737651,0.652935291875665,1
"110.6",2,0.374793957287472,0.814089651081452,1
"110.7",2,0.702992243999252,0.28861276277066,1
"110.8",2,0.251686111928636,0.576744011530409,1
"110.9",2,0.743422709481525,0.477893889026103,1
"111",2,0.745106324298002,0.54501495185307,1
"111.1",2,0.742844055601553,0.507126830483078,1
"111.2",2,0.331475022877345,0.588735285150804,1
"111.3",2,0.706016831944233,0.641598340938449,1
"111.4",2,0.688234580015375,0.27341363425058,1
"111.5",2,0.808053198396216,0.66705515967092,1
"111.6",2,0.368993166845211,0.364277295820785,1
"111.7",2,0.3025261063486,0.453782945380074,1
"111.8",2,0.491667181257516,0.652239786474317,1
"111.9",2,0.708377788170973,0.697145755967623,1
"112",2,0.652083339615804,0.681292084671536,1
"112.1",2,0.465113552147543,0.169769819439313,1
"112.2",2,0.534499296309875,0.639630923125133,1
"112.3",2,0.766992865735223,0.312032205762922,1
"112.4",2,0.483412197311733,0.253899670134357,1
"112.5",2,0.5860387774975,0.822247263627243,1
"112.6",2,0.473847342482655,0.192824880976311,1
"112.7",2,0.795150274671732,0.301168040268844,1
"112.8",2,0.647166926202143,0.738418363325851,1
"112.9",2,0.234145088831029,0.661484314071924,1
"113",2,0.615536632827611,0.283399693004522,1
"113.1",2,0.240633388166323,0.705298773528111,1
"113.2",2,0.50710841164917,0.263350051026461,1
"113.3",2,0.612229439187948,0.389145557314285,1
"113.4",2,0.756078357009952,0.313864458290722,1
"113.5",2,0.635190198278348,0.144810714445875,1
"113.6",2,0.574512673991313,0.716950868253167,1
"113.7",2,0.165541671268152,0.493215594362888,1
"113.8",2,0.512670137664981,0.811742334712133,1
"113.9",2,0.801605806357999,0.583352511456787,1
"114",2,0.746485485107281,0.7000198358259,1
"114.1",2,0.272955906371785,0.77926325692824,1
"114.2",2,0.869670812242333,0.318993674491031,1
"114.3",2,0.782707724097972,0.706202444795634,1
"114.4",2,0.163959332896878,0.583611277486925,1
"114.5",2,0.632671595298426,0.746217204771017,1
"114.6",2,0.708860097581222,0.58717329415485,1
"114.7",2,0.549782408442903,0.774280417290188,1
"114.8",2,0.38144341710308,0.424295646360565,1
"114.9",2,0.203382877432825,0.547082062749099,1
"115",2,0.533402568051398,0.184526718110905,1
"115.1",2,0.768716722972903,0.6254228955851,1
"115.2",2,0.599038919706763,0.772913773691234,1
"115.3",2,0.334513210484336,0.773121430610874,1
"115.4",2,0.827717008862636,0.359725997407753,1
"115.5",2,0.387452257226999,0.389327025103282,1
"115.6",2,0.237387361555318,0.635881599793774,1
"115.7",2,0.255378812654835,0.762669822127616,1
"115.8",2,0.66594268437737,0.572178944064725,1
"115.9",2,0.175549134492741,0.612173374488031,1
"116",2,0.433736665199598,0.24504385956653,1
"116.1",2,0.165362024609115,0.511319715284954,1
"116.2",2,0.764932648759147,0.564560145335392,1
"116.3",2,0.669328706656854,0.47063777358906,1
"116.4",2,0.833961881795842,0.423034678440962,1
"116.5",2,0.711208152174659,0.73381976250835,1
"116.6",2,0.601566772135664,0.161487854991337,1
"116.7",2,0.22355698286375,0.518944158711742,1
"116.8",2,0.618082842480969,0.686525839693186,1
"116.9",2,0.740205532799119,0.738055147355971,1
"117",2,0.384666760401894,0.658554106388871,1
"117.1",2,0.529492343234692,0.797101518248002,1
"117.2",2,0.82922228593343,0.503775877203218,1
"117.3",2,0.57667104497014,0.288897819655526,1
"117.4",2,0.267805254385794,0.347025167897806,1
"117.5",2,0.146516773553932,0.432170979707119,1
"117.6",2,0.68077148569358,0.735711176661442,1
"117.7",2,0.669332532103983,0.248007559967494,1
"117.8",2,0.446584313927317,0.305607798340116,1
"117.9",2,0.387438048733875,0.270925398408271,1
"118",2,0.83095561827639,0.592098309202649,1
"118.1",2,0.586567655225367,0.194233494645844,1
"118.2",2,0.335234874922932,0.330232060744698,1
"118.3",2,0.606663323532419,0.238258192922247,1
"118.4",2,0.350869217141823,0.82696408864999,1
"118.5",2,0.207936058694852,0.381609996057565,1
"118.6",2,0.17706451337352,0.430174659327308,1
"118.7",2,0.613451104250181,0.340683655850137,1
"118.8",2,0.252518023952447,0.662894485740924,1
"118.9",2,0.784948420715227,0.260542752754574,1
"119",2,0.550450178521877,0.168939106671664,1
"119.1",2,0.72778894942844,0.65991577402117,1
"119.2",2,0.58024579413646,0.227966807185643,1
"119.3",2,0.714804578503009,0.231636518736346,1
"119.4",2,0.820803317743312,0.297035961739276,1
"119.5",2,0.374594488102466,0.535575408267977,1
"119.6",2,0.593084656045842,0.26914746862628,1
"119.7",2,0.767391336078204,0.223771743771499,1
"119.8",2,0.353331649512686,0.738933494204632,1
"119.9",2,0.284147709584909,0.759087929233553,1
"120",2,0.41569351281444,0.658259670542828,1
"120.1",2,0.652748430342809,0.631281591363307,1
"120.2",2,0.775924914912852,0.496034325972677,1
"120.3",2,0.7681440541247,0.415241037529945,1
"120.4",2,0.2580061299929,0.443643668804088,1
"120.5",2,0.887251044086907,0.577342947753817,1
"120.6",2,0.647545429729897,0.533669173996605,1
"120.7",2,0.325510749729415,0.367920543556161,1
"120.8",2,0.66544024726962,0.349346471423123,1
"120.9",2,0.80784871328114,0.408352418444469,1
"121",2,0.363141691410481,0.317714705179116,1
"121.1",2,0.465381218644711,0.329265217429394,1
"121.2",2,0.270321562118535,0.592079942511703,1
"121.3",2,0.432537367110735,0.344552434777276,1
"121.4",2,0.204235569391658,0.422910350621867,1
"121.5",2,0.779431956798392,0.674235072338067,1
"121.6",2,0.128102077427514,0.470526340963004,1
"121.7",2,0.52697720115028,0.312413913336391,1
"121.8",2,0.356639949203923,0.260353978263121,1
"121.9",2,0.412477550088375,0.687758130274241,1
"122",2,0.885379443311966,0.542823542207926,1
"122.1",2,0.324064311722157,0.804545686804719,1
"122.2",2,0.891594231492926,0.466524630191713,1
"122.3",2,0.684944052193311,0.603620515502295,1
"122.4",2,0.258164625591315,0.324843867783681,1
"122.5",2,0.787822598768312,0.463484914459227,1
"122.6",2,0.238730789904087,0.458371608268374,1
"122.7",2,0.306236351639649,0.338208504464975,1
"122.8",2,0.697101528691375,0.763423864536761,1
"122.9",2,0.249266581522586,0.371569529547445,1
"123",2,0.553903496833376,0.756367213236579,1
"123.1",2,0.298091344260307,0.287978516146766,1
"123.2",2,0.213559392587161,0.624061249272744,1
"123.3",2,0.217540309399592,0.645371769737451,1
"123.4",2,0.895258092054999,0.50668882518884,1
"123.5",2,0.255436014557966,0.725984508276536,1
"123.6",2,0.408268751328383,0.776928998376907,1
"123.7",2,0.65967209224255,0.706821563983193,1
"123.8",2,0.73011278022661,0.242066143079667,1
"123.9",2,0.767723187833322,0.478339037376889,1
"124",2,0.292763830347813,0.603251913285154,1
"124.1",2,0.229744518065166,0.31420823180018,1
"124.2",2,0.264471509282068,0.744812853292218,1
"124.3",2,0.14359011639047,0.564854470137353,1
"124.4",2,0.153576374646736,0.629557060384617,1
"124.5",2,0.879048994038448,0.513075381930277,1
"124.6",2,0.333557807949088,0.661049151030148,1
"124.7",2,0.156287330623343,0.615439967191134,1
"124.8",2,0.382373982371951,0.765988342513945,1
"124.9",2,0.866754406171446,0.361331100918633,1
"125",2,0.17480138600148,0.664525435561636,1
"125.1",2,0.848377463652231,0.602617243188724,1
"125.2",2,0.29919611686848,0.360850373459103,1
"125.3",2,0.125981261244271,0.543265284359777,1
"125.4",2,0.640662409136132,0.222431824631175,1
"125.5",2,0.278042463528602,0.259414266364574,1
"125.6",2,0.491334528600987,0.231354988624539,1
"125.7",2,0.731730233599211,0.57701816634906,1
"125.8",2,0.751922397509942,0.288406565514985,1
"125.9",2,0.301860682475823,0.242282594675811,1
"126",2,0.195468702878405,0.496339621789172,1
"126.1",2,0.194434548019043,0.684110121947261,1
"126.2",2,0.311450208440584,0.633627728875637,1
"126.3",2,0.367732462515766,0.638580713573012,1
"126.4",2,0.583009378761597,0.162167658254701,1
"126.5",2,0.268285029593275,0.617840691109049,1
"126.6",2,0.310024018115003,0.427031303350479,1
"126.7",2,0.565825095884522,0.792615121588594,1
"126.8",2,0.438374050891267,0.68939574379057,1
"126.9",2,0.806326745237411,0.489519964518108,1
"127",2,0.816701684808499,0.615424373136303,1
"127.1",2,0.625061196865933,0.64055972033591,1
"127.2",2,0.733204057780188,0.315743120772489,1
"127.3",2,0.580521364325536,0.249818972523738,1
"127.4",2,0.377106755688683,0.230398203151621,1
"127.5",2,0.135531110403676,0.506983352176325,1
"127.6",2,0.140327353242924,0.530459423045478,1
"127.7",2,0.600480073507193,0.621000616575267,1
"127.8",2,0.837582794802358,0.342294249326623,1
"127.9",2,0.263705259676314,0.689746939682644,1
"128",2,0.677898084584187,0.231840455973737,1
"128.1",2,0.674075869994221,0.663133339234299,1
"128.2",2,0.425370996633033,0.197710660794038,1
"128.3",2,0.31717684947815,0.749222885119689,1
"128.4",2,0.859985936908284,0.479929142875225,1
"128.5",2,0.299597913180578,0.801590183701692,1
"128.6",2,0.717406820720797,0.340802400968745,1
"128.7",2,0.242873120389987,0.53901741435083,1
"128.8",2,0.715546789523641,0.548142158202515,1
"128.9",2,0.556844687584664,0.316891472736064,1
"129",2,0.654149225463106,0.493502950250334,1
"129.1",2,0.349142734649788,0.673624972313958,1
"129.2",2,0.264061937669983,0.493869231155898,1
"129.3",2,0.549622712890793,0.345646968223008,1
"129.4",2,0.679012468811445,0.630652419285065,1
"129.5",2,0.628350091416066,0.567879860853379,1
"129.6",2,0.188652499472398,0.549106670185615,1
"129.7",2,0.701944509655759,0.211935182381617,1
"129.8",2,0.614242741109839,0.323521822735444,1
"129.9",2,0.520832927334791,0.765122401263583,1
"130",2,0.4866989461046,0.212560127280591,1
"130.1",2,0.830858102975485,0.450337965596698,1
"130.2",2,0.581679969431072,0.676123460775183,1
"130.3",2,0.434754582400479,0.593973698064982,1
"130.4",2,0.272023284280966,0.3997733067399,1
"130.5",2,0.229031412830015,0.595777721675273,1
"130.6",2,0.771993914954853,0.598597718469157,1
"130.7",2,0.81124272202053,0.384160939178766,1
"130.8",2,0.847273599941588,0.398844428412592,1
"130.9",2,0.29459160694852,0.524775491806878,1
"131",2,0.836211097683173,0.371399766815634,1
"131.1",2,0.196022159933357,0.366585112618228,1
"131.2",2,0.738569267083893,0.374215775593964,1
"131.3",2,0.349863063231235,0.353170141877866,1
"131.4",2,0.646488548622984,0.326616187302596,1
"131.5",2,0.674895223515007,0.787538038266904,1
"131.6",2,0.657893379944448,0.796740770328031,1
"131.7",2,0.763502498871959,0.368160128280298,1
"131.8",2,0.502760139291021,0.697276659867661,1
"131.9",2,0.487493293565457,0.178136099356163,1
"132",2,0.795969550764436,0.271399540379299,1
"132.1",2,0.671150400008938,0.303040157518526,1
"132.2",2,0.221188823768419,0.697978476446803,1
"132.3",2,0.226869248031736,0.476309583922334,1
"132.4",2,0.543696667295366,0.227177450732965,1
"132.5",2,0.890600974288662,0.388323465031913,1
"132.6",2,0.28510595315912,0.789362266106545,1
"132.7",2,0.341604437494272,0.636599629551156,1
"132.8",2,0.752950085210973,0.424253989256891,1
"132.9",2,0.38922478750643,0.578248271722126,1
"133",2,0.348650772956934,0.56965393316736,1
"133.1",2,0.254381887040729,0.310477591943892,1
"133.2",2,0.387373339424917,0.212118322213306,1
"133.3",2,0.401836589683091,0.436520534378677,1
"133.4",2,0.629056522578865,0.171101609623439,1
"133.5",2,0.884486739067125,0.484045626272753,1
"133.6",2,0.396397735681129,0.716326801155479,1
"133.7",2,0.695233702619596,0.417089527573705,1
"133.8",2,0.2724204769201,0.65251891759419,1
"133.9",2,0.676143462118061,0.763246484724868,1
"134",2,0.438565582521007,0.175805117070363,1
"134.1",2,0.146741724918399,0.449922510646199,1
"134.2",2,0.283987477616023,0.394924942491309,1
"134.3",2,0.431105141908737,0.631439514583278,1
"134.4",2,0.244811413913961,0.274128305015082,1
"134.5",2,0.798209064102295,0.641841494860129,1
"134.6",2,0.663677520468525,0.731566220392787,1
"134.7",2,0.767347107807911,0.653353888631236,1
"134.8",2,0.785642645929556,0.392077641109136,1
"134.9",2,0.827101924632484,0.634579866099965,1
"135",2,0.160510543656475,0.379436631771838,1
"135.1",2,0.446233222165875,0.199907679165455,1
"135.2",2,0.261917251843754,0.521568089787755,1
"135.3",2,0.779898742340671,0.329230586552611,1
"135.4",2,0.484308285812421,0.285360362724691,1
"135.5",2,0.189233895911699,0.454339467806739,1
"135.6",2,0.642439120453891,0.770138045928184,1
"135.7",2,0.728386123060237,0.719452654055534,1
"135.8",2,0.814802842042837,0.587245050214542,1
"135.9",2,0.460861314130092,0.723873538011521,1
"136",2,0.697267438316581,0.252064236109622,1
"136.1",2,0.158406341645106,0.555270669179441,1
"136.2",2,0.214958677267183,0.506714285226359,1
"136.3",2,0.407731051605564,0.364355997215572,1
"136.4",2,0.52059459037502,0.225435034882401,1
"136.5",2,0.424253452620783,0.216732304232115,1
"136.6",2,0.727364388894153,0.288529218167973,1
"136.7",2,0.319222492435395,0.223957718304601,1
"136.8",2,0.537164031089684,0.810361309089998,1
"136.9",2,0.457665886893585,0.76246769070707,1
"137",2,0.232955864311775,0.685099946543409,1
"137.1",2,0.318030477404517,0.311601452325953,1
"137.2",2,0.62639226330374,0.70788814183739,1
"137.3",2,0.466389397645968,0.828764633443129,1
"137.4",2,0.768225027878739,0.689682266147155,1
"137.5",2,0.401316014631771,0.191893466980423,1
"137.6",2,0.392989155952594,0.246216114567718,1
"137.7",2,0.86478351726029,0.447972172570126,1
"137.8",2,0.685296496116882,0.552711392835433,1
"137.9",2,0.638752089052213,0.207555676787622,1
"138",2,0.237806028862868,0.298515685023153,1
"138.1",2,0.291928583527321,0.308322946205132,1
"138.2",2,0.598776282772678,0.735401819782931,1
"138.3",2,0.325279442240519,0.48415164989175,1
"138.4",2,0.679918141324791,0.523800479419471,1
"138.5",2,0.347517309657344,0.693489977712865,1
"138.6",2,0.885995203108044,0.40648022980737,1
"138.7",2,0.560546592775225,0.221600589434387,1
"138.8",2,0.784357017737225,0.540652821417759,1
"138.9",2,0.436907375484277,0.830677932223792,1
"139",2,0.540151150385805,0.727952082115924,1
"139.1",2,0.619362472232142,0.256133579480333,1
"139.2",2,0.344968814601763,0.22609043084324,1
"139.3",2,0.463567743238651,0.78645222446569,1
"139.4",2,0.229284443512732,0.384912341427192,1
"139.5",2,0.289635507979489,0.546895561547407,1
"139.6",2,0.807090491013568,0.551653081700639,1
"139.7",2,0.537397055701458,0.206136971382193,1
"139.8",2,0.57859691163806,0.764769839390148,1
"139.9",2,0.509853572143399,0.292791285256883,1
"140",2,0.505866586236042,0.786306830160028,1
"140.1",2,0.520336239898766,0.742518901756124,1
"140.2",2,0.827098829148951,0.327512146466395,1
"140.3",2,0.747023333361157,0.592649729152377,1
"140.4",2,0.857189400200619,0.538803637983941,1
"140.5",2,0.741591749528824,0.406763412147516,1
"140.6",2,0.28192630881843,0.715362421020849,1
"140.7",2,0.555505014188946,0.672118973772364,1
"140.8",2,0.233229177469866,0.433990288566812,1
"140.9",2,0.485861984438606,0.312639196105343,1
"141",2,0.309918960281905,0.65854914044379,1
"141.1",2,0.391861644610772,0.697277350051147,1
"141.2",2,0.731990077383903,0.611929428418037,1
"141.3",2,0.700708585578386,0.310915337519163,1
"141.4",2,0.683812451094865,0.707294737130697,1
"141.5",2,0.187384537285014,0.638140259239214,1
"141.6",2,0.6085462786102,0.193474384985091,1
"141.7",2,0.279649753116557,0.568404210421259,1
"141.8",2,0.872548712546653,0.490262154929718,1
"141.9",2,0.331169481591724,0.288670106940143,1
"142",2,0.646726530683621,0.272820920140004,1
"142.1",2,0.600998542370598,0.711890338373952,1
"142.2",2,0.74476538512989,0.265636530693471,1
"142.3",2,0.229071807712677,0.405600927599473,1
"142.4",2,0.28245215797256,0.276106573619108,1
"142.5",2,0.374030657165359,0.748212077112491,1
"142.6",2,0.455230362155652,0.653639297603981,1
"142.7",2,0.850503294824445,0.516096331725481,1
"142.8",2,0.461818111113431,0.675707989015106,1
"142.9",2,0.415665736038316,0.263716255044551,1
"143",2,0.505146246952973,0.19804885811649,1
"143.1",2,0.406395614294384,0.229950024085829,1
"143.2",2,0.493732095990093,0.818899684792075,1
"143.3",2,0.498977877314646,0.339912746241846,1
"143.4",2,0.837825936456976,0.312397261148676,1
"143.5",2,0.824433182963343,0.649110962076156,1
"143.6",2,0.711213920677793,0.520535795168987,1
"143.7",2,0.638978787743754,0.66553669532478,1
"143.8",2,0.3489079498999,0.430528428764094,1
"143.9",2,0.867294221309134,0.405559795830687,1
"144",2,0.487941830869203,0.630725003722605,1
"144.1",2,0.354964519015995,0.76230064184537,1
"144.2",2,0.145360618781501,0.412259540201168,1
"144.3",2,0.730212081202884,0.21474369214684,1
"144.4",2,0.409550906438344,0.820799563984549,1
"144.5",2,0.587743287637208,0.313387809268494,1
"144.6",2,0.787610618868115,0.354572959268892,1
"144.7",2,0.821121673419631,0.48375159827688,1
"144.8",2,0.322422655158739,0.610215399657287,1
"144.9",2,0.723511084183377,0.256877735198324,1
"145",2,0.88954475405377,0.43109018885204,1
"145.1",2,0.775146152717077,0.248587437786634,1
"145.2",2,0.30291108756453,0.489157098862731,1
"145.3",2,0.418577948847523,0.308500457854588,1
"145.4",2,0.836231105165817,0.386954878150982,1
"145.5",2,0.350058806398578,0.792133905827767,1
"145.6",2,0.638455976651419,0.189520054388986,1
"145.7",2,0.296845347263115,0.748308857039356,1
"145.8",2,0.401117500966116,0.743142035122271,1
"145.9",2,0.748462989326313,0.679037358707172,1
"146",2,0.187766278569038,0.580857483401024,1
"146.1",2,0.485116356337828,0.784826296233672,1
"146.2",2,0.351625344275668,0.302959444802175,1
"146.3",2,0.645247562895886,0.246666294277464,1
"146.4",2,0.370347030677724,0.198254748375621,1
"146.5",2,0.668155352914568,0.150920743654655,1
"146.6",2,0.568148226063267,0.734697959049189,1
"146.7",2,0.124448675088021,0.590155538154845,1
"146.8",2,0.175197255311263,0.536339486914273,1
"146.9",2,0.688753364420007,0.44345794183904,1
"147",2,0.736421643074,0.642004331017282,1
"147.1",2,0.645984039248103,0.600747350861969,1
"147.2",2,0.254902814591603,0.73138525607176,1
"147.3",2,0.578890309322986,0.370062875825521,1
"147.4",2,0.466521991822033,0.375581192025456,1
"147.5",2,0.790747546307912,0.621661668733556,1
"147.6",2,0.31997583345122,0.531722900563361,1
"147.7",2,0.860091953135848,0.551468728136931,1
"147.8",2,0.801927278847929,0.342418984024591,1
"147.9",2,0.191183344217777,0.39454218019879,1
"148",2,0.333812424910108,0.263480193016759,1
"148.1",2,0.554891447099034,0.250940081648494,1
"148.2",2,0.212560285710657,0.448645584628928,1
"148.3",2,0.561956942724917,0.186124686553193,1
"148.4",2,0.424076099709109,0.811782695294028,1
"148.5",2,0.627482427932089,0.816740108876587,1
"148.6",2,0.71189463709545,0.192219195908302,1
"148.7",2,0.266328308093266,0.288962629903341,1
"148.8",2,0.461868258118326,0.27430198222425,1
"148.9",2,0.278114389232695,0.325438274175732,1
"149",2,0.347888429351033,0.197412758425849,1
"149.1",2,0.367457716933918,0.605484718154832,1
"149.2",2,0.446598282151368,0.808435070930028,1
"149.3",2,0.692048515968648,0.183557759178461,1
"149.4",2,0.662593015468394,0.196456005674122,1
"149.5",2,0.615321619801079,0.211364303179955,1
"149.6",2,0.688959893176364,0.323405550731254,1
"149.7",2,0.501198778218002,0.721819135001778,1
"149.8",2,0.497685759474148,0.76199270625853,1
"149.9",2,0.608523650812342,0.800264280112487,1
"150",2,0.229360164687588,0.720077185414228,1
"150.1",2,0.874831373191423,0.422045181429748,1
"150.2",2,0.472489100610873,0.809999760149748,1
"150.3",2,0.347960579695557,0.543296602442542,1
"150.4",2,0.457524069559309,0.246529116614477,1
"150.5",2,0.889734687534872,0.557665169955688,1
"150.6",2,0.208987890591438,0.357424908105403,1
"150.7",2,0.803158452103809,0.424453695354537,1
"150.8",2,0.283873627494886,0.502536910450249,1
"150.9",2,0.707534655553079,0.751421605761174,1
"151",2,0.812617261983371,0.527645727031676,1
"151.1",2,0.859846092276863,0.366867315187766,1
"151.2",2,0.139644865021081,0.581264320909644,1
"151.3",2,0.520705081028628,0.672880014419102,1
"151.4",2,0.641696088071436,0.436757054047631,1
"151.5",2,0.193581620994549,0.614586803577353,1
"151.6",2,0.386520635478346,0.342406934963236,1
"151.7",2,0.316110069708526,0.259250230884337,1
"151.8",2,0.482761367931804,0.744971785974538,1
"151.9",2,0.726592246492596,0.387890315039586,1
"152",2,0.664323969020247,0.372377846066307,1
"152.1",2,0.367621137448318,0.802910336485951,1
"152.2",2,0.805859132227228,0.284632143980715,1
"152.3",2,0.352329988317236,0.391320007985848,1
"152.4",2,0.508175453844382,0.175944037527775,1
"152.5",2,0.227919242076897,0.7445330366999,1
"152.6",2,0.291875705416186,0.667015035639971,1
"152.7",2,0.153250562500003,0.48356255477255,1
"152.8",2,0.43355090084723,0.285206380415732,1
"152.9",2,0.394721385509862,0.61836455228825,1
"153",2,0.783576533605353,0.438494909353508,1
"153.1",2,0.783761767203299,0.519777592679649,1
"153.2",2,0.329688113792459,0.404431562208895,1
"153.3",2,0.333697145474684,0.737693298527753,1
"153.4",2,0.273303851122816,0.465452848275461,1
"153.5",2,0.690970313109516,0.67626379995673,1
"153.6",2,0.3885067851855,0.784091792197157,1
"153.7",2,0.247776821225568,0.416255040817402,1
"153.8",2,0.244345120908649,0.60873041381366,1
"153.9",2,0.806365077453627,0.315479024328249,1
"154",2,0.538902668732087,0.704088260106007,1
"154.1",2,0.836447044048047,0.529780222994767,1
"154.2",2,0.530095311783767,0.261292959823088,1
"154.3",2,0.139959619611322,0.472295983750618,1
"154.4",2,0.400669846011792,0.315403884529801,1
"154.5",2,0.848592063571529,0.565787887164582,1
"154.6",2,0.308551167845251,0.727288822132404,1
"154.7",2,0.259455097694805,0.553251494668722,1
"154.8",2,0.657172221455202,0.28812513238366,1
"154.9",2,0.350180966965293,0.499217255845527,1
"155",2,0.715149345321231,0.678232934334641,1
"155.1",2,0.711337466561517,0.612398271007385,1
"155.2",2,0.347626911552933,0.461180964611093,1
"155.3",2,0.613884683575494,0.756515503193262,1
"155.4",2,0.809857280565017,0.461489420714595,1
"155.5",2,0.62770436222409,0.789145027521365,1
"155.6",2,0.633565650343293,0.301983829045796,1
"155.7",2,0.68813786342761,0.375396107227454,1
"155.8",2,0.398575634590679,0.294634492820142,1
"155.9",2,0.281484062710753,0.427874083746218,1
"156",2,0.746962818280461,0.343370365323571,1
"156.1",2,0.607922837699478,0.178135134146189,1
"156.2",2,0.543360478565607,0.367325929775574,1
"156.3",2,0.288712906202686,0.629435900247156,1
"156.4",2,0.665225519659472,0.412615108479269,1
"156.5",2,0.304286392177198,0.573421987506272,1
"156.6",2,0.473057180590666,0.704496922547388,1
"156.7",2,0.315357219384841,0.689719279093599,1
"156.8",2,0.786671297347785,0.374525595478354,1
"156.9",2,0.856047543181342,0.462582987582135,1
"157",2,0.428809133996514,0.773886096313781,1
"157.1",2,0.507326118324611,0.365650039359543,1
"157.2",2,0.63613581876948,0.406384730096029,1
"157.3",2,0.290228195387148,0.687318212733264,1
"157.4",2,0.800650439975217,0.567759761353207,1
"157.5",2,0.203191528395123,0.654018819777089,1
"157.6",2,0.356783084643184,0.241233767464364,1
"157.7",2,0.826628866884742,0.437566619366738,1
"157.8",2,0.715863795102411,0.442991319793718,1
"157.9",2,0.698212505289468,0.49067705761662,1
"158",2,0.674609270388613,0.213405552144774,1
"158.1",2,0.244695443474348,0.490822774062715,1
"158.2",2,0.551236209024383,0.278304584651644,1
"158.3",2,0.568036323865442,0.637923855476364,1
"158.4",2,0.199926763127633,0.470888054375142,1
"158.5",2,0.377199492734252,0.479103791740259,1
"158.6",2,0.586536449010612,0.801818800205028,1
"158.7",2,0.443517093753754,0.742620220181782,1
"158.8",2,0.631458745004279,0.361663191198975,1
"158.9",2,0.438336677365278,0.790106857286034,1
"159",2,0.768134663903259,0.280539854713682,1
"159.1",2,0.751014881299886,0.450187228420792,1
"159.2",2,0.203710007561358,0.335652753648634,1
"159.3",2,0.70799099653282,0.395695296188159,1
"159.4",2,0.202986676005206,0.684750429441093,1
"159.5",2,0.272731560624168,0.243898355252063,1
"159.6",2,0.434684359257047,0.382266257519605,1
"159.7",2,0.74897141112985,0.530161729173292,1
"159.8",2,0.308751779084706,0.387766483171809,1
"159.9",2,0.217551116937383,0.542790220470052,1
"A",1,0.506327161010569,0.500391450929643,2
"C",2,0.538597625979843,0.490637893479171,2
"D",2,0.526434553365793,0.492048047566491,2
"E",2,0.515192997273752,0.503942327860119,2
"F",1,0.501173861849162,0.500312298331928,2
"G",1,0.511498730912497,0.500120118919934,2
"H",2,0.524832234653506,0.509909430541281,2
"I",1,0.506745163861451,0.498130957997596,2
"K",1,0.50596732664746,0.504559855989952,2
"L",1,0.515881080678233,0.493671972421137,2
"M",2,0.507693509249727,0.492623730949886,2
"N",2,0.523850822250304,0.494629732132667,2
"P",2,0.510530335794482,0.496372264850229,2
"Q",2,0.521236044647285,0.501279219103541,2
"R",1,0.507903570748086,0.501850128510479,2
"S",3,0.515441324920953,0.496929661318514,2
"T",2,0.519396427335151,0.495175511634001,2
"V",1,0.516993038873942,0.499466506248047,2
"W",2,0.535353712463753,0.500103124033669,2
"Y",2,0.510938664769473,0.505428506835897,2
