AAsInfo,AAsInfo.AA_name,AAsInfo.AA_symbol,AAsInfo.AA_NEH_tritium,AAsInfo.AA_NEH_Asym,AAsInfo.AA_NEH_APE,AAsInfo.AA_NEH_MPE,AAsInfo.AA_NEH_Asym_ci,AAsInfo.AA_NEH_APE_ci,AAsInfo.AA_NEH_MPE_ci,AAsInfo.AA_NEH_APE_MPE,AAsInfo.AA_NEH_APE_MPE_ci
ConsoleApp2.AAsInfo,"Alanine (A)",A,2,0,2.03749894558636,2.02326185310009,0,0.00883285156561111,0.0436614702743558,0,0
ConsoleApp2.AAsInfo,"Cysteine (C)",C,3,0,2.94792461313138,2.91161073935089,0,0.0210864681751566,0.105869496742926,0,0
ConsoleApp2.AAsInfo,"Aspartic acid (D)",D,3,0,2.859065907775,2.82060766849199,0,0.0134634378349666,0.0693228796714284,0,0
ConsoleApp2.AAsInfo,"Glutamic acid (E)",E,2,0,1.9194060635469,1.9508809346715,0,0.0112635256735156,0.0566700712946521,0,0
ConsoleApp2.AAsInfo,"Phenylalanine (F)",F,1,0,0.970735439621905,1.03546446303392,0,0.0125859780764389,0.0628366669339608,0,0
ConsoleApp2.AAsInfo,"Glycine (G)",G,4,0,4.0228467790389,4.04317740756341,0,0.00931848049903371,0.0467435945985807,0,0
ConsoleApp2.AAsInfo,"Histidine (H)",H,1,0,1.0905884612352,1.03232607355527,0,0.0188254949873724,0.0973708068218683,0,0
ConsoleApp2.AAsInfo,"Isoleucine (I)",I,2,0,2.03327676710286,2.09401480290841,0,0.011278102453973,0.056481030365473,0,0
ConsoleApp2.AAsInfo,"lysine (K)",K,2,0,2.08182430626446,2.06952512706497,0,0.0203804413731617,0.105250916001552,0,0
ConsoleApp2.AAsInfo,"Leucine (L)",L,3,0,2.95831345635076,2.96940621402819,0,0.00850813070068247,0.0429637753325118,0,0
ConsoleApp2.AAsInfo,"Methionine (M)",M,0,0,0.0163744841899485,0.0200548242789383,0,0.0184652976895168,0.094229150113086,0,0
ConsoleApp2.AAsInfo,"Asparagine (N)",N,1,0,1.05383469057243,0.991998047680385,0,0.0139546059191319,0.0707202067252799,0,0
ConsoleApp2.AAsInfo,"Proline (P)",P,0,0,0.0962727235809978,0.0509954401967842,0,0.0130627846123895,0.0659982952456489,0,0
ConsoleApp2.AAsInfo,"Glutamine (Q)",Q,2,0,1.97586833196228,1.98855500104517,0,0.0125283204887632,0.062951545795901,0,0
ConsoleApp2.AAsInfo,"Arginine (R)",R,1,0,1.18674780104617,1.20005508335969,0,0.0250525852797431,0.12757614329771,0,0
ConsoleApp2.AAsInfo,"Serine (S)",S,1,0,1.05637746228742,0.993197219141193,0,0.0110023820555676,0.0554218707483486,0,0
ConsoleApp2.AAsInfo,"Threonine (T)",T,4,0,3.979009413018,3.98967098208995,0,0.0108425678863647,0.0552234697666245,0,0
ConsoleApp2.AAsInfo,"Valine (V)",V,0,0,0,0.0253807141661113,0,0.00971074330310248,0.0492515341435905,0,0
ConsoleApp2.AAsInfo,"Tryptophan (W)",W,3,0,2.97629314250695,3.03749513185208,0,0.0238463562549762,0.127436011905115,0,0
ConsoleApp2.AAsInfo,"Tyrosine (Y)",Y,1,0,0.928324445661335,0.969960626776296,0,0.0148727653157156,0.0742543436637967,0,0
