, , , , , , , , , , , ,LDLnD_SE_Band11_0ha, , , , , , , , , , , , , , , ,LDLND_SE_Band11_72ha, , , , , , , , , , , , , , , ,LDLND_SE_Band11_72hb, , , , , , , , , , , , , , , ,LDLND_SE_Band11_168ha, , , , , , , , , , , , , , , ,LDLND_SE_Band11_168hb, , , , , , , , , , , , , , , ,LDLND_SE_Band11_264ha, , , , , , , , , , , , , , , ,LDLND_SE_Band11_264hb, , , , , , , , , , , , , , , ,LDLND_SE_Band11_360ha, , , , , , , , , , , , , , , ,LDLND_SE_Band11_360hb, , , , , , , , , , , , , , , ,LDLND_SE_Band11_504ha, , , , , , , , , , , , , , , ,LDLND_SE_Band11_504hb, , , , , , , , , , , , , , , , 
Peptide, UniqueToProtein, Exchangeable Hydrogens, Charge, m/z(Sequence), M0, M1, M2, M3, M4, M5, Total Labeling, m/z(Precursor), IonScore, Expectn, Error(ppm), Scan, I0, I1, I2, I3, I4, I5, Start Elution (min), End Elution (min), I0 Peak Width, Total Labeling, Net Labeling,m/z(Precursor), IonScore, Expectn, Error(ppm), Scan, I0, I1, I2, I3, I4, I5, Start Elution (min), End Elution (min), I0 Peak Width, Total Labeling, Net Labeling,m/z(Precursor), IonScore, Expectn, Error(ppm), Scan, I0, I1, I2, I3, I4, I5, Start Elution (min), End Elution (min), I0 Peak Width, Total Labeling, Net Labeling,m/z(Precursor), IonScore, Expectn, Error(ppm), Scan, I0, I1, I2, I3, I4, I5, Start Elution (min), End Elution (min), I0 Peak Width, Total Labeling, Net Labeling,m/z(Precursor), IonScore, Expectn, Error(ppm), Scan, I0, I1, I2, I3, I4, I5, Start Elution (min), End Elution (min), I0 Peak Width, Total Labeling, Net Labeling,m/z(Precursor), IonScore, Expectn, Error(ppm), Scan, I0, I1, I2, I3, I4, I5, Start Elution (min), End Elution (min), I0 Peak Width, Total Labeling, Net Labeling,m/z(Precursor), IonScore, Expectn, Error(ppm), Scan, I0, I1, I2, I3, I4, I5, Start Elution (min), End Elution (min), I0 Peak Width, Total Labeling, Net Labeling,m/z(Precursor), IonScore, Expectn, Error(ppm), Scan, I0, I1, I2, I3, I4, I5, Start Elution (min), End Elution (min), I0 Peak Width, Total Labeling, Net Labeling,m/z(Precursor), IonScore, Expectn, Error(ppm), Scan, I0, I1, I2, I3, I4, I5, Start Elution (min), End Elution (min), I0 Peak Width, Total Labeling, Net Labeling,m/z(Precursor), IonScore, Expectn, Error(ppm), Scan, I0, I1, I2, I3, I4, I5, Start Elution (min), End Elution (min), I0 Peak Width, Total Labeling, Net Labeling,m/z(Precursor), IonScore, Expectn, Error(ppm), Scan, I0, I1, I2, I3, I4, I5, Start Elution (min), End Elution (min), I0 Peak Width, Total Labeling, Net Labeling
IETIEVMEDR,Yes, 21, 2,  617.80282,   48.287,31.303,14.054,4.710,1.283,0.295,80.145, , , , , , , , , , , , , , , , ,  617.80384,   46.69000, 2.641620e-04, -1.7, 13530,1.376073e+07,1.154498e+07,5.682796e+06,2.505501e+06,1.844470e+05,8.241083e+04,48.485260, 49.232933,0.000100,0.456220,0.164582, 617.80370,   56.47000, 3.370723e-05, -1.4, 13418,1.409267e+07,1.222696e+07,6.468914e+06,3.607226e+06,2.371620e+05,1.059639e+05,48.666908, 49.383926,0.000100,0.464557,0.220772, 617.80291,   56.58000, 3.398574e-05, -0.2, 13362,1.030752e+07,1.071842e+07,6.431290e+06,3.260706e+06,2.482300e+05,1.162435e+06,48.657623, 49.324455,0.000100,0.509771,0.363175, 617.80348,   55.14000, 4.344914e-05, -1.1, 13255,1.040413e+07,1.143816e+07,6.987025e+06,2.834553e+06,4.032760e+05,1.888668e+05,48.604862, 49.278980,0.000100,0.523670,0.343875, 618.30455,   33.92000, 2.786879e-03, -812.8, 13171,8.990400e+06,9.921439e+06,6.536370e+06,3.377226e+06,6.441840e+05,3.005188e+05,48.712498, 49.428658,0.000100,0.524615,0.382206, 617.80240,   55.01000, 4.298174e-05,  0.7, 13268,9.307677e+06,1.096350e+07,6.872585e+06,3.597474e+06,5.591850e+05,9.672850e+05,48.767265, 49.420292,0.000100,0.540842,0.421932, 617.80407,   33.14000, 5.129947e-03, -2.0, 13704,1.008938e+07,1.400092e+07,9.147734e+06,4.689784e+06,9.620610e+05,8.685230e+05,48.774586, 49.591572,0.000100,0.581185,0.485864, 618.30455,   40.57000, 6.515970e-04, -812.8, 13546,1.055701e+07,1.398847e+07,9.042436e+06,4.547325e+06,1.553218e+06,7.652160e+05,48.889523, 49.715557,0.000100,0.569900,0.466141, 617.80181,   48.21000, 1.464881e-04,  1.6, 13715,1.447284e+07,1.757354e+07,1.293333e+07,6.193913e+06,1.410119e+06,6.578359e+05,48.957020, 49.627361,0.000100,0.548378,0.444492, 617.80449,    45.06000, 1.474945e-04, -2.7, 13793, 1.342770e+07,1.629645e+07,1.175351e+07,6.233342e+06,1.855055e+06,6.107830e+05,48.926682, 49.604431,0.000100,0.548256,0.451649,
WGTLTDcVVMR,Yes, 12, 2,  669.32068,   43.977,31.095,16.128,6.192,1.947,0.518,92.302, , , , , , , , , , , , , , , , ,  669.82207,   32.78000, 3.907390e-03, -749.7, 18372,3.683391e+06,3.663023e+06,3.105483e+06,1.920711e+06,7.310976e+05,9.944300e+04,60.108170, 60.532154,0.000100,0.498614,0.380063, 669.31975,   62.89000, 3.803227e-06,  1.4, 18411,3.683516e+06,3.651651e+06,3.302209e+06,2.156355e+06,8.207930e+05,1.937600e+05,60.267216, 60.733093,0.000100,0.497828,0.407415, 669.82207,    0.00000, 0.000000e+00, -749.7, 18372,3.311442e+06,3.708233e+06,2.934760e+06,1.566559e+06,6.087477e+05,3.490210e+05,60.062248, 60.529030,0.000100,0.528263,0.409132, 669.82207,    0.00000, 0.000000e+00, -749.7, 18372,3.400691e+06,3.574050e+06,3.210799e+06,1.444653e+06,5.613763e+05,2.301080e+05,60.083359, 60.624790,0.000100,0.512428,0.388584, 669.82244,   23.31000, 3.048150e-02, -750.2, 17881,2.846378e+06,3.539271e+06,3.870684e+06,1.875129e+06,7.274110e+05,4.016960e+05,59.359341, 60.664116,0.000100,0.554254,0.526893, 669.82207,    0.00000, 0.000000e+00, -749.7, 18372,3.674412e+06,3.718581e+06,3.454578e+06,2.247877e+06,1.124218e+06,3.745050e+05,60.173782, 60.974663,0.000100,0.502987,0.435674, 669.82293,   30.77000, 6.105190e-03, -751.0, 18359,3.972749e+06,4.629097e+06,3.946559e+06,1.908289e+06,7.390091e+05,3.273999e+05,60.228722, 60.832912,0.000100,0.538152,0.427869, 669.82231,   19.39000, 7.313667e-02, -750.0, 18368,3.785915e+06,5.479902e+06,9.220544e+06,4.458432e+06,1.726584e+06,7.649209e+05,59.739071, 61.029881,0.000100,0.591411,0.675993, 669.82219,   43.08000, 4.223008e-04, -749.9, 18356,4.943548e+06,6.113939e+06,4.583634e+06,2.220514e+06,8.613944e+05,3.824441e+05,60.415951, 60.906612,0.000100,0.552923,0.419712, 669.82262,    40.91000, 5.311338e-04, -750.5, 18475, 4.825480e+06,5.876650e+06,4.463563e+06,2.976288e+06,1.287062e+06,5.790960e+05,60.409466, 60.900124,0.000100,0.549110,0.460538,
EDSVKPGAHLTVK,Yes, 22, 3,  460.92090,   45.190,34.259,14.623,4.523,1.121,0.234,82.728, , , , , , , , , , , , , , , , ,  461.25530,   30.41000, 1.589509e-03, -726.6, 2279,3.479716e+07,3.167806e+07,1.831722e+07,7.440668e+06,2.818880e+06,7.332530e+05,20.749147, 22.932594,0.000100,0.476539,0.199382, 460.92121,   30.41000, 3.730772e-03, -0.7, 2036,3.715051e+07,3.388603e+07,1.874570e+07,8.123690e+06,2.996545e+06,7.280630e+05,20.701225, 22.889858,0.000100,0.477023,0.193727, 461.25496,   33.53000, 7.169941e-04, -725.8, 2353,3.333033e+07,3.831812e+07,2.583224e+07,1.205482e+07,4.734676e+06,9.824130e+05,20.943048, 22.978144,0.000100,0.534807,0.363352, 461.25524,   25.19000, 5.245819e-03, -726.4, 2154,3.409414e+07,3.965999e+07,2.643333e+07,1.227587e+07,4.676735e+06,1.203847e+06,20.972479, 23.092779,0.000100,0.537732,0.365358, 461.25621,   29.96000, 4.735299e-03, -728.5, 2140,3.535193e+07,4.603943e+07,3.169313e+07,1.528164e+07,6.690748e+06,1.477991e+06,20.721014, 22.894651,0.000100,0.565655,0.431378, 461.25560,   25.71000, 8.788036e-03, -727.2, 2313,3.802430e+07,5.086361e+07,3.468873e+07,1.662405e+07,7.327964e+06,2.020379e+06,20.966291, 23.321463,0.000100,0.572222,0.441651, 461.25566,   26.60000, 5.053591e-03, -727.4, 2565,2.469548e+07,3.429474e+07,2.363977e+07,1.203594e+07,5.085552e+06,1.349251e+06,20.959698, 23.175541,0.000100,0.581363,0.463050, 461.25549,   25.43000, 7.346265e-03, -727.0, 2387,3.035629e+07,4.165894e+07,3.012695e+07,1.509356e+07,6.313957e+06,1.513160e+06,20.645229, 23.002625,0.000100,0.578474,0.466499, 461.25580,   25.33000, 1.139288e-02, -727.6, 2173,4.896329e+07,6.922382e+07,4.994165e+07,2.548459e+07,1.026527e+07,3.249699e+06,21.052971, 23.086779,0.000100,0.585714,0.479874, 461.25572,    27.62000, 4.264158e-03, -727.5, 2180, 4.543611e+07,6.428307e+07,4.721327e+07,2.356504e+07,9.141418e+06,2.812510e+06,20.927404, 23.132824,0.000100,0.585887,0.480212,
YGKIETIEVMEDR,Yes, 24, 2,  791.89269,   38.859,33.364,17.738,7.018,2.244,0.606,101.898, , , , , , , , , , , , , , , , ,  792.39281,   42.01000, 8.862254e-04, -632.0, 12739,3.171950e+05,3.144670e+05,2.082370e+05,6.562700e+04,0.000000e+00,0.000000e+00,47.047104, 47.181862,0.000100,0.497841,0.133808, 792.39397,   31.04000, 1.175594e-02, -633.4, 12755,2.361100e+05,2.983430e+05,2.190940e+05,1.173680e+05,0.000000e+00,0.000000e+00,47.254665, 47.317234,0.000100,0.558221,0.334692, 792.39739,   42.19000, 9.485877e-04, -637.7, 12591,4.726420e+05,7.360410e+05,3.378820e+05,1.487200e+05,0.000000e+00,0.000000e+00,47.153614, 47.323433,0.000100,0.608961,0.289949, 792.39739,   43.96000, 6.626894e-04, -637.7, 12515,3.465930e+05,5.379980e+05,4.052690e+05,1.554230e+05,0.000000e+00,0.000000e+00,47.176197, 47.344765,0.000100,0.608188,0.414807, 792.39434,   56.12000, 5.359284e-05, -633.9, 12391,3.940920e+05,6.734090e+05,5.815430e+05,3.382700e+05,2.515000e+04,1.467313e+04,47.136398, 47.362713,0.000100,0.630828,0.525356, 791.89117,    0.00000, 0.000000e+00,  1.9, 12783,5.139110e+05,8.403730e+05,6.771360e+05,2.712410e+05,4.052600e+04,2.364387e+04,47.236523, 47.448875,0.000100,0.620529,0.464695, 792.39281,   36.18000, 2.608887e-03, -632.0, 12772,3.052150e+05,3.544250e+05,2.244780e+05,1.490740e+05,3.554200e+04,2.064940e+04,47.327770, 47.526882,0.000100,0.537301,0.291829, 792.39666,   18.65000, 2.379989e-01, -636.8, 12791,2.560330e+05,4.628010e+05,3.988820e+05,3.137300e+04,1.504307e+04,8.739809e+03,47.514400, 47.647636,0.000100,0.643822,0.469823, 791.89060,   56.64000, 3.231181e-05,  2.6, 12835,1.529540e+05,2.434180e+05,1.423000e+05,3.278500e+04,4.462900e+04,0.000000e+00,47.600559, 47.635899,0.000100,0.614115,0.367392, 791.89117,     0.00000, 0.000000e+00,  1.9, 12783, 3.325900e+04,5.673300e+04,8.861000e+04,0.000000e+00,0.000000e+00,0.000000e+00,47.607529, 47.607529,0.000100,0.630423,0.598365,
GFAFVTFDDHDTVDK,Yes, 19, 3,  571.93003,   36.285,35.077,18.665,7.118,2.159,0.550,105.146, , , , , , , , , , , , , , , , ,  572.26769,   24.89000, 4.629588e-03, -591.1, 19757,6.048808e+06,1.121136e+07,9.334089e+06,4.624579e+06,1.541832e+06,4.428220e+05,63.248070, 63.700500,0.000100,0.649551,0.507890, 571.93359,   12.02000, 7.448860e-02, -6.2, 19824,5.457110e+06,1.083684e+07,8.845630e+06,4.608453e+06,1.603564e+06,5.724720e+05,63.461552, 63.918442,0.000100,0.665084,0.534009, 572.26835,    4.92000, 3.449049e-01, -592.2, 19463,4.308880e+06,9.564569e+06,8.489437e+06,5.776984e+06,2.068466e+06,7.601680e+05,63.224953, 63.657932,0.000100,0.689415,0.623013, 572.26757,   27.20000, 2.811766e-03, -590.9, 19355,3.823324e+06,9.017559e+06,8.093749e+06,5.067367e+06,2.127119e+06,8.647630e+05,63.268600, 63.663818,0.000100,0.702254,0.642061, 572.26794,    8.26000, 1.677267e-01, -591.5, 19234,3.660824e+06,8.206126e+06,8.014490e+06,4.995418e+06,2.595046e+06,9.049920e+05,63.297550, 63.804363,0.000100,0.691511,0.650762, 572.26750,   14.21000, 4.642635e-02, -590.8, 19349,3.740753e+06,8.955045e+06,8.486661e+06,5.645713e+06,2.876257e+06,9.462190e+05,63.431744, 63.900482,0.000100,0.705355,0.669170, 572.26952,   33.49000, 7.232163e-04, -594.3, 19769,5.066984e+06,1.112167e+07,1.077871e+07,6.731793e+06,3.293559e+06,1.150692e+06,63.588528, 64.150177,0.000100,0.687004,0.639219, 572.26726,   24.03000, 5.573757e-03, -590.3, 19775,4.449945e+06,1.102283e+07,1.124286e+07,7.271515e+06,3.670772e+06,1.448030e+06,63.708271, 64.131676,0.000100,0.712402,0.691885, 572.26787,   19.60000, 1.450419e-02, -591.4, 19786,6.957679e+06,1.481955e+07,1.479059e+07,1.010256e+07,4.327046e+06,1.794538e+06,63.588692, 64.151649,0.000100,0.680507,0.642908, 572.26714,    32.71000, 8.558444e-04, -590.1, 19877, 7.149647e+06,1.440477e+07,1.413684e+07,9.363579e+06,4.775463e+06,1.741802e+06,63.606094, 64.061394,0.000100,0.668298,0.624096,
IFVGGIKEDTEEYNLR,Yes, 27, 2,  941.98089,   33.291,34.929,20.015,8.183,2.653,0.721,113.729, , , , , , , , , , , , , , , , ,  941.98051,   64.41000, 1.573428e-06,  0.4, 16053,1.541112e+06,1.966986e+06,1.159520e+06,6.374300e+05,1.002660e+05,0.000000e+00,54.751461, 54.948063,0.000100,0.560699,0.150581, 942.48137,   36.49000, 3.210706e-03, -531.6, 16109,1.302407e+06,1.509938e+06,1.194433e+06,5.932170e+05,7.899400e+04,0.000000e+00,55.022881, 55.192719,0.000100,0.536896,0.206182, 942.48271,   31.36000, 4.385349e-02, -533.0, 15889,1.003491e+06,1.846181e+06,1.344113e+06,8.984160e+05,2.922460e+05,3.744600e+04,54.844357, 55.092972,0.000100,0.647857,0.455135, 942.48296,   64.47000, 1.072000e-05, -533.3, 15746,9.620320e+05,1.444261e+06,1.334142e+06,7.192370e+05,3.472260e+05,9.767100e+04,54.797573, 55.007168,0.000100,0.600202,0.421397, 942.48308,   33.18000, 5.462050e-03, -533.4, 15651,8.311380e+05,1.699574e+06,1.146413e+06,6.019420e+05,3.259880e+05,4.115400e+04,54.830761, 55.073219,0.000100,0.671579,0.444139, 942.98088,   19.41000, 4.083875e-01, -1062.2, 15739,1.401941e+06,2.303604e+06,1.666804e+06,8.782210e+05,3.174430e+05,1.791460e+05,54.949738, 55.232079,0.000100,0.621664,0.389562, 942.48522,    7.60000, 4.979416e-01, -535.7, 16034,1.176957e+06,2.498958e+06,1.927978e+06,1.128020e+06,5.089090e+05,0.000000e+00,55.075077, 55.281338,0.000100,0.679819,0.517010, 942.48375,   32.39000, 5.612546e-03, -534.1, 16072,1.373809e+06,2.403800e+06,2.253298e+06,1.080770e+06,2.334590e+05,7.146500e+04,55.183830, 55.461220,0.000100,0.636328,0.476142, 942.48198,   39.27000, 3.040302e-03, -532.2, 16088,1.378366e+06,2.860844e+06,2.654564e+06,1.659311e+06,7.211740e+05,2.912870e+05,55.241081, 55.488239,0.000100,0.674853,0.573957, 942.48281,    17.48000, 1.356534e-01, -533.1, 16179, 1.555316e+06,2.879680e+06,2.988851e+06,1.924392e+06,7.598230e+05,1.849030e+05,55.167301, 55.447216,0.000100,0.649308,0.560562,
IFVGGIKEDTEEYNLR,Yes, 27, 3,  628.32302,   33.291,34.929,20.015,8.183,2.653,0.721,113.729, , , , , , , , , , , , , , , , ,  628.65734,   27.41000, 3.988605e-03, -532.7, 16179,1.217118e+07,1.468449e+07,1.073660e+07,4.337455e+06,1.828811e+06,5.750800e+05,54.717472, 55.140465,0.000100,0.546793,0.187349, 628.32353,   28.08000, 3.802263e-03, -0.8, 16264,1.101578e+07,1.362876e+07,8.804456e+06,3.945424e+06,1.701114e+06,3.962380e+05,54.988731, 55.388580,0.000100,0.553013,0.167994, 628.65825,   34.23000, 7.559018e-04, -534.1, 15872,8.419580e+06,1.301001e+07,1.052170e+07,5.224559e+06,3.051727e+06,7.113290e+05,54.844357, 55.275074,0.000100,0.607105,0.394932, 628.65770,   23.03000, 6.917174e-03, -533.2, 15885,8.721097e+06,1.327426e+07,1.133862e+07,6.182863e+06,2.838241e+06,8.986340e+05,54.723286, 55.245415,0.000100,0.603503,0.401804, 628.65874,   25.67000, 7.805674e-03, -534.9, 15762,7.141994e+06,1.263036e+07,1.003467e+07,5.810998e+06,2.872322e+06,6.782650e+05,54.792362, 55.283569,0.000100,0.638789,0.460230, 628.65923,   26.34000, 6.263368e-03, -535.7, 15863,6.912458e+06,1.164283e+07,9.160634e+06,5.605978e+06,1.993220e+06,7.872910e+05,54.912777, 55.334850,0.000100,0.627467,0.431526, 628.65935,   17.47000, 4.885852e-02, -535.9, 16047,7.069511e+06,1.375130e+07,1.077048e+07,5.961676e+06,2.330235e+06,1.019486e+06,55.005066, 55.460190,0.000100,0.660459,0.488926, 628.65874,   21.06000, 2.044098e-02, -534.9, 16208,7.225518e+06,1.381928e+07,1.140578e+07,6.052330e+06,2.723969e+06,1.121785e+06,55.147480, 55.597450,0.000100,0.656660,0.494811, 628.65868,   32.15000, 1.858046e-03, -534.8, 16224,1.062299e+07,2.002462e+07,1.866500e+07,1.097001e+07,6.194083e+06,1.937301e+06,55.169594, 55.628891,0.000100,0.653383,0.543520, 628.65923,    22.19000, 8.685828e-03, -535.7, 16158, 1.229104e+07,2.161122e+07,2.024733e+07,1.332244e+07,6.673407e+06,2.224234e+06,55.094055, 55.530098,0.000100,0.637457,0.524337,
SSGSPYGGGYGSGGGSGGYGSR,Yes, 45, 2,  955.89864,   34.849,34.679,19.317,7.775,2.503,0.680,110.054, , , , , , , , , , , , , , , , ,  956.39940,   69.75000, 2.883391e-07, -524.1, 6634,8.462496e+06,1.060937e+07,7.850091e+06,4.357649e+06,1.380025e+06,5.660250e+05,32.482323, 33.582081,0.000100,0.556284,0.277062, 955.89794,   79.60000, 3.439106e-08,  0.7, 6793,8.045432e+06,9.754175e+06,7.811653e+06,4.204133e+06,1.478132e+06,5.837280e+05,32.477741, 33.548080,0.000100,0.547999,0.287338, 956.90117,   35.68000, 4.507998e-04, -1049.3, 6416,6.033993e+06,9.400006e+06,8.762833e+06,6.166010e+06,2.894825e+06,1.044120e+06,32.313560, 33.334316,0.000100,0.609045,0.504522, 955.89885,   41.09000, 2.518895e-04, -0.2, 6701,6.623233e+06,1.117803e+07,1.033735e+07,7.312032e+06,3.772305e+06,1.094119e+06,32.440510, 33.688091,0.000100,0.627935,0.538839, 956.39873,   77.81000, 5.061315e-08, -523.4, 6397,5.147587e+06,1.007712e+07,1.009473e+07,7.505504e+06,3.899116e+06,1.219230e+06,32.392010, 33.608566,0.000100,0.661893,0.619981, 956.40012,   58.57000, 3.221128e-06, -524.9, 6415,5.253949e+06,9.882791e+06,9.664055e+06,7.635493e+06,3.855120e+06,1.598095e+06,32.541786, 33.635036,0.000100,0.652901,0.611582, 956.39946,   33.78000, 6.793188e-04, -524.2, 6509,4.104542e+06,8.531323e+06,9.600790e+06,7.342635e+06,3.774158e+06,1.643344e+06,32.735821, 33.666737,0.000100,0.675167,0.671520, 956.39782,   60.58000, 2.087417e-06, -522.5, 6651,5.065645e+06,1.043517e+07,1.128746e+07,8.104543e+06,4.915526e+06,2.046748e+06,32.773457, 34.033115,0.000100,0.673201,0.662925, 956.39897,   79.13000, 3.806540e-08, -523.7, 6629,8.028096e+06,1.701335e+07,1.886548e+07,1.472104e+07,8.375581e+06,4.186696e+06,32.757019, 33.763256,0.000100,0.679408,0.688601, 956.90129,    34.90000, 5.334451e-04, -1049.5, 6717, 7.914923e+06,1.741136e+07,1.927184e+07,1.539865e+07,8.978479e+06,4.451818e+06,32.778866, 33.750107,0.000100,0.687482,0.702259,
KIFVGGIKEDTEEYNLR,Yes, 28, 3,  671.02133,   30.783,34.659,21.127,9.141,3.125,0.894,121.306, , , , , , , , , , , , , , , , ,  671.35515,   27.98000, 6.986156e-03, -498.0, 12747,3.360301e+06,3.875405e+06,3.215926e+06,1.695645e+06,6.416820e+05,2.846700e+05,46.230930, 47.419430,0.000100,0.535595,0.186424, 671.35723,   28.84000, 2.071238e-03, -501.1, 12783,3.720524e+06,4.507554e+06,3.652716e+06,1.511682e+06,5.585160e+05,2.573760e+05,46.379520, 47.619091,0.000100,0.547826,0.178460, 671.69146,    8.78000, 1.499099e-01, -999.7, 12622,1.902343e+06,3.245272e+06,2.883181e+06,1.897657e+06,1.101360e+06,3.753980e+05,47.187614, 47.532993,0.000100,0.630442,0.469312, 671.35625,   31.93000, 2.393502e-03, -499.6, 12541,2.051109e+06,3.429969e+06,3.387708e+06,2.114967e+06,1.157672e+06,2.789530e+05,46.465977, 47.549175,0.000100,0.625784,0.472061, 671.35811,    9.27000, 1.348730e-01, -502.4, 12438,1.658416e+06,3.045480e+06,3.089835e+06,1.863865e+06,8.805360e+05,3.146470e+05,47.226463, 47.596519,0.000100,0.647438,0.513960, 671.35588,   25.68000, 3.903457e-03, -499.1, 12518,2.474594e+06,4.806736e+06,4.825294e+06,3.100374e+06,1.230319e+06,4.417050e+05,46.511738, 47.849899,0.000100,0.660145,0.536365, 671.35607,   24.42000, 1.430755e-02, -499.3, 12800,2.145837e+06,3.792735e+06,4.391369e+06,2.872234e+06,1.392222e+06,3.935460e+05,46.599831, 47.816036,0.000100,0.638661,0.553191, 671.35271,   13.36000, 7.917373e-02, -494.3, 12789,2.271090e+06,4.008061e+06,4.055342e+06,2.609735e+06,1.099693e+06,4.609450e+05,46.728058, 47.883617,0.000100,0.638313,0.503410, 671.69078,   19.90000, 1.359374e-02, -998.7, 12819,2.971401e+06,6.220823e+06,6.577597e+06,4.956517e+06,2.030055e+06,8.538660e+05,46.734161, 47.915398,0.000100,0.676748,0.598092, 671.69200,     3.32000, 4.872259e-01, -1000.5, 12910, 2.667291e+06,5.416990e+06,5.478568e+06,3.599950e+06,1.922973e+06,7.561390e+05,46.826614, 47.904324,0.000100,0.670065,0.572514,
