sp|TRYP_PIG|
sp|TRYP_PIG|
, , , , , , , , , , , ,LDLnD_SE_Band10_0ha, , , , , , , , , , , , , , , ,LDLND_SE_Band10_72ha, , , , , , , , , , , , , , , ,LDLND_SE_Band10_72hb, , , , , , , , , , , , , , , ,LDLND_SE_Band10_168ha, , , , , , , , , , , , , , , ,LDLND_SE_Band10_168hb, , , , , , , , , , , , , , , ,LDLND_SE_Band10_264ha, , , , , , , , , , , , , , , ,LDLND_SE_Band10_264hb, , , , , , , , , , , , , , , ,LDLND_SE_Band10_360ha, , , , , , , , , , , , , , , ,LDLND_SE_Band10_360hb, , , , , , , , , , , , , , , ,LDLND_SE_Band10_504ha, , , , , , , , , , , , , , , ,LDLND_SE_Band10_504hb, , , , , , , , , , , , , , , , 
Peptide, UniqueToProtein, Exchangeable Hydrogens, Charge, m/z(Sequence), M0, M1, M2, M3, M4, M5, Total Labeling, m/z(Precursor), IonScore, Expectn, Error(ppm), Scan, I0, I1, I2, I3, I4, I5, Start Elution (min), End Elution (min), I0 Peak Width, Total Labeling, Net Labeling,m/z(Precursor), IonScore, Expectn, Error(ppm), Scan, I0, I1, I2, I3, I4, I5, Start Elution (min), End Elution (min), I0 Peak Width, Total Labeling, Net Labeling,m/z(Precursor), IonScore, Expectn, Error(ppm), Scan, I0, I1, I2, I3, I4, I5, Start Elution (min), End Elution (min), I0 Peak Width, Total Labeling, Net Labeling,m/z(Precursor), IonScore, Expectn, Error(ppm), Scan, I0, I1, I2, I3, I4, I5, Start Elution (min), End Elution (min), I0 Peak Width, Total Labeling, Net Labeling,m/z(Precursor), IonScore, Expectn, Error(ppm), Scan, I0, I1, I2, I3, I4, I5, Start Elution (min), End Elution (min), I0 Peak Width, Total Labeling, Net Labeling,m/z(Precursor), IonScore, Expectn, Error(ppm), Scan, I0, I1, I2, I3, I4, I5, Start Elution (min), End Elution (min), I0 Peak Width, Total Labeling, Net Labeling,m/z(Precursor), IonScore, Expectn, Error(ppm), Scan, I0, I1, I2, I3, I4, I5, Start Elution (min), End Elution (min), I0 Peak Width, Total Labeling, Net Labeling,m/z(Precursor), IonScore, Expectn, Error(ppm), Scan, I0, I1, I2, I3, I4, I5, Start Elution (min), End Elution (min), I0 Peak Width, Total Labeling, Net Labeling,m/z(Precursor), IonScore, Expectn, Error(ppm), Scan, I0, I1, I2, I3, I4, I5, Start Elution (min), End Elution (min), I0 Peak Width, Total Labeling, Net Labeling,m/z(Precursor), IonScore, Expectn, Error(ppm), Scan, I0, I1, I2, I3, I4, I5, Start Elution (min), End Elution (min), I0 Peak Width, Total Labeling, Net Labeling,m/z(Precursor), IonScore, Expectn, Error(ppm), Scan, I0, I1, I2, I3, I4, I5, Start Elution (min), End Elution (min), I0 Peak Width, Total Labeling, Net Labeling
VATVSLPR,Yes, 14, 2,  421.75835,61.303,28.794,7.967,1.625,0.268,0.037,50.863, 421.75837,   55.02000, 5.300000e-05, -0.0, 8571,1.074469e+10,4.753657e+09,1.264302e+09,2.216882e+08,3.070288e+07,0.000000e+00,33.488895, 34.474052,0.000100,0.306720,0.000000, 421.75866,   58.06000, 4.900000e-05, -0.7, 7581,1.387356e+10,6.077723e+09,1.620970e+09,2.916016e+08,4.176921e+07,0.000000e+00,33.532921, 34.508595,0.000100,0.304628,-0.000000, 421.75867,   55.28000, 7.100000e-05, -0.8, 7507,4.036570e+09,1.764712e+09,4.701286e+08,8.331104e+07,1.095648e+07,0.000000e+00,36.549232, 37.547523,0.000100,0.304193,-0.000000, 421.75816,   57.69000, 5.100000e-05,  0.4, 7260,1.390814e+10,6.166855e+09,1.626832e+09,2.870784e+08,4.431012e+07,0.000000e+00,33.814316, 34.773212,0.000100,0.307191,0.000000, 421.75842,   56.11000, 7.700000e-05, -0.2, 7052,4.813822e+09,2.125810e+09,5.602534e+08,9.892205e+07,1.267009e+07,0.000000e+00,36.481472, 37.394958,0.000100,0.306329,-0.000000, 421.75885,   56.48000, 5.200000e-05, -1.2, 8578,1.960380e+10,8.707624e+09,2.285321e+09,4.069015e+08,6.047852e+07,0.000000e+00,34.028751, 34.992199,0.000100,0.307566,-0.000000, 421.75844,   55.45000, 6.700000e-05, -0.2, 8710,1.630379e+10,7.152536e+09,1.906237e+09,3.371002e+08,4.610406e+07,0.000000e+00,34.217312, 35.049053,0.000100,0.304930,-0.000000, 421.75799,   53.48000, 8.900000e-05,  0.9, 7331,1.720982e+10,7.960639e+09,2.063579e+09,3.703909e+08,5.406136e+07,0.000000e+00,33.805981, 34.770233,0.000100,0.316269,-0.000000, 421.75816,   57.49000, 5.600000e-05,  0.5, 7917,1.176657e+10,5.311130e+09,1.392047e+09,2.526689e+08,3.348378e+07,0.000000e+00,34.427879, 35.300129,0.000100,0.310998,-0.000000, 421.75794,   56.90000, 6.000000e-05,  1.0, 7212,1.437465e+10,6.232692e+09,1.687086e+09,3.019449e+08,4.332077e+07,0.000000e+00,34.369316, 35.421761,0.000100,0.302450,0.000000, 421.75833,    57.43000, 5.700000e-05,  0.1, 7545, 1.428986e+10,6.171118e+09,1.678119e+09,2.960283e+08,4.271687e+07,0.000000e+00,34.508690, 35.476234,0.000100,0.301604,0.000000,
LSSPATLNSR,Yes, 21, 2,  523.28545,55.962,30.848,10.141,2.466,0.487,0.082,60.885, 523.28535,   63.80000, 1.600000e-05,  0.2, 4432,6.391130e+08,3.640220e+08,1.201721e+08,2.858103e+07,0.000000e+00,9.948650e+05,27.518232, 30.492104,0.000100,0.362884,0.015784, 523.28567,   62.42000, 1.800000e-05, -0.4, 4899,1.086932e+09,5.969930e+08,1.967056e+08,4.871709e+07,4.436470e+06,2.059204e+06,27.298779, 30.281843,0.000100,0.354525,0.000434, 523.28472,    0.00000, 0.000000e+00,  1.4, 5712,3.115100e+04,3.375200e+04,2.576700e+04,6.231000e+03,0.000000e+00,0.000000e+00,29.375872, 30.281630,0.000100,0.520038,0.452396, 523.28583,   62.22000, 1.700000e-05, -0.7, 5245,1.069958e+09,5.649877e+08,1.931691e+08,4.917904e+07,5.714843e+06,2.676023e+06,27.556589, 30.262180,0.000100,0.345570,0.002351, 523.28472,    0.00000, 0.000000e+00,  1.4, 5712,0.000000e+00,0.000000e+00,0.000000e+00,0.000000e+00,0.000000e+00,0.000000e+00,1794.184204, 1794.184204,0.000000,0.000000,0.000000, 523.28538,   65.67000, 8.200000e-06,  0.1, 5499,7.449782e+08,3.954459e+08,1.327978e+08,3.470417e+07,3.777466e+06,1.068000e+06,27.865126, 30.680302,0.000100,0.346753,0.000710, 523.28524,   64.34000, 3.400000e-06,  0.4, 4665,7.470258e+08,4.188109e+08,1.375164e+08,3.324316e+07,4.828987e+06,5.361460e+05,28.163849, 30.839741,0.000100,0.359236,0.007974, 523.28531,   63.18000, 1.100000e-05,  0.3, 4680,1.234054e+09,6.949961e+08,2.270125e+08,6.009381e+07,7.625440e+06,4.790100e+05,27.510057, 30.433247,0.000100,0.360279,0.010878, 523.28575,   65.36000, 9.700000e-06, -0.6, 5025,6.403544e+08,3.554731e+08,1.180726e+08,3.124644e+07,5.151969e+06,2.917770e+05,28.130308, 31.162128,0.000100,0.356963,0.007038, 523.28599,   72.88000, 3.700000e-06, -1.0, 5101,7.188389e+08,3.850522e+08,1.330394e+08,3.374432e+07,5.130881e+06,5.277370e+05,28.317600, 31.141115,0.000100,0.348814,0.004854, 523.28532,    56.47000, 5.300000e-05,  0.2, 5334, 8.069853e+08,4.388117e+08,1.494128e+08,3.781368e+07,6.007038e+06,5.976670e+05,28.369102, 31.240927,0.000100,0.352234,0.004373,
VcNYVNWIQQTIAAN,Yes, 27, 2,  897.43560,34.693,33.811,19.436,8.225,2.795,0.799,112.530, 897.43768,   43.24000, 8.800000e-05, -2.3, 32932,4.936570e+05,5.655330e+05,3.496470e+05,5.082000e+04,1.726658e+04,6.425284e+03,95.645378, 96.317680,0.000100,0.533930,0.059922, 897.43858,   52.59000, 1.200000e-05, -3.3, 33196,1.855300e+05,2.278460e+05,1.627420e+05,0.000000e+00,0.000000e+00,0.000000e+00,96.069923, 96.384644,0.000100,0.551183,0.111101, 897.43444,   38.92000, 2.200000e-04,  1.3, 31638,2.108560e+05,1.921520e+05,1.759050e+05,3.221800e+04,0.000000e+00,0.000000e+00,96.270241, 96.511063,0.000100,0.476795,0.076178, 897.43930,   14.96000, 3.900000e-02, -4.1, 34026,8.358720e+05,7.553160e+05,4.996390e+05,6.891600e+04,2.920000e+04,2.528900e+04,96.123360, 97.159966,0.000100,0.474687,0.008361, 897.43738,   26.54000, 3.200000e-03, -2.0, 32530,7.314120e+05,6.667040e+05,5.078430e+05,1.114420e+05,5.898554e+04,0.000000e+00,96.175774, 96.735962,0.000100,0.476859,0.023842, 897.43567,   50.59000, 1.800000e-05, -0.1, 33974,3.896430e+05,3.644050e+05,2.838400e+05,1.473600e+04,7.773401e+03,5.140229e+03,96.280815, 97.275642,0.000100,0.483265,-0.000000, 897.43560,   38.78000, 2.300000e-04,  0.0, 33759,3.465120e+05,2.455340e+05,2.696800e+05,2.584100e+04,1.363141e+04,0.000000e+00,96.363007, 97.319496,0.000100,0.414721,0.049997, 897.43535,   37.96000, 2.800000e-04,  0.3, 33653,4.533590e+05,4.436150e+05,2.795380e+05,3.740000e+04,1.966231e+04,1.750500e+04,96.277618, 97.312515,0.000100,0.494568,0.015421, 897.94133,   27.51000, 2.600000e-03, -563.8, 33115,4.788080e+05,3.913110e+05,3.475070e+05,7.374200e+04,1.567000e+04,1.031405e+04,96.383751, 97.259651,0.000100,0.449721,0.043982, 897.94078,   30.50000, 1.400000e-03, -563.2, 33376,8.019700e+05,6.152820e+05,4.461640e+05,5.652400e+04,2.981703e+04,0.000000e+00,96.421562, 97.339859,0.000100,0.434137,-0.000000, 897.43819,    16.05000, 3.100000e-02, -2.9, 33191, 4.242630e+05,4.188980e+05,3.151250e+05,6.742400e+04,3.556690e+04,0.000000e+00,96.363617, 96.685883,0.000100,0.496819,0.064570,
LGEHNIDVLEGNEQFINAAK,Yes, 42, 2, 1106.05564,28.076,33.981,22.255,10.341,3.796,1.166,130.530,1106.05530,   74.89000, 9.500000e-08,  0.3, 20002,2.408066e+07,2.937645e+07,1.743467e+07,8.366808e+06,2.494990e+06,4.448720e+05,63.101631, 63.737930,0.000100,0.549533,-0.000000,1106.55510,   89.65000, 3.900000e-09, -451.8, 20390,4.750170e+07,5.551571e+07,3.627945e+07,1.655508e+07,5.825019e+06,1.161207e+06,63.097961, 63.608704,0.000100,0.538896,-0.000000,1106.05489,  117.68000, 9.300000e-12,  0.7, 18625,4.224208e+07,4.940094e+07,2.968662e+07,1.330120e+07,4.336343e+06,8.508940e+05,63.238628, 63.841908,0.000100,0.539058,-0.000000,1106.05474,  107.00000, 9.300000e-11,  0.8, 21204,7.318925e+07,8.663928e+07,5.480010e+07,2.376000e+07,7.563930e+06,1.920470e+06,63.173767, 63.662838,0.000100,0.542076,0.000000,1106.05517,   79.55000, 3.500000e-08,  0.4, 19241,6.680366e+07,8.119879e+07,4.961093e+07,2.164310e+07,7.456106e+06,1.714787e+06,63.153313, 63.660244,0.000100,0.548631,0.000000,1106.05541,   84.10000, 1.300000e-08,  0.2, 20961,5.481801e+07,6.897911e+07,4.480191e+07,2.011700e+07,7.041879e+06,1.388410e+06,63.245380, 63.822636,0.000100,0.557195,0.010163,1106.05420,   97.54000, 7.200000e-10,  1.3, 20611,5.992029e+07,7.298761e+07,4.522340e+07,1.918094e+07,6.171576e+06,9.341320e+05,63.254051, 63.788887,0.000100,0.549159,0.000000,1106.05498,  125.93000, 1.600000e-12,  0.6, 20970,5.173654e+07,6.107522e+07,3.618886e+07,1.671965e+07,5.665918e+06,1.301578e+06,63.275730, 63.770580,0.000100,0.541391,-0.000000,1106.55986,   85.40000, 1.200000e-08, -456.1, 20359,4.125504e+07,5.040623e+07,3.024151e+07,1.403706e+07,4.898065e+06,9.679950e+05,63.295113, 63.838089,0.000100,0.549919,-0.000000,1106.05156,  105.52000, 1.300000e-10,  3.7, 20714,5.156577e+07,6.176255e+07,3.803248e+07,1.723200e+07,5.533066e+06,8.503800e+05,63.508408, 63.998669,0.000100,0.544988,-0.000000,1106.05445,    85.39000, 9.900000e-09,  1.1, 20204, 4.277499e+07,5.202294e+07,3.232420e+07,1.421872e+07,5.236942e+06,9.211420e+05,63.433205, 63.928608,0.000100,0.548777,0.000000,
LGEHNIDVLEGNEQFINAAK,Yes, 42, 3,  737.70618,28.076,33.981,22.255,10.341,3.796,1.166,130.530, 737.70723,   78.77000, 5.200000e-08, -1.4, 20103,3.603801e+08,4.226770e+08,2.730202e+08,1.156827e+08,4.092845e+07,1.698041e+07,63.031765, 63.524174,0.000100,0.539778,0.006941, 737.70711,   80.37000, 2.900000e-08, -1.3, 20157,4.584168e+08,5.500831e+08,4.147272e+08,1.588237e+08,5.598906e+07,4.121129e+07,63.097961, 63.642239,0.000100,0.545447,0.077877, 737.70722,   90.19000, 3.600000e-09, -1.4, 18589,4.531133e+08,5.437021e+08,4.239152e+08,1.613274e+08,5.555513e+07,4.051238e+07,63.276749, 63.841908,0.000100,0.545439,0.091451, 737.70805,   84.94000, 1.800000e-08, -2.5, 20841,5.021413e+08,6.086626e+08,4.668797e+08,1.676322e+08,6.009497e+07,5.001691e+07,63.107063, 63.695522,0.000100,0.547948,0.090595, 737.70794,   87.59000, 1.300000e-08, -2.4, 19298,4.956806e+08,6.006509e+08,4.615908e+08,1.663845e+08,5.455391e+07,4.730334e+07,63.153313, 63.693741,0.000100,0.547873,0.086618, 737.70724,   88.02000, 6.400000e-09, -1.4, 20972,4.582884e+08,5.412825e+08,3.696860e+08,1.563330e+08,5.302670e+07,2.574981e+07,63.276684, 63.822636,0.000100,0.541515,0.015077, 737.70848,   84.54000, 2.400000e-08, -3.1, 20591,4.246042e+08,4.995826e+08,3.281443e+08,1.366330e+08,4.918219e+07,2.436518e+07,63.254051, 63.853756,0.000100,0.540565,0.016947, 737.70798,   73.34000, 2.600000e-07, -2.4, 20682,3.001390e+08,3.470838e+08,2.316335e+08,9.937286e+07,3.431166e+07,1.842431e+07,63.406227, 63.806149,0.000100,0.536266,0.021314, 737.70728,   75.93000, 7.600000e-08, -1.5, 20163,4.067098e+08,4.735717e+08,3.059605e+08,1.336304e+08,4.909775e+07,2.247317e+07,63.295113, 63.905991,0.000100,0.537978,0.015324, 737.70731,   91.28000, 5.100000e-09, -1.5, 20478,4.152790e+08,4.949508e+08,3.189550e+08,1.379391e+08,4.896167e+07,1.671697e+07,63.508408, 64.035141,0.000100,0.543765,0.000000, 737.70750,    82.66000, 1.800000e-08, -1.8, 20313, 3.670561e+08,4.440006e+08,2.792150e+08,1.193686e+08,4.381229e+07,1.493902e+07,63.433205, 63.963226,0.000100,0.547435,0.000000,
LGEHNIDVLEGNEQFINAAk,Yes, 42, 3,  742.37807,28.076,33.981,22.255,10.341,3.796,1.166,130.530, 742.71141,   86.38000, 1.700000e-08, -449.4, 20257,2.563782e+08,3.102935e+08,1.943116e+08,1.163666e+08,3.204990e+07,9.158107e+06,63.701481, 64.126129,0.000100,0.547572,0.024077, 742.37912,  102.65000, 3.500000e-10, -1.4, 20456,3.223420e+08,3.910620e+08,2.551851e+08,1.402173e+08,4.249923e+07,1.290908e+07,63.785084, 64.279564,0.000100,0.548163,0.024295, 742.37798,   90.66000, 5.100000e-09,  0.1, 18722,3.286618e+08,3.984525e+08,2.587398e+08,1.443596e+08,4.383783e+07,1.245558e+07,63.948280, 64.465683,0.000100,0.547992,0.025554, 742.37885,   84.06000, 1.300000e-08, -1.0, 21252,3.538814e+08,4.221658e+08,2.805707e+08,1.607183e+08,4.588099e+07,1.294226e+07,63.797489, 64.274849,0.000100,0.543995,0.034439, 742.37947,   88.90000, 4.600000e-09, -1.9, 19821,3.701013e+08,4.422845e+08,2.929812e+08,1.718211e+08,4.805545e+07,1.439334e+07,63.824764, 64.296432,0.000100,0.544427,0.037882, 742.37950,   87.18000, 6.900000e-09, -1.9, 21528,2.971410e+08,3.660171e+08,2.358803e+08,1.423165e+08,3.965651e+07,1.252737e+07,63.962757, 64.448631,0.000100,0.551930,0.041812, 742.37951,   86.83000, 9.600000e-09, -1.9, 21017,2.750439e+08,3.497493e+08,2.175800e+08,1.341187e+08,3.621893e+07,1.172877e+07,63.958710, 64.379845,0.000100,0.559784,0.051654, 742.37938,   89.94000, 4.700000e-09, -1.8, 20907,2.666319e+08,3.227333e+08,2.043405e+08,1.198603e+08,3.407362e+07,1.071478e+07,63.908703, 64.407768,0.000100,0.547595,0.025401, 742.71013,   85.69000, 1.400000e-08, -447.7, 20308,2.900970e+08,3.674088e+08,2.306031e+08,1.366287e+08,3.800714e+07,1.329644e+07,63.975677, 64.471649,0.000100,0.558792,0.046278, 742.37831,   88.46000, 6.500000e-09, -0.3, 20929,2.742636e+08,3.310138e+08,2.133263e+08,1.283090e+08,3.513245e+07,1.062026e+07,64.165176, 64.656319,0.000100,0.546879,0.034457, 742.37918,    90.13000, 3.500000e-09, -1.5, 20758, 2.427559e+08,3.014529e+08,1.879158e+08,1.159881e+08,3.006583e+07,9.227259e+06,64.099678, 64.592468,0.000100,0.553929,0.036452,
LGEHNIDVLEGNEQFINAAk,Yes, 42, 2, 1113.06347,28.076,33.981,22.255,10.341,3.796,1.166,130.530,1113.56609,   95.80000, 1.200000e-09, -451.8, 20473,1.383470e+07,1.632369e+07,1.046537e+07,4.882689e+06,1.633542e+06,3.092930e+05,63.737930, 64.126129,0.000100,0.541265,-0.000000,1113.06302,   77.18000, 8.700000e-08,  0.4, 20501,2.484152e+07,3.001332e+07,1.841574e+07,8.172207e+06,2.838124e+06,3.738040e+05,63.819687, 64.206123,0.000100,0.547141,0.000000,1113.06084,  103.35000, 2.900000e-10,  2.4, 19101,2.108110e+07,2.570661e+07,1.577579e+07,6.760882e+06,2.481128e+06,6.265230e+05,63.948280, 64.465683,0.000100,0.549431,-0.000000,1113.06170,   72.37000, 2.600000e-07,  1.6, 21314,3.613788e+07,4.235456e+07,2.663709e+07,1.211175e+07,4.251275e+06,1.026096e+06,63.797489, 64.238441,0.000100,0.539600,0.000000,1113.06523,   97.21000, 8.100000e-10, -1.6, 19924,3.523051e+07,4.109473e+07,2.619481e+07,1.161592e+07,3.939623e+06,8.091880e+05,63.824764, 64.296432,0.000100,0.538416,0.000000,1113.06335,   73.36000, 1.800000e-07,  0.1, 21272,2.422900e+07,2.955662e+07,1.898401e+07,7.660092e+06,2.700707e+06,5.318470e+05,63.962757, 64.382454,0.000100,0.549526,-0.000000,1113.06248,   82.19000, 3.200000e-08,  0.9, 21094,2.760387e+07,3.257122e+07,2.115799e+07,9.703385e+06,2.983299e+06,7.372250e+05,63.958710, 64.344139,0.000100,0.541274,0.000000,1113.06369,   81.63000, 2.200000e-08, -0.2, 20960,2.052071e+07,2.530443e+07,1.679302e+07,7.413306e+06,2.177831e+06,3.165890e+05,63.947590, 64.371155,0.000100,0.552195,0.002112,1113.06180,   75.73000, 1.400000e-07,  1.5, 20510,1.921487e+07,2.403495e+07,1.534441e+07,6.303264e+06,1.964510e+06,2.314780e+05,64.012321, 64.437340,0.000100,0.555724,0.000000,1113.06138,   75.26000, 1.600000e-07,  1.9, 20829,2.239209e+07,2.526746e+07,1.624354e+07,6.633017e+06,2.212073e+06,5.320580e+05,64.201042, 64.621429,0.000100,0.530166,0.000000,1113.06563,    72.98000, 1.400000e-07, -1.9, 20494, 1.834244e+07,2.208597e+07,1.373598e+07,5.873883e+06,1.901048e+06,3.058140e+05,64.099678, 64.557747,0.000100,0.546298,-0.000000,
IITHPNFNGNTLDNDIMLIK,Yes, 26, 2, 1142.09372,25.329,32.283,23.115,11.969,4.940,1.711,142.738,1142.09446,   26.15000, 3.500000e-03, -0.6, 23438,9.194240e+05,1.140045e+06,9.086550e+05,2.445620e+05,4.919800e+04,0.000000e+00,71.353539, 71.617226,0.000100,0.553563,0.000000,1142.09261,   84.45000, 9.300000e-08,  1.0, 23534,3.745839e+06,4.385850e+06,3.068964e+06,1.463821e+06,3.592010e+05,1.130540e+05,71.449425, 71.920135,0.000100,0.539353,-0.000000,1142.09755,   47.84000, 5.300000e-05, -3.4, 21870,2.266755e+06,2.534645e+06,1.916503e+06,9.226250e+05,7.934600e+04,0.000000e+00,71.380821, 71.669975,0.000100,0.527897,0.000000,1142.09246,   66.62000, 5.700000e-07,  1.1, 24374,4.365458e+06,4.813668e+06,3.764657e+06,1.674626e+06,3.916270e+05,1.364940e+05,71.399155, 71.818596,0.000100,0.524415,-0.000000,1142.59514,   51.19000, 2.100000e-05, -439.2, 22807,3.288521e+06,4.028974e+06,2.772713e+06,1.123103e+06,1.945750e+05,0.000000e+00,71.530952, 71.952126,0.000100,0.550595,-0.000000,1142.59441,   31.76000, 1.200000e-03, -438.6, 24302,3.081913e+06,3.904409e+06,3.027389e+06,1.712963e+06,0.000000e+00,0.000000e+00,71.630219, 71.942406,0.000100,0.558865,0.008381,1142.09499,   41.31000, 1.700000e-04, -1.1, 24090,2.980716e+06,3.286522e+06,2.312953e+06,8.459800e+05,0.000000e+00,0.000000e+00,71.543427, 71.866768,0.000100,0.524397,0.000000,1142.09446,    0.00000, 0.000000e+00, -0.6, 23438,1.730358e+06,1.889593e+06,1.504555e+06,5.665680e+05,0.000000e+00,0.000000e+00,71.539093, 71.782906,0.000100,0.521994,0.000000,1142.09434,   30.07000, 3.200000e-03, -0.5, 23522,1.276923e+06,1.614477e+06,1.001924e+06,1.797230e+05,5.404900e+04,0.000000e+00,71.763397, 71.973816,0.000100,0.558372,0.000000,1142.09380,   77.07000, 2.000000e-07, -0.1, 23802,2.090466e+06,2.084983e+06,1.567964e+06,7.932020e+05,1.181780e+05,0.000000e+00,71.760361, 71.977089,0.000100,0.499343,-0.000000,1142.59429,    31.33000, 1.200000e-03, -438.5, 23625, 1.493788e+06,2.179528e+06,1.379104e+06,8.669120e+05,0.000000e+00,0.000000e+00,71.748596, 72.036476,0.000100,0.593341,-0.000000,
IITHPNFNGNTLDNDIMLIK,Yes, 26, 3,  761.73157,25.329,32.283,23.115,11.969,4.940,1.711,142.738, 761.73292,   71.59000, 2.500000e-07, -1.8, 23492,6.595089e+06,8.174426e+06,5.645491e+06,3.440247e+06,1.420039e+06,6.792931e+05,71.617226, 71.878593,0.000100,0.553466,0.039681, 761.73312,   65.34000, 1.600000e-06, -2.0, 23636,5.208510e+07,6.739451e+07,4.657097e+07,2.513882e+07,1.337073e+07,6.995741e+06,71.417358, 71.843521,0.000100,0.564067,0.053280, 761.73270,   78.53000, 8.100000e-08, -1.5, 21841,4.591197e+07,5.685884e+07,4.129862e+07,2.132670e+07,1.258027e+07,6.869951e+06,71.380821, 71.814590,0.000100,0.553259,0.068817, 761.73215,   71.99000, 2.200000e-07, -0.8, 24347,5.144726e+07,6.139514e+07,4.516168e+07,2.088953e+07,1.146996e+07,5.455887e+06,71.362823, 71.818596,0.000100,0.544079,0.034540, 761.73227,   70.58000, 3.600000e-07, -0.9, 22775,5.325649e+07,6.906047e+07,4.666949e+07,2.305198e+07,1.202136e+07,5.710730e+06,71.427269, 71.914574,0.000100,0.564603,0.030859, 761.73298,   62.99000, 2.600000e-06, -1.9, 24415,4.838657e+07,6.103996e+07,4.254334e+07,2.253606e+07,1.259693e+07,8.515865e+06,71.557877, 72.018005,0.000100,0.557817,0.084210, 761.73323,   73.06000, 2.900000e-07, -2.2, 24202,3.974591e+07,4.890384e+07,3.551975e+07,1.777236e+07,9.178515e+06,5.691874e+06,71.543427, 71.938126,0.000100,0.551652,0.063398, 761.73266,   68.91000, 6.000000e-07, -1.4, 24146,3.768301e+07,4.615121e+07,3.246321e+07,1.636140e+07,8.639751e+06,6.008790e+06,71.431030, 71.890373,0.000100,0.550506,0.079172, 761.73280,   78.18000, 1.100000e-07, -1.6, 23619,3.443694e+07,4.455026e+07,3.135870e+07,1.612281e+07,9.529780e+06,6.657253e+06,71.653862, 72.086258,0.000100,0.564019,0.093115, 761.73277,   74.85000, 9.700000e-08, -1.6, 23902,4.536360e+07,5.680293e+07,3.984465e+07,2.011307e+07,1.076473e+07,5.907069e+06,71.653229, 72.152443,0.000100,0.555984,0.049771, 762.06676,    72.37000, 2.800000e-07, -440.4, 23590, 3.969600e+07,4.690929e+07,3.311508e+07,1.660180e+07,8.525692e+06,5.072518e+06,71.638565, 72.108528,0.000100,0.541645,0.055788,
IITHPNFNGNTLDNDIMLIk,Yes, 26, 3,  766.40346,25.329,32.283,23.115,11.969,4.940,1.711,142.738, 766.40539,   83.44000, 1.900000e-08, -2.5, 23584,2.421048e+07,2.865252e+07,1.970668e+07,9.911898e+06,4.211504e+06,1.311781e+06,71.765717, 72.321609,0.000100,0.542015,-0.000000, 766.40495,   67.63000, 6.500000e-07, -2.0, 23829,3.578941e+07,4.578280e+07,3.071885e+07,1.596694e+07,7.399671e+06,2.297443e+06,71.920135, 72.513985,0.000100,0.561255,0.004460, 766.40524,   75.57000, 9.900000e-08, -2.3, 22048,3.430942e+07,4.366285e+07,3.011802e+07,1.691832e+07,8.393261e+06,3.107638e+06,71.778030, 72.368805,0.000100,0.559979,0.032608, 766.40397,   75.87000, 8.800000e-08, -0.7, 24542,3.385629e+07,4.394846e+07,2.888857e+07,1.618609e+07,7.300725e+06,3.163765e+06,71.854736, 72.362083,0.000100,0.564856,0.023789, 766.40434,   66.66000, 6.800000e-07, -1.2, 23117,3.528665e+07,4.804807e+07,3.283094e+07,1.713590e+07,7.701457e+06,3.548452e+06,71.914574, 72.487862,0.000100,0.576567,0.037414, 766.40435,   79.30000, 4.200000e-08, -1.2, 24625,3.297408e+07,4.125374e+07,2.732625e+07,1.607851e+07,6.757751e+06,2.514209e+06,72.018005, 72.565605,0.000100,0.555772,0.017214, 766.40471,   75.95000, 9.300000e-08, -1.6, 24381,2.843353e+07,3.320297e+07,2.330261e+07,1.235565e+07,4.966269e+06,1.792184e+06,71.976685, 72.606148,0.000100,0.538690,0.000000, 766.40447,   75.85000, 8.400000e-08, -1.3, 24355,2.296343e+07,2.703205e+07,1.893114e+07,9.284992e+06,4.505495e+06,3.490107e+06,71.966316, 72.563614,0.000100,0.540690,0.083285, 766.40425,   82.60000, 2.600000e-08, -1.0, 23812,2.368056e+07,2.948707e+07,1.955469e+07,1.109599e+07,4.294190e+06,1.584333e+06,72.086258, 72.682159,0.000100,0.554606,0.001678, 766.40439,   79.37000, 4.500000e-08, -1.2, 24096,2.758477e+07,3.436086e+07,2.320572e+07,1.327854e+07,5.667564e+06,1.943663e+06,72.152443, 72.665932,0.000100,0.554694,0.013826, 766.40475,    79.30000, 5.000000e-08, -1.7, 23916, 2.021925e+07,2.659720e+07,1.761844e+07,9.271634e+06,3.710829e+06,1.100572e+06,72.145592, 72.701180,0.000100,0.568116,-0.000000,
IITHPNFNGNTLDNDImLIK,Yes, 26, 3,  767.06321,25.329,32.283,23.115,11.969,4.940,1.711,142.738, 767.06524,   60.60000, 2.000000e-05, -2.7, 21994,2.383414e+06,3.485837e+06,3.048399e+06,1.578417e+06,6.515272e+05,3.116660e+05,67.879898, 68.287033,0.000100,0.593915,0.209456, 767.39714,   57.02000, 1.400000e-05, -435.7, 22121,3.789459e+06,4.948628e+06,5.171251e+06,4.354295e+06,3.994810e+06,1.569030e+06,68.106575, 73.178406,0.000100,0.566329,0.411727, 767.06347,   47.97000, 9.500000e-04, -0.3, 20501,3.200296e+06,2.085548e+06,1.719013e+06,7.287300e+05,4.218927e+05,1.566210e+05,69.363091, 72.955391,0.000100,0.394553,0.005276, 767.06435,   50.64000, 2.300000e-04, -1.5, 22904,3.461850e+06,4.819608e+06,3.894859e+06,2.736444e+06,2.776898e+06,1.567651e+06,68.006927, 70.830597,0.000100,0.581976,0.350095, 767.06450,   40.57000, 7.100000e-04, -1.7, 21321,6.145434e+06,6.633225e+06,4.895146e+06,3.883669e+06,3.183750e+06,2.076840e+06,68.037056, 72.813507,0.000100,0.519086,0.238096, 767.06389,   58.07000, 7.100000e-05, -0.9, 22879,3.570504e+06,4.034230e+06,4.177050e+06,3.468388e+06,3.353250e+06,2.591389e+06,68.201668, 73.035866,0.000100,0.530489,0.449284, 767.06212,   54.94000, 2.000000e-05,  1.4, 22707,2.803011e+06,3.133568e+06,2.386870e+06,1.850650e+06,1.106722e+06,1.944135e+06,68.250107, 72.933159,0.000100,0.527841,0.416772, 767.06374,   74.54000, 2.900000e-06, -0.7, 22651,3.610348e+06,4.958097e+06,3.524017e+06,2.723724e+06,3.060356e+06,2.777700e+06,68.128418, 68.538124,0.000100,0.578646,0.398672, 767.06349,   60.84000, 6.800000e-05, -0.4, 22056,4.680736e+06,6.800439e+06,5.146262e+06,4.155927e+06,3.179667e+06,2.547756e+06,68.169685, 68.572098,0.000100,0.592312,0.374345, 767.06344,   51.00000, 6.500000e-04, -0.3, 22376,3.964425e+06,4.866585e+06,4.764970e+06,3.705057e+06,2.794513e+06,2.397081e+06,68.369659, 73.247070,0.000100,0.551079,0.407703, 767.06401,    47.20000, 2.500000e-04, -1.0, 22191, 2.209581e+06,3.329407e+06,2.907394e+06,2.535129e+06,1.833493e+06,1.606452e+06,68.268623, 73.374283,0.000100,0.601086,0.481422,
IITHPNFNGNTLDNDImLIk,Yes, 26, 3,  771.73509,25.329,32.283,23.115,11.969,4.940,1.711,142.738, 771.73668,   41.56000, 1.300000e-04, -2.1, 22131,1.886806e+06,2.083533e+06,1.279835e+06,4.610580e+05,1.225400e+05,5.861850e+04,68.099907, 68.891006,0.000100,0.524775,-0.000000, 772.06713,   45.56000, 5.300000e-05, -430.6, 22221,2.230091e+06,2.413184e+06,1.971871e+06,5.103410e+05,1.993020e+05,9.240800e+04,68.325966, 68.730164,0.000100,0.519716,0.000000, 771.73540,   33.22000, 7.700000e-04, -0.4, 20597,2.044712e+06,2.277662e+06,1.729521e+06,4.724210e+05,1.292560e+05,9.869300e+04,68.343811, 70.653374,0.000100,0.526947,0.000000, 772.06993,   34.89000, 5.300000e-04, -434.3, 23046,2.025894e+06,2.909738e+06,1.946986e+06,6.490900e+05,4.731350e+05,3.022850e+05,68.322495, 68.679657,0.000100,0.589537,0.062918, 771.73375,   49.91000, 2.100000e-05,  1.7, 21478,2.079473e+06,2.944916e+06,2.049603e+06,7.968830e+05,2.780490e+05,0.000000e+00,68.388420, 69.143974,0.000100,0.586124,0.000000, 772.06804,   48.37000, 2.900000e-05, -431.8, 23029,1.240043e+06,1.689827e+06,1.337445e+06,2.440600e+05,1.459523e+05,1.179470e+05,68.458534, 68.635483,0.000100,0.576758,0.024024, 771.73567,   36.34000, 3.900000e-04, -0.7, 22803,1.545110e+06,2.015439e+06,1.737159e+06,3.068380e+05,0.000000e+00,0.000000e+00,68.398125, 68.612862,0.000100,0.566047,0.000000, 772.39788,   28.95000, 1.900000e-03, -859.6, 24878,1.355600e+04,3.471600e+04,1.173330e+05,2.255100e+04,0.000000e+00,1.357800e+04,74.277214, 74.277214,0.000100,0.719175,0.867558, 772.06406,   26.59000, 3.200000e-03, -426.6, 24353,4.670310e+06,5.722648e+06,4.610588e+06,1.600253e+06,5.612790e+05,2.064780e+05,68.459023, 68.976105,0.000100,0.550627,-0.000000, 772.40764,   15.00000, 3.900000e-02, -872.2, 22531,1.742545e+06,1.967366e+06,1.486922e+06,2.112350e+05,0.000000e+00,0.000000e+00,68.629684, 68.915024,0.000100,0.530300,-0.000000, 771.73552,    28.31000, 2.200000e-03, -0.6, 22337, 1.261373e+06,1.619396e+06,9.945350e+05,1.665180e+05,0.000000e+00,0.000000e+00,68.603355, 68.783188,0.000100,0.562140,0.000000,
IITHPNFNGNTLDNDIMLIkLSSPATLNSR,Yes, 47, 4,  831.69086,14.373,25.977,25.491,17.705,9.682,4.412,190.862, 831.69325,   64.88000, 8.300000e-07, -2.9, 27017,4.776716e+06,7.907142e+06,7.695700e+06,5.385597e+06,2.902593e+06,1.146611e+06,80.085358, 80.978157,0.000100,0.623402,-0.000000, 831.69311,   72.51000, 1.600000e-07, -2.7, 27172,4.911854e+06,7.943452e+06,7.663180e+06,5.324348e+06,2.840017e+06,1.237881e+06,80.607590, 81.337852,0.000100,0.617912,0.000000, 831.69301,   51.41000, 1.500000e-05, -2.6, 25580,9.442572e+06,1.650224e+07,1.626308e+07,1.137929e+07,6.408079e+06,3.114488e+06,80.341064, 81.303581,0.000100,0.636052,0.017585, 831.69195,   62.56000, 1.400000e-06, -1.3, 28107,4.079811e+06,6.967272e+06,6.636040e+06,4.891324e+06,2.516480e+06,1.000845e+06,80.586952, 81.408859,0.000100,0.630689,-0.000000, 831.69223,   79.27000, 3.700000e-08, -1.7, 26567,7.260151e+06,1.201041e+07,1.175840e+07,8.939448e+06,4.642218e+06,1.828018e+06,80.308685, 81.284225,0.000100,0.623252,0.011924, 831.69257,   74.26000, 1.100000e-07, -2.1, 27939,7.660276e+06,1.393813e+07,1.276939e+07,9.261320e+06,4.593142e+06,2.078198e+06,80.377304, 81.269867,0.000100,0.645331,0.000000, 831.69263,   73.12000, 1.400000e-07, -2.1, 27742,6.966719e+06,1.175899e+07,1.135826e+07,8.477163e+06,4.381949e+06,1.974354e+06,80.435577, 81.486488,0.000100,0.627960,0.005704, 831.94371,   64.98000, 8.100000e-07, -304.3, 27681,5.407671e+06,8.973646e+06,8.627137e+06,6.436570e+06,3.413981e+06,1.446033e+06,80.432480, 81.570801,0.000100,0.623979,0.004158, 831.69223,   54.02000, 8.600000e-06, -1.7, 27111,5.787449e+06,9.989269e+06,9.630365e+06,7.572360e+06,4.218216e+06,1.786782e+06,80.496765, 81.474953,0.000100,0.633165,0.044806, 831.69291,   68.18000, 4.000000e-07, -2.5, 27425,7.832695e+06,1.385113e+07,1.351729e+07,9.353653e+06,5.150779e+06,2.324602e+06,80.539070, 81.555290,0.000100,0.638777,0.000000, 831.69282,    72.67000, 1.500000e-07, -2.4, 27243, 6.305484e+06,1.080605e+07,1.099390e+07,7.742887e+06,3.967560e+06,1.750106e+06,80.567146, 81.470291,0.000100,0.631507,0.000808,
IITHPNFNGNTLDNDImLIkLSSPATLNSR,Yes, 47, 4,  835.68959,14.373,25.977,25.491,17.705,9.682,4.412,190.862, 836.19384,   23.44000, 6.300000e-03, -603.9, 27534,3.915979e+07,2.994208e+07,1.823226e+07,1.171190e+07,4.757059e+06,4.448253e+06,80.319656, 81.056969,0.000100,0.433303,-0.000000, 835.94499,   31.49000, 1.100000e-03, -305.9, 27732,3.555245e+07,3.253932e+07,2.278692e+07,2.589245e+07,6.601117e+06,3.955246e+06,81.145821, 81.951019,0.000100,0.477875,-0.000000, 835.69640,   29.39000, 1.800000e-03, -8.2, 25927,1.481761e+08,1.325992e+08,8.556680e+07,9.620043e+07,2.173304e+07,1.213722e+07,80.571671, 81.303581,0.000100,0.472261,-0.000000, 835.69231,   20.91000, 1.100000e-02, -3.3, 28953,2.232407e+07,1.686069e+07,9.923006e+06,5.384109e+06,2.288414e+06,1.789874e+06,80.905769, 81.408859,0.000100,0.430287,-0.000000, 835.69573,   24.40000, 5.100000e-03, -7.4, 26918,5.406169e+07,5.339024e+07,3.780691e+07,2.120045e+07,9.161267e+06,3.849760e+06,85.272118, 86.068787,0.000100,0.496876,-0.000000, 835.69567,   25.25000, 4.300000e-03, -7.3, 28285,3.574708e+07,3.093710e+07,2.154906e+07,2.516788e+07,5.836891e+06,3.578519e+06,81.159271, 81.991180,0.000100,0.463935,-0.000000, 835.69414,    0.00000, 0.000000e+00, -5.5, 27950,9.691638e+06,9.038923e+06,6.761955e+06,8.028960e+06,1.674655e+06,6.386390e+05,83.272896, 83.824310,0.000100,0.482576,-0.000000, 835.94322,   31.14000, 1.200000e-03, -303.8, 28506,2.852023e+07,2.534141e+07,1.915696e+07,3.170118e+07,5.751956e+06,3.588311e+06,81.184654, 81.948151,0.000100,0.470491,0.016474, 835.94316,   27.88000, 2.400000e-03, -303.7, 27685,4.248504e+07,3.321570e+07,2.175921e+07,1.289610e+07,5.970655e+06,4.192218e+06,80.970833, 81.589020,0.000100,0.438776,0.000000, 835.69304,   27.27000, 2.800000e-03, -4.1, 28362,5.396477e+07,5.288368e+07,3.830933e+07,2.144994e+07,9.297910e+06,3.884403e+06,85.431076, 86.304176,0.000100,0.494941,-0.000000, 835.69243,    27.31000, 2.700000e-03, -3.4, 27589, 7.946912e+06,7.420244e+06,5.096053e+06,6.050913e+06,1.399726e+06,5.660260e+05,83.413383, 83.846764,0.000100,0.482864,0.000000,
IITHPNFNGNTLDNDIMLIk,Yes, 26, 2, 1149.10154,25.329,32.283,23.115,11.969,4.940,1.711,142.738,1149.10287,    0.00000, 0.000000e+00, -1.2, 23715,2.715850e+05,3.060410e+05,2.472960e+05,9.482100e+04,0.000000e+00,0.000000e+00,71.878593, 72.067543,0.000100,0.529826,0.000000,1149.10287,   48.81000, 2.600000e-05, -1.2, 23715,1.337803e+06,1.577552e+06,8.743380e+05,4.157220e+05,0.000000e+00,0.000000e+00,71.957123, 72.328728,0.000100,0.541118,0.000000,1149.60552,   46.46000, 4.400000e-05, -438.8, 22067,1.142953e+06,1.411443e+06,9.965930e+05,4.720360e+05,0.000000e+00,0.000000e+00,71.884468, 72.185516,0.000100,0.552554,-0.000000,1149.60381,   72.92000, 1.500000e-07, -437.3, 24572,1.485205e+06,1.991947e+06,1.493767e+06,6.307530e+05,1.888250e+05,0.000000e+00,71.963219, 72.257515,0.000100,0.572867,0.000000,1149.10392,   53.26000, 1.000000e-05, -2.1, 23022,1.779617e+06,2.301758e+06,1.420514e+06,4.888110e+05,7.232100e+04,0.000000e+00,72.025269, 72.280495,0.000100,0.563966,-0.000000,1149.60198,   48.81000, 2.600000e-05, -435.7, 24510,1.371972e+06,1.587851e+06,1.078722e+06,4.518980e+05,2.000560e+05,0.000000e+00,72.091675, 72.349716,0.000100,0.536468,-0.000000,1149.10173,   72.46000, 1.600000e-07, -0.2, 24298,1.205285e+06,1.550269e+06,9.085280e+05,2.855490e+05,0.000000e+00,0.000000e+00,72.052872, 72.351646,0.000100,0.562598,0.000000,1149.09916,   47.91000, 3.200000e-05,  2.1, 24261,7.364340e+05,8.784220e+05,6.078890e+05,2.395120e+05,0.000000e+00,0.000000e+00,72.043289, 72.265793,0.000100,0.543963,-0.000000,1149.60674,   42.19000, 1.100000e-04, -439.8, 23718,7.449170e+05,9.726430e+05,6.042860e+05,1.595780e+05,0.000000e+00,0.000000e+00,72.199890, 72.421837,0.000100,0.566293,-0.000000,1149.09973,   32.32000, 9.300000e-04,  1.6, 24000,8.996410e+05,1.041507e+06,6.365910e+05,2.839730e+05,0.000000e+00,0.000000e+00,72.301910, 72.484665,0.000100,0.536542,0.000000,1149.10064,    48.16000, 4.200000e-05,  0.8, 23848, 6.663970e+05,8.386260e+05,4.755840e+05,3.510300e+05,0.000000e+00,0.000000e+00,72.215523, 72.446404,0.000100,0.557218,0.000000,
