sp|K2C1_HUMAN|
sp|K2C1_HUMAN|
, , , , , , , , , , , ,LDLnD_SE_Band4_0ha, , , , , , , , , , , , , , , ,LDLnD_SE_Band4_0hb, , , , , , , , , , , , , , , ,LDLnD_SE_Band4_72ha, , , , , , , , , , , , , , , ,LDLnD_SE_Band4_72hb, , , , , , , , , , , , , , , ,LDLnD_SE_Band4_168ha, , , , , , , , , , , , , , , ,LDLnD_SE_Band4_168hb, , , , , , , , , , , , , , , ,LDLnD_SE_Band4_264ha, , , , , , , , , , , , , , , ,LDLnD_SE_Band4_264hb, , , , , , , , , , , , , , , ,LDLnD_SE_Band4_360ha, , , , , , , , , , , , , , , ,LDLnD_SE_Band4_360hb, , , , , , , , , , , , , , , ,LDLnD_SE_Band4_504ha, , , , , , , , , , , , , , , ,LDLnD_SE_Band4_504hb, , , , , , , , , , , , , , , , 
Peptide, UniqueToProtein, Exchangeable Hydrogens, Charge, m/z(Sequence), M0, M1, M2, M3, M4, M5, Total Labeling, m/z(Precursor), IonScore, Expectn, Error(ppm), Scan, I0, I1, I2, I3, I4, I5, Start Elution (min), End Elution (min), I0 Peak Width, Total Labeling, Net Labeling,m/z(Precursor), IonScore, Expectn, Error(ppm), Scan, I0, I1, I2, I3, I4, I5, Start Elution (min), End Elution (min), I0 Peak Width, Total Labeling, Net Labeling,m/z(Precursor), IonScore, Expectn, Error(ppm), Scan, I0, I1, I2, I3, I4, I5, Start Elution (min), End Elution (min), I0 Peak Width, Total Labeling, Net Labeling,m/z(Precursor), IonScore, Expectn, Error(ppm), Scan, I0, I1, I2, I3, I4, I5, Start Elution (min), End Elution (min), I0 Peak Width, Total Labeling, Net Labeling,m/z(Precursor), IonScore, Expectn, Error(ppm), Scan, I0, I1, I2, I3, I4, I5, Start Elution (min), End Elution (min), I0 Peak Width, Total Labeling, Net Labeling,m/z(Precursor), IonScore, Expectn, Error(ppm), Scan, I0, I1, I2, I3, I4, I5, Start Elution (min), End Elution (min), I0 Peak Width, Total Labeling, Net Labeling,m/z(Precursor), IonScore, Expectn, Error(ppm), Scan, I0, I1, I2, I3, I4, I5, Start Elution (min), End Elution (min), I0 Peak Width, Total Labeling, Net Labeling,m/z(Precursor), IonScore, Expectn, Error(ppm), Scan, I0, I1, I2, I3, I4, I5, Start Elution (min), End Elution (min), I0 Peak Width, Total Labeling, Net Labeling,m/z(Precursor), IonScore, Expectn, Error(ppm), Scan, I0, I1, I2, I3, I4, I5, Start Elution (min), End Elution (min), I0 Peak Width, Total Labeling, Net Labeling,m/z(Precursor), IonScore, Expectn, Error(ppm), Scan, I0, I1, I2, I3, I4, I5, Start Elution (min), End Elution (min), I0 Peak Width, Total Labeling, Net Labeling,m/z(Precursor), IonScore, Expectn, Error(ppm), Scan, I0, I1, I2, I3, I4, I5, Start Elution (min), End Elution (min), I0 Peak Width, Total Labeling, Net Labeling,m/z(Precursor), IonScore, Expectn, Error(ppm), Scan, I0, I1, I2, I3, I4, I5, Start Elution (min), End Elution (min), I0 Peak Width, Total Labeling, Net Labeling
SISISVAR,Yes, 17, 2,  416.74798,62.555,27.984,7.622,1.544,0.254,0.036,49.056, 416.74908,   44.02000, 6.000000e-04, -2.7, 7868,1.524966e+07,6.428037e+06,1.629783e+06,1.763140e+05,0.000000e+00,0.000000e+00,35.484657, 35.987621,0.000100,0.296528,-0.000000, 416.74924,   41.05000, 6.000000e-04, -3.0, 8233,2.554695e+07,1.049071e+07,2.646940e+06,2.178940e+05,0.000000e+00,0.000000e+00,34.899792, 35.502251,0.000100,0.291104,-0.000000, 416.74903,   40.99000, 7.600000e-04, -2.5, 8324,3.175110e+08,1.377651e+08,3.282362e+07,7.353145e+06,3.875260e+05,0.000000e+00,34.848209, 35.486153,0.000100,0.302597,-0.000000, 416.74852,   38.64000, 1.500000e-03, -1.3, 8564,2.908161e+08,1.266085e+08,2.971464e+07,6.849746e+06,2.370970e+05,0.000000e+00,34.746078, 35.404293,0.000100,0.303309,0.000000, 416.74921,   40.51000, 5.600000e-04, -3.0, 8535,4.187796e+07,1.692599e+07,4.460450e+06,4.247890e+05,0.000000e+00,0.000000e+00,37.650875, 38.230083,0.000100,0.287838,0.000000, 416.74911,   37.18000, 1.500000e-03, -2.7, 8677,3.697963e+07,1.577587e+07,3.952395e+06,4.975960e+05,0.000000e+00,0.000000e+00,37.502571, 38.084946,0.000100,0.299037,-0.000000, 416.74933,   46.23000, 5.500000e-04, -3.3, 8290,3.823480e+07,1.524243e+07,4.184485e+06,5.246050e+05,0.000000e+00,0.000000e+00,36.891239, 37.475815,0.000100,0.285027,0.000000, 416.74907,   41.32000, 5.300000e-04, -2.6, 8437,3.194574e+07,1.342690e+07,3.124613e+06,3.736380e+05,0.000000e+00,0.000000e+00,36.930588, 37.506245,0.000100,0.295925,-0.000000, 416.74898,   39.81000, 5.200000e-04, -2.4, 8367,6.081749e+06,2.562589e+06,6.684590e+05,5.036300e+04,0.000000e+00,0.000000e+00,36.399014, 36.888138,0.000100,0.296447,0.000000, 416.74952,   26.69000, 8.000000e-03, -3.7, 7944,4.212904e+06,1.546090e+06,3.389560e+05,3.764600e+04,4.973000e+03,1.368170e+03,36.678768, 37.033741,0.000100,0.268465,-0.000000, 416.74908,   39.06000, 7.600000e-04, -2.6, 8208,1.159008e+07,4.735660e+06,1.402693e+06,6.831500e+04,7.582000e+03,2.094726e+03,36.438808, 37.008614,0.000100,0.290073,0.000000, 416.74930,    41.06000, 7.400000e-04, -3.2, 7924, 1.388561e+07,5.925554e+06,1.498147e+06,1.890920e+05,0.000000e+00,0.000000e+00,36.151489, 36.639576,0.000100,0.299102,0.000000,
SLVNLGGSK,Yes, 13, 2,  437.75326,61.012,28.703,8.196,1.739,0.300,0.044,51.731, 437.75329,   50.23000, 6.700000e-05, -0.1, 7282,1.991352e+07,8.290895e+06,2.128435e+06,4.515187e+05,0.000000e+00,0.000000e+00,34.325184, 34.836483,0.000100,0.293957,-0.000000, 437.75306,   45.66000, 2.000000e-04,  0.5, 7675,4.094422e+07,1.725681e+07,4.485183e+06,9.514709e+05,0.000000e+00,0.000000e+00,33.657314, 34.322197,0.000100,0.296503,-0.000000, 437.75339,   49.53000, 2.100000e-04, -0.3, 7944,3.680361e+08,1.594419e+08,4.187367e+07,1.237924e+07,9.912810e+05,0.000000e+00,33.613708, 34.235638,0.000100,0.302272,0.003678, 437.75302,   58.67000, 1.500000e-05,  0.5, 7931,3.385697e+08,1.497800e+08,3.884211e+07,1.057773e+07,7.493390e+05,0.000000e+00,33.512699, 34.197552,0.000100,0.306706,0.001445, 437.75301,   58.54000, 1.200000e-05,  0.6, 8209,3.880564e+07,1.669624e+07,4.481946e+06,6.651510e+05,2.980100e+04,0.000000e+00,36.492508, 37.043007,0.000100,0.300823,-0.000000, 437.75214,   59.36000, 1.200000e-05,  2.6, 8192,5.096218e+07,2.241393e+07,5.895429e+06,9.069130e+05,4.357600e+04,0.000000e+00,36.336796, 36.861176,0.000100,0.305466,-0.000000, 437.75187,   57.72000, 5.200000e-05,  3.2, 7811,5.081863e+07,2.137591e+07,5.582401e+06,1.109022e+06,2.363600e+04,0.000000e+00,35.779156, 36.277367,0.000100,0.296088,-0.000000, 437.75305,   49.54000, 1.300000e-04,  0.5, 7995,5.550168e+07,2.493123e+07,6.532777e+06,1.308542e+06,5.383400e+04,0.000000e+00,35.816856, 36.247005,0.000100,0.309963,-0.000000, 437.75313,   58.68000, 1.400000e-05,  0.3, 8008,1.283935e+07,5.789664e+06,1.221023e+06,7.041700e+04,0.000000e+00,0.000000e+00,35.283993, 35.663288,0.000100,0.310788,0.000000, 437.75263,   58.94000, 7.500000e-05,  1.4, 7491,9.321253e+06,3.957455e+06,1.046511e+06,1.097220e+05,6.309000e+03,0.000000e+00,35.138515, 35.894711,0.000100,0.298030,-0.000000, 437.75255,   59.72000, 6.100000e-05,  1.6, 7576,2.663103e+07,1.181019e+07,3.061073e+06,3.537920e+05,2.677200e+04,0.000000e+00,35.273830, 35.740616,0.000100,0.307227,0.000000, 437.75320,    46.38000, 1.600000e-04,  0.1, 7605, 2.893017e+07,1.239580e+07,3.335303e+06,9.229840e+05,0.000000e+00,0.000000e+00,34.912987, 35.432201,0.000100,0.299952,0.001273,
DVDGAYMTK,Yes, 12, 2,  500.22622,54.664,29.061,11.743,3.486,0.841,0.171,67.222, 500.22704,   22.32000, 8.100000e-03, -1.6, 5683,3.875929e+06,1.951110e+06,6.804690e+05,6.490200e+04,1.485800e+04,0.000000e+00,29.234877, 30.597080,0.000100,0.334837,-0.000000, 500.22777,   26.48000, 6.000000e-03, -3.1, 6145,8.641145e+06,4.329626e+06,1.956578e+06,0.000000e+00,0.000000e+00,0.000000e+00,29.362394, 30.154547,0.000100,0.333799,-0.000000, 500.22778,   34.40000, 5.900000e-04, -3.1, 6183,4.722566e+06,2.800510e+06,1.079974e+06,0.000000e+00,0.000000e+00,0.000000e+00,28.743307, 29.906916,0.000100,0.372256,0.036712, 500.22694,   22.12000, 8.400000e-03, -1.4, 6179,4.686501e+06,2.453903e+06,1.009490e+06,2.114000e+04,6.518338e+03,0.000000e+00,28.739275, 29.906261,0.000100,0.343664,0.000000, 500.22730,   38.81000, 2.300000e-04, -2.1, 5955,4.412628e+07,2.112864e+07,7.374407e+06,6.646990e+05,2.102187e+05,0.000000e+00,30.678761, 31.730473,0.000100,0.323786,0.000000, 500.22735,   34.37000, 6.000000e-04, -2.2, 6191,4.121254e+07,1.971311e+07,6.677757e+06,4.394650e+05,1.389859e+05,3.255900e+04,30.092701, 31.716198,0.000100,0.323560,-0.000000, 500.22670,   25.21000, 4.300000e-03, -1.0, 5741,4.796653e+06,2.652651e+06,1.292367e+06,2.545700e+04,8.034259e+03,0.000000e+00,29.529106, 31.307535,0.000100,0.356094,0.027486, 500.22765,   22.68000, 7.500000e-03, -2.9, 5815,4.736551e+06,2.328328e+06,1.044644e+06,2.606200e+04,8.225197e+03,0.000000e+00,29.636345, 31.438026,0.000100,0.329564,-0.000000, 500.22704,    0.00000, 0.000000e+00, -1.6, 5683,7.567755e+06,6.727871e+06,3.103779e+06,1.962970e+05,3.413420e+05,2.302900e+04,28.907499, 30.869772,0.000100,0.470624,0.254457, 500.22704,    0.00000, 0.000000e+00, -1.6, 5683,4.731561e+06,3.989387e+06,1.943157e+06,4.218540e+05,1.929700e+05,1.625700e+04,28.904646, 30.848248,0.000100,0.457449,0.242649, 500.22608,   34.65000, 5.600000e-04,  0.3, 5905,1.668955e+06,8.741720e+05,3.901580e+05,5.307900e+04,1.841700e+04,0.000000e+00,30.468418, 31.140240,0.000100,0.343739,0.000969, 500.22673,    20.20000, 1.300000e-02, -1.0, 5810, 1.593186e+06,7.492600e+05,5.002440e+05,5.199800e+04,0.000000e+00,0.000000e+00,30.284586, 30.947104,0.000100,0.319862,0.061030,
TLLEGEESR,Yes, 21, 2,  517.26164,56.770,30.248,9.953,2.441,0.489,0.084,59.854, 517.26298,   48.12000, 3.100000e-05, -2.6, 5455,7.879228e+07,4.315369e+07,1.360874e+07,3.182850e+06,0.000000e+00,0.000000e+00,30.099873, 30.597080,0.000100,0.353875,0.008950, 517.26310,   39.55000, 2.000000e-04, -2.8, 5752,2.661962e+08,1.466892e+08,4.701243e+07,1.101551e+07,0.000000e+00,0.000000e+00,29.552641, 30.124552,0.000100,0.355278,0.013204, 517.26309,   56.37000, 5.200000e-06, -2.8, 5903,1.418617e+08,6.916430e+07,2.176127e+07,9.868562e+06,3.203988e+06,3.987730e+05,28.606766, 29.261068,0.000100,0.327752,0.026671, 517.26269,   51.51000, 1.500000e-05, -2.0, 6050,1.304755e+08,6.461483e+07,1.991024e+07,8.504557e+06,2.761142e+06,5.205300e+04,28.492916, 29.262674,0.000100,0.331205,0.022383, 517.26309,   70.27000, 2.600000e-07, -2.8, 5937,1.600095e+08,7.858787e+07,2.391956e+07,5.715338e+06,1.946603e+06,1.951080e+05,30.627995, 31.265860,0.000100,0.329374,0.002856, 517.26181,   51.74000, 1.900000e-05, -0.3, 5880,1.406025e+08,6.799097e+07,2.097234e+07,4.393455e+06,1.496379e+06,4.799200e+04,30.514933, 31.143358,0.000100,0.325950,0.001308, 517.26287,   56.78000, 4.700000e-06, -2.4, 5729,1.086986e+08,5.462094e+07,1.604104e+07,3.873192e+06,1.196165e+07,4.765400e+04,30.067192, 30.700726,0.000100,0.334442,0.074050, 517.26347,   70.48000, 2.500000e-07, -3.5, 5792,1.082956e+08,5.331270e+07,1.580589e+07,4.190195e+06,1.389297e+07,0.000000e+00,29.667761, 30.813559,0.000100,0.329888,0.087391, 517.26262,   46.94000, 4.000000e-05, -1.9, 5813,4.161773e+07,3.444851e+07,1.633095e+07,4.786932e+06,4.436860e+05,2.024000e+05,30.668644, 31.045372,0.000100,0.452875,0.258354, 517.26189,   53.96000, 1.500000e-05, -0.5, 5408,3.251035e+07,1.656538e+07,4.767430e+06,1.377900e+06,4.656236e+05,1.664523e+05,29.085785, 30.478395,0.000100,0.337547,0.006424, 517.26290,   39.52000, 2.000000e-04, -2.4, 5495,7.204199e+07,3.810101e+07,1.045319e+07,4.392868e+06,7.690167e+06,1.296360e+05,29.135059, 30.473536,0.000100,0.345923,0.081378, 517.26286,    52.65000, 1.200000e-05, -2.4, 5546, 7.653226e+07,3.704732e+07,1.240128e+07,4.787168e+06,6.767954e+06,9.615400e+04,29.702551, 30.348852,0.000100,0.326179,0.070723,
YEELQITAGR,Yes, 23, 2,  590.30384,50.900,32.705,12.177,3.324,0.732,0.137,70.641, 590.30377,   58.15000, 1.300000e-05,  0.1, 10682,1.681017e+07,1.031417e+07,3.800994e+06,1.112983e+06,2.451157e+05,0.000000e+00,42.543598, 43.012772,0.000100,0.380255,0.001041, 590.30389,   65.76000, 3.200000e-06, -0.1, 11334,3.828513e+07,2.327649e+07,8.981269e+06,2.558421e+06,5.634489e+05,0.000000e+00,42.044277, 42.509026,0.000100,0.378101,0.001582, 590.30385,   67.73000, 5.300000e-06, -0.0, 11489,7.022822e+07,4.305353e+07,1.620757e+07,4.286644e+06,1.477608e+06,2.240430e+05,42.053963, 42.562870,0.000100,0.380057,0.005154, 590.30406,   57.69000, 1.900000e-05, -0.4, 11499,6.374817e+07,3.923641e+07,1.444021e+07,4.022259e+06,1.669015e+06,3.837700e+05,41.904922, 42.454990,0.000100,0.380993,0.010066, 590.30396,   60.23000, 1.200000e-05, -0.2, 11417,8.703010e+07,5.340029e+07,1.887704e+07,4.885377e+06,1.431768e+06,3.434500e+04,44.132805, 44.651436,0.000100,0.380262,0.000623, 590.30370,   73.29000, 7.200000e-07,  0.2, 11585,8.446503e+07,5.114031e+07,1.823634e+07,4.418605e+06,1.335822e+06,1.168410e+05,44.087502, 44.552315,0.000100,0.377126,0.000669, 590.30403,   72.95000, 8.600000e-07, -0.3, 11243,4.084837e+07,2.491544e+07,8.501422e+06,2.207379e+06,6.140970e+05,0.000000e+00,43.741001, 44.204422,0.000100,0.378862,-0.000000, 590.30406,   69.40000, 1.900000e-06, -0.4, 11244,5.216497e+07,3.253033e+07,1.261925e+07,2.992950e+06,8.076900e+05,1.121910e+05,43.692230, 44.187435,0.000100,0.384087,0.000634, 590.30409,   57.50000, 2.200000e-05, -0.4, 11356,1.673307e+07,1.071117e+07,3.913872e+06,1.210242e+06,2.578420e+05,1.256600e+04,43.328876, 43.760029,0.000100,0.390289,0.004995, 590.30504,   55.42000, 2.600000e-05, -2.0, 10625,1.290973e+07,8.113505e+06,3.182525e+06,6.111580e+05,2.332600e+05,5.624000e+04,43.313858, 43.758053,0.000100,0.385930,0.003443, 590.30387,   71.47000, 1.100000e-06, -0.1, 10978,2.416085e+07,1.492141e+07,5.731353e+06,1.416731e+06,5.814710e+05,6.049500e+04,43.223160, 43.683384,0.000100,0.381795,0.006935, 590.30391,    71.01000, 1.300000e-06, -0.1, 10848, 3.017680e+07,1.862616e+07,7.017863e+06,2.008939e+06,7.192180e+05,5.254500e+04,43.005184, 43.431011,0.000100,0.381660,0.007691,
NMQDMVEDYR,Yes, 20, 2,  650.76845,45.097,30.383,15.871,6.065,1.922,0.516,90.589, 650.76959,   58.40000, 5.400000e-06, -1.7, 13354,7.252160e+05,4.451550e+05,2.314670e+05,7.325200e+04,0.000000e+00,0.000000e+00,49.638077, 49.986889,0.000100,0.380354,-0.000000, 650.76910,   58.36000, 5.300000e-06, -1.0, 14170,1.598937e+06,1.048903e+06,5.567800e+05,1.619230e+05,9.209000e+03,3.172527e+03,49.232857, 49.487217,0.000100,0.396135,0.000000, 650.76924,   40.85000, 3.000000e-04, -1.2, 14326,1.744810e+06,1.273133e+06,5.756090e+05,2.003020e+05,1.054200e+04,0.000000e+00,49.178051, 49.508171,0.000100,0.421855,0.012833, 650.76722,   44.17000, 1.300000e-04,  1.9, 14337,2.044113e+06,1.337766e+06,6.691710e+05,1.651580e+05,0.000000e+00,0.000000e+00,49.093613, 49.532677,0.000100,0.395569,0.000000, 650.76638,   58.18000, 4.700000e-06,  3.2, 13906,1.464744e+07,9.537211e+06,4.407223e+06,1.605082e+06,2.380360e+05,1.796000e+04,50.884438, 51.379734,0.000100,0.394350,-0.000000, 650.76794,   46.44000, 7.600000e-05,  0.8, 14077,1.253759e+07,8.082081e+06,3.742735e+06,1.205024e+06,1.509590e+05,0.000000e+00,50.737331, 51.222370,0.000100,0.391960,0.000000, 650.76959,    0.00000, 0.000000e+00, -1.7, 13354,0.000000e+00,0.000000e+00,0.000000e+00,0.000000e+00,0.000000e+00,0.000000e+00,2953.918213, 2953.918213,0.000000,0.000000,0.000000, 650.76959,    0.00000, 0.000000e+00, -1.7, 13354,0.000000e+00,0.000000e+00,0.000000e+00,0.000000e+00,0.000000e+00,0.000000e+00,2953.918213, 2953.918213,0.000000,0.000000,0.000000, 650.76959,    0.00000, 0.000000e+00, -1.7, 13354,3.023820e+05,2.109460e+05,9.259200e+04,0.000000e+00,0.000000e+00,0.000000e+00,50.307571, 50.462341,0.000100,0.410938,0.000000, 650.76959,    0.00000, 0.000000e+00, -1.7, 13354,6.280500e+04,6.405300e+04,3.701800e+04,0.000000e+00,0.000000e+00,0.000000e+00,50.380577, 50.380577,0.000100,0.504919,0.208346, 650.76763,   46.79000, 6.900000e-05,  1.3, 13660,7.028680e+05,4.556540e+05,2.143370e+05,4.317600e+04,0.000000e+00,0.000000e+00,50.220390, 50.443150,0.000100,0.393306,0.000000, 650.76964,    54.88000, 1.300000e-05, -1.8, 13635, 9.901360e+05,5.508920e+05,3.270150e+05,5.395500e+04,0.000000e+00,0.000000e+00,50.192917, 50.420303,0.000100,0.357483,0.000000,
NMQDmVEDYR,Yes, 20, 2,  658.76591,45.097,30.383,15.871,6.065,1.922,0.516,90.589, 658.76734,   39.31000, 2.800000e-04, -2.2, 9250,7.807360e+05,5.985700e+05,3.433730e+05,1.139470e+05,3.328500e+04,8.043000e+03,38.286331, 39.326096,0.000100,0.433965,0.088902, 658.77166,   24.97000, 1.100000e-02, -8.7, 9840,1.500896e+06,1.149599e+06,6.627670e+05,2.463240e+05,3.098900e+04,0.000000e+00,37.747726, 38.822247,0.000100,0.433730,0.091725, 658.76734,    0.00000, 0.000000e+00, -2.2, 9250,0.000000e+00,0.000000e+00,0.000000e+00,0.000000e+00,0.000000e+00,0.000000e+00,2353.739258, 2353.739258,0.000000,0.000000,0.000000, 658.76734,    0.00000, 0.000000e+00, -2.2, 9250,0.000000e+00,0.000000e+00,0.000000e+00,0.000000e+00,0.000000e+00,0.000000e+00,2353.739258, 2353.739258,0.000000,0.000000,0.000000, 658.76622,   62.43000, 1.300000e-06, -0.5, 9239,3.468885e+06,2.271547e+06,1.095822e+06,3.517860e+05,9.512600e+04,0.000000e+00,40.192768, 40.542068,0.000100,0.395710,-0.000000, 658.76590,   45.17000, 6.800000e-05,  0.0, 9824,5.279700e+06,3.293190e+06,1.597396e+06,6.439640e+05,1.041070e+05,0.000000e+00,39.413284, 40.498314,0.000100,0.384140,-0.000000, 658.76471,   48.72000, 2.500000e-05,  1.8, 9154,1.897074e+06,1.204136e+06,5.870510e+05,7.189400e+04,0.000000e+00,0.000000e+00,39.044884, 40.070702,0.000100,0.388279,0.000000, 658.76561,   51.79000, 1.400000e-05,  0.5, 9184,2.174461e+06,1.438382e+06,7.036940e+05,6.026100e+04,0.000000e+00,0.000000e+00,39.121002, 40.095570,0.000100,0.398130,0.000000, 658.76734,    0.00000, 0.000000e+00, -2.2, 9250,2.297780e+05,1.483790e+05,5.565200e+04,0.000000e+00,0.000000e+00,0.000000e+00,38.929501, 39.001240,0.000100,0.392374,0.000000, 658.76734,    0.00000, 0.000000e+00, -2.2, 9250,2.462800e+05,1.464510e+05,5.235100e+04,0.000000e+00,0.000000e+00,0.000000e+00,38.897251, 39.005325,0.000100,0.372904,0.000000, 658.76506,   40.63000, 1.600000e-04,  1.3, 9457,1.405712e+06,8.301970e+05,4.043980e+05,8.390600e+04,1.502200e+04,0.000000e+00,38.902428, 39.983059,0.000100,0.371302,-0.000000, 658.76689,    39.44000, 2.700000e-04, -1.5, 9348, 1.232750e+06,7.450100e+05,4.048480e+05,1.061300e+05,2.518100e+04,0.000000e+00,38.682972, 39.642334,0.000100,0.376694,-0.000000,
NmQDmVEDYR,Yes, 20, 2,  666.76337,45.097,30.383,15.871,6.065,1.922,0.516,90.589, 666.76427,   31.46000, 1.100000e-03, -1.3, 4990,1.601637e+06,1.208819e+06,6.362770e+05,7.308200e+04,0.000000e+00,0.000000e+00,27.300140, 28.499346,0.000100,0.430115,0.037361, 666.76428,   48.41000, 2.200000e-05, -1.4, 5219,4.338165e+06,2.870843e+06,1.547088e+06,1.573310e+05,0.000000e+00,0.000000e+00,26.854361, 28.001703,0.000100,0.398230,-0.000000, 666.76287,   37.67000, 2.100000e-04,  0.8, 5369,4.430325e+06,2.697065e+06,1.430951e+06,1.860060e+05,0.000000e+00,0.000000e+00,26.823124, 27.854967,0.000100,0.378409,-0.000000, 666.76409,   45.80000, 3.900000e-05, -1.1, 5376,3.616607e+06,2.286810e+06,1.151984e+06,1.833410e+05,1.113900e+04,5.648664e+03,26.916800, 27.972956,0.000100,0.387371,-0.000000, 666.76398,   44.17000, 5.700000e-05, -0.9, 5294,4.691965e+06,3.039740e+06,1.685645e+06,5.080580e+05,6.331100e+04,0.000000e+00,28.174740, 29.442205,0.000100,0.393153,-0.000000, 666.76414,   31.26000, 1.100000e-03, -1.2, 4952,3.661657e+06,2.528599e+06,1.532347e+06,1.096146e+06,2.067130e+05,7.164500e+04,28.127020, 29.278942,0.000100,0.408481,0.130983, 666.76422,   61.34000, 1.100000e-06, -1.3, 4986,7.289357e+06,4.866479e+06,2.423093e+06,7.967300e+05,4.728400e+04,1.153400e+04,27.760023, 28.940941,0.000100,0.400341,-0.000000, 666.76358,   45.22000, 4.500000e-05, -0.3, 5072,9.444314e+06,6.153635e+06,3.074663e+06,1.041656e+06,8.432400e+04,4.440307e+04,27.933523, 29.239536,0.000100,0.394516,0.000000, 666.76306,   19.34000, 1.500000e-02,  0.5, 5194,3.576028e+06,2.172769e+06,1.187328e+06,2.563840e+05,0.000000e+00,0.000000e+00,27.714033, 28.767536,0.000100,0.377952,0.000000, 666.76546,   36.97000, 3.500000e-04, -3.1, 4658,3.732926e+06,2.651215e+06,1.284734e+06,9.090300e+04,0.000000e+00,0.000000e+00,27.819677, 29.021952,0.000100,0.415281,0.000000, 666.76354,   43.53000, 6.700000e-05, -0.2, 4682,6.621025e+06,4.412384e+06,2.124525e+06,6.059470e+05,1.735900e+04,0.000000e+00,27.788111, 29.002872,0.000100,0.399911,0.000000, 666.76330,    46.45000, 3.200000e-05,  0.1, 4987, 7.774859e+06,4.916154e+06,2.467329e+06,6.799800e+05,6.761300e+04,0.000000e+00,27.686983, 28.912527,0.000100,0.387373,-0.000000,
SKAEAESLYQSK,Yes, 29, 3,  447.56125,46.905,33.615,13.942,4.237,1.039,0.216,79.448, 447.56105,   29.74000, 1.600000e-03,  0.4, 3068,4.424680e+06,3.062864e+06,1.126250e+06,3.114080e+05,7.173700e+04,0.000000e+00,23.094757, 23.411474,0.000100,0.409061,-0.000000, 447.56130,   37.20000, 3.200000e-04, -0.1, 3238,7.968827e+06,5.334468e+06,2.301643e+06,5.897070e+05,1.981890e+05,0.000000e+00,22.729239, 23.065920,0.000100,0.400988,0.000005, 447.56121,   33.01000, 8.000000e-04,  0.1, 3336,9.904603e+06,6.576238e+06,2.751082e+06,7.426440e+05,1.678310e+05,6.892000e+03,22.585169, 22.930616,0.000100,0.399023,-0.000000, 447.56101,   36.82000, 3.500000e-04,  0.5, 3394,8.084928e+06,5.737363e+06,2.157160e+06,6.636920e+05,1.136810e+05,2.451900e+04,22.654282, 22.967209,0.000100,0.415080,-0.000000, 447.56118,   36.56000, 3.700000e-04,  0.1, 3583,1.818124e+07,1.283113e+07,4.928119e+06,1.329803e+06,2.825260e+05,3.106400e+04,24.689682, 25.048416,0.000100,0.413742,0.000000, 447.56124,   33.70000, 6.900000e-04,  0.0, 3629,1.818504e+07,1.277996e+07,5.193932e+06,1.496135e+06,3.029860e+05,1.759300e+04,24.664150, 24.986048,0.000100,0.412723,0.000000, 447.56120,   32.99000, 8.100000e-04,  0.1, 3450,1.257727e+07,8.755725e+06,3.405665e+06,1.069418e+06,1.532120e+05,4.984000e+03,24.287104, 24.618935,0.000100,0.410431,-0.000000, 447.56124,   29.39000, 1.800000e-03,  0.0, 3489,1.245473e+07,8.620840e+06,3.688816e+06,1.004834e+06,1.913410e+05,3.377300e+04,24.320873, 24.668043,0.000100,0.409044,-0.000000, 447.56105,    0.00000, 0.000000e+00,  0.4, 3068,0.000000e+00,0.000000e+00,0.000000e+00,0.000000e+00,0.000000e+00,0.000000e+00,1365.658813, 1365.658813,0.000000,0.000000,0.000000, 447.56105,    0.00000, 0.000000e+00,  0.4, 3068,0.000000e+00,0.000000e+00,0.000000e+00,0.000000e+00,0.000000e+00,0.000000e+00,1365.658813, 1365.658813,0.000000,0.000000,0.000000, 447.56124,   34.93000, 5.300000e-04,  0.0, 3279,4.752139e+06,3.176015e+06,1.284197e+06,2.997640e+05,1.117770e+05,5.708100e+04,23.956940, 24.289799,0.000100,0.400600,0.008256, 447.56124,    36.56000, 3.700000e-04,  0.0, 3165, 5.567106e+06,3.952860e+06,1.454064e+06,4.205730e+05,1.058410e+05,4.514000e+04,23.696918, 23.987295,0.000100,0.415218,0.003568,
SKAEAESLYQSK,Yes, 29, 2,  670.83823,46.905,33.615,13.942,4.237,1.039,0.216,79.448, 670.83816,   65.00000, 1.800000e-06,  0.1, 3050,1.450977e+07,9.981166e+06,3.900549e+06,1.027436e+06,3.077050e+05,0.000000e+00,23.071394, 23.466274,0.000100,0.407545,-0.000000, 670.83825,   81.07000, 6.300000e-08, -0.0, 3370,2.474093e+07,1.679261e+07,6.711228e+06,1.702880e+06,6.092890e+05,0.000000e+00,22.695396, 23.098797,0.000100,0.404314,0.000000, 670.83795,   76.14000, 7.800000e-08,  0.4, 3339,3.306566e+07,2.333943e+07,9.005496e+06,2.407145e+06,7.450170e+05,7.725900e+04,22.585169, 22.961887,0.000100,0.413782,0.000000, 670.83807,   67.27000, 4.900000e-07,  0.2, 3518,3.006303e+07,2.094016e+07,8.383761e+06,2.260968e+06,5.952410e+05,1.449380e+05,22.654282, 23.007692,0.000100,0.410566,0.000273, 670.83821,   72.21000, 6.700000e-07,  0.0, 3704,3.780082e+07,2.626909e+07,1.005935e+07,2.927622e+06,6.599380e+05,2.207400e+04,24.689682, 25.048416,0.000100,0.410007,0.000000, 670.83800,   73.39000, 2.400000e-07,  0.3, 3611,3.495526e+07,2.405709e+07,9.550142e+06,2.607315e+06,5.767600e+05,9.143900e+04,24.664150, 24.976971,0.000100,0.407662,0.000000, 670.83786,   73.52000, 3.200000e-07,  0.6, 3440,2.424689e+07,1.652417e+07,6.619051e+06,1.954127e+06,3.781870e+05,7.223000e+03,24.287104, 24.618935,0.000100,0.405292,0.000000, 670.83806,   84.18000, 4.200000e-08,  0.3, 3584,2.434303e+07,1.660357e+07,6.696607e+06,1.925658e+06,4.812960e+05,5.452000e+03,24.320873, 24.668043,0.000100,0.405493,-0.000000, 670.83812,   78.36000, 2.500000e-07,  0.2, 3435,5.214176e+06,3.515156e+06,1.449829e+06,3.858580e+05,3.747400e+04,0.000000e+00,23.815605, 24.117521,0.000100,0.402683,-0.000000, 670.83798,   76.17000, 1.800000e-07,  0.4, 3257,5.480768e+06,3.794730e+06,1.447475e+06,4.246080e+05,5.594600e+04,0.000000e+00,23.910114, 24.198723,0.000100,0.409113,0.000000, 670.83763,   78.74000, 1.700000e-07,  0.9, 3249,1.260309e+07,8.678640e+06,3.398040e+06,9.431310e+05,2.376740e+05,1.058500e+04,23.956940, 24.289799,0.000100,0.407798,-0.000000, 670.83854,    75.83000, 4.500000e-07, -0.5, 3274, 1.524334e+07,1.024545e+07,4.037474e+06,1.128822e+06,2.104380e+05,3.059100e+04,23.665358, 23.981539,0.000100,0.401959,0.000000,
SLNNQFASFIDK,Yes, 21, 2,  692.34878,44.406,34.447,14.964,4.699,1.180,0.250,84.443, 692.34972,   82.10000, 2.000000e-08, -1.4, 18755,5.760395e+06,4.362453e+06,1.780047e+06,4.913180e+05,1.233775e+05,0.000000e+00,63.519920, 63.999825,0.000100,0.430951,-0.000000, 692.34971,   81.57000, 2.200000e-08, -1.3, 19933,1.435674e+07,1.080052e+07,4.775484e+06,1.376169e+06,3.455771e+05,0.000000e+00,63.122616, 63.515209,0.000100,0.429320,0.000000, 692.34952,   81.52000, 2.300000e-08, -1.1, 20058,1.855294e+06,1.352001e+06,6.009680e+05,1.457300e+05,5.591038e+04,0.000000e+00,63.394527, 63.797424,0.000100,0.421539,0.000000, 692.34946,   81.48000, 2.300000e-08, -1.0, 20080,1.175462e+07,8.689411e+06,3.538583e+06,1.056868e+06,5.010220e+05,8.492000e+03,62.941498, 63.452072,0.000100,0.425034,0.008246, 692.34977,   86.13000, 8.400000e-09, -1.4, 20017,2.049917e+07,1.545871e+07,6.499901e+06,1.951862e+06,5.187780e+05,5.166000e+04,65.930122, 66.288116,0.000100,0.429912,0.000000, 692.34963,   81.32000, 2.400000e-08, -1.2, 20133,2.094122e+07,1.562707e+07,6.553213e+06,1.901195e+06,4.996060e+05,1.815200e+04,65.681740, 66.039421,0.000100,0.427339,-0.000000, 692.34941,   85.32000, 1.000000e-08, -0.9, 19674,1.396674e+07,1.026282e+07,4.304786e+06,1.156055e+06,4.034030e+05,1.619500e+04,65.096786, 65.533417,0.000100,0.423566,0.000000, 692.34941,    0.00000, 0.000000e+00, -0.9, 18885,6.748800e+04,5.997300e+04,6.753800e+04,0.000000e+00,0.000000e+00,0.000000e+00,63.154793, 63.656368,0.000100,0.470520,0.302897, 692.34956,   84.84000, 1.100000e-08, -1.1, 19694,6.931206e+06,4.844592e+06,2.101861e+06,5.724540e+05,2.463260e+05,2.949800e+04,64.582253, 65.015106,0.000100,0.411402,0.005971, 692.34935,   71.55000, 2.000000e-07, -0.8, 18976,5.691045e+06,4.256384e+06,1.653276e+06,5.216910e+05,2.700090e+05,0.000000e+00,64.493362, 64.929283,0.000100,0.427888,0.010861, 692.34969,   81.07000, 2.500000e-08, -1.3, 19314,9.615276e+06,7.106974e+06,2.945414e+06,8.695450e+05,4.079020e+05,1.650100e+04,64.460327, 64.897461,0.000100,0.425001,0.008576, 692.34958,    81.02000, 2.500000e-08, -1.1, 19268, 9.125966e+06,6.900307e+06,2.906761e+06,8.871380e+05,3.622170e+05,5.487000e+03,64.435410, 64.796593,0.000100,0.430562,0.006044,
NKLNDLEDALQQAK,Yes, 30, 2,  800.42045,40.772,34.715,16.646,5.785,1.611,0.379,93.700, 800.42013,   77.44000, 1.700000e-07,  0.4, 16339,1.484996e+06,1.089077e+06,1.240766e+06,4.311847e+05,1.200628e+05,0.000000e+00,57.259960, 57.634029,0.000100,0.423095,0.242770, 800.41857,   81.93000, 4.800000e-08,  2.4, 17215,2.804388e+06,2.446373e+06,1.348974e+06,4.687886e+05,1.305336e+05,0.000000e+00,56.736885, 57.098225,0.000100,0.465908,0.057255, 800.42052,   84.76000, 3.400000e-08, -0.1, 17341,2.701073e+06,2.188702e+06,1.171358e+06,6.732280e+05,4.405770e+05,4.052500e+04,56.622784, 56.909176,0.000100,0.447608,0.114026, 800.41949,   91.70000, 5.500000e-09,  1.2, 17391,1.838923e+06,1.500511e+06,7.685420e+05,3.401340e+05,1.576450e+05,0.000000e+00,56.663315, 56.917374,0.000100,0.449331,0.047716, 800.41975,   78.08000, 9.200000e-08,  0.9, 17287,5.054959e+06,4.248717e+06,2.136315e+06,1.882609e+06,9.350590e+05,1.136705e+06,59.285870, 59.545517,0.000100,0.456671,0.259698, 800.42058,   64.55000, 8.900000e-07, -0.2, 17425,5.319450e+06,4.398594e+06,2.196372e+06,1.260642e+06,7.796580e+05,3.127880e+05,59.036587, 59.294750,0.000100,0.452621,0.109074, 800.92198,   63.92000, 9.600000e-06, -627.0, 17055,2.494725e+06,1.916736e+06,8.896230e+05,7.458260e+05,3.947570e+05,1.357430e+05,58.587208, 58.770576,0.000100,0.434490,0.136683, 800.42084,   61.83000, 3.100000e-06, -0.5, 17112,3.166006e+06,2.605860e+06,1.274674e+06,5.401080e+05,2.671456e+05,1.784410e+05,58.560394, 58.780891,0.000100,0.451476,0.064738, 800.41710,   77.85000, 1.600000e-07,  4.2, 17087,7.394790e+05,6.818370e+05,3.209440e+05,1.426290e+05,8.552000e+04,0.000000e+00,58.066288, 58.147217,0.000100,0.479722,0.086435, 800.42069,   27.34000, 2.700000e-03, -0.3, 16418,2.531650e+05,3.780500e+05,2.420460e+05,2.696000e+04,0.000000e+00,0.000000e+00,58.064789, 58.102512,0.000100,0.598924,0.341664, 800.92278,   67.36000, 5.100000e-06, -628.0, 16674,2.122674e+06,1.994295e+06,8.636850e+05,3.205820e+05,6.132800e+04,3.621726e+04,57.773548, 58.091145,0.000100,0.484409,0.040397, 800.41881,    90.92000, 1.000000e-08,  2.1, 16699, 1.849066e+06,1.625813e+06,1.052668e+06,1.844380e+05,7.692200e+04,0.000000e+00,57.863010, 58.089470,0.000100,0.467876,0.082746,
SLNNQFASFIDKVR,Yes, 25, 3,  546.95812,38.263,35.253,17.748,6.377,1.817,0.434,99.321, 546.95858,   44.75000, 6.400000e-05, -0.8, 20168,2.595427e+06,2.529324e+06,1.289302e+06,2.707160e+05,5.195200e+04,1.250500e+04,66.917847, 67.342590,0.000100,0.493551,0.012022, 546.95893,   43.81000, 9.500000e-05, -1.5, 21200,6.436089e+06,6.291725e+06,3.240457e+06,9.441420e+05,2.098930e+05,1.879000e+04,66.371849, 66.907448,0.000100,0.494329,0.030548, 546.95842,   68.91000, 1.800000e-06, -0.6, 21476,2.801110e+07,2.537602e+07,1.292937e+07,4.604466e+06,1.288013e+06,2.777960e+05,66.264046, 66.790802,0.000100,0.475321,-0.000000, 546.95834,   68.20000, 8.500000e-07, -0.4, 21345,2.775115e+07,2.514109e+07,1.184541e+07,4.285878e+06,1.326989e+06,1.845200e+05,66.208946, 66.741699,0.000100,0.475327,-0.000000, 546.95878,   42.90000, 9.500000e-05, -1.2, 21490,2.631209e+06,2.070148e+06,1.327643e+06,4.984610e+05,9.876300e+04,0.000000e+00,69.733246, 70.118813,0.000100,0.440330,0.046383, 546.95783,   37.97000, 2.700000e-04,  0.5, 21507,2.861089e+06,2.568431e+06,1.468020e+06,5.227830e+05,1.221700e+05,5.192200e+04,69.480972, 69.861778,0.000100,0.473049,0.033130, 546.95862,   55.26000, 2.000000e-05, -0.9, 21193,4.311299e+06,3.756193e+06,2.080953e+06,4.216060e+05,2.397000e+05,0.000000e+00,68.962723, 69.344498,0.000100,0.465596,0.000000, 546.95791,   54.08000, 2.800000e-05,  0.4, 21161,3.853368e+06,3.180940e+06,1.913629e+06,6.769890e+05,1.192550e+05,0.000000e+00,68.917519, 69.302635,0.000100,0.452204,0.028777, 546.95858,    0.00000, 0.000000e+00, -0.8, 20168,3.885280e+05,2.445310e+05,1.434520e+05,2.695200e+04,1.254642e+04,0.000000e+00,66.853333, 68.252869,0.000100,0.386269,-0.000000, 546.95879,   22.14000, 8.400000e-03, -1.2, 20403,3.663050e+05,3.833440e+05,1.998200e+05,8.559600e+04,2.658200e+04,1.451600e+04,68.234200, 68.388130,0.000100,0.511365,0.118209, 546.95806,   53.84000, 1.300000e-05,  0.1, 20718,1.509396e+06,1.173681e+06,7.754350e+05,3.648130e+05,1.691680e+05,1.752900e+04,68.069321, 68.414726,0.000100,0.437438,0.095674, 546.95878,    59.93000, 9.200000e-06, -1.2, 20681, 1.789222e+06,1.412405e+06,8.616680e+05,2.639460e+05,1.369390e+05,4.504400e+04,67.984810, 68.299492,0.000100,0.441152,0.039755,
SGGGFSSGSAGIINYQR,Yes, 36, 2,  829.40008,39.181,34.928,17.355,6.219,1.780,0.430,97.564, 829.40036,  107.34000, 8.600000e-11, -0.3, 13041,9.610110e+05,9.158160e+05,4.637850e+05,5.559500e+04,0.000000e+00,0.000000e+00,48.814938, 49.151279,0.000100,0.487960,0.006942, 829.40058,   70.30000, 2.600000e-07, -0.6, 13832,2.574254e+06,1.950710e+06,1.017275e+06,2.129240e+05,9.303000e+04,2.806001e+04,48.385349, 48.667011,0.000100,0.431100,0.000830, 829.39933,  104.06000, 1.800000e-10,  0.9, 14056,6.304495e+07,5.553927e+07,2.585072e+07,9.180557e+06,2.527618e+06,6.628740e+05,48.263828, 48.685722,0.000100,0.468353,0.000000, 829.39964,  143.22000, 3.700000e-14,  0.5, 13938,7.344876e+07,6.474127e+07,3.097705e+07,1.075898e+07,2.863299e+06,8.383200e+05,48.163654, 48.619732,0.000100,0.468495,0.000568, 829.39882,  106.99000, 9.300000e-11,  1.5, 13775,1.475395e+06,1.478071e+06,7.345310e+05,1.119070e+05,2.753400e+04,1.906147e+04,50.559654, 50.809933,0.000100,0.500453,0.038645, 829.40177,  110.41000, 4.400000e-11, -2.0, 13915,1.315233e+06,1.008808e+06,5.917490e+05,2.030300e+04,0.000000e+00,0.000000e+00,50.371208, 50.481823,0.000100,0.434075,-0.000000, 829.40020,   76.12000, 7.300000e-08, -0.1, 13677,1.275350e+05,9.513400e+04,5.900500e+04,0.000000e+00,0.000000e+00,0.000000e+00,50.193329, 50.193329,0.000100,0.427244,-0.000000, 829.40036,    0.00000, 0.000000e+00, -0.3, 13041,0.000000e+00,0.000000e+00,0.000000e+00,0.000000e+00,0.000000e+00,0.000000e+00,2935.241943, 2935.241943,0.000000,0.000000,0.000000, 829.40355,   28.59000, 2.100000e-03, -4.2, 13778,6.639200e+04,4.320400e+04,2.619700e+04,0.000000e+00,0.000000e+00,0.000000e+00,49.686607, 49.686607,0.000100,0.394211,-0.000000, 829.40036,    0.00000, 0.000000e+00, -0.3, 13041,1.497560e+05,9.543800e+04,3.874500e+04,0.000000e+00,0.000000e+00,0.000000e+00,49.653801, 49.692886,0.000100,0.389235,0.000000, 829.40036,    0.00000, 0.000000e+00, -0.3, 13041,0.000000e+00,0.000000e+00,0.000000e+00,0.000000e+00,0.000000e+00,0.000000e+00,2930.090332, 2930.090332,0.000000,0.000000,0.000000, 829.39135,    44.84000, 8.300000e-05, 10.5, 13396, 0.000000e+00,0.000000e+00,0.000000e+00,0.000000e+00,0.000000e+00,0.000000e+00,2977.489990, 2977.489990,0.000000,0.000000,0.000000,
QISNLQQSISDAEQR,Yes, 41, 2,  858.92918,39.139,34.695,17.400,6.337,1.852,0.458,98.205, 858.92874,   82.66000, 1.800000e-08,  0.5, 13390,3.784315e+06,3.297886e+06,1.520724e+06,5.352060e+05,1.409910e+05,0.000000e+00,49.419559, 49.832592,0.000100,0.465658,0.000000, 858.92888,   84.14000, 1.300000e-08,  0.4, 14190,8.670715e+06,8.100120e+06,3.565384e+06,1.228406e+06,3.308780e+05,0.000000e+00,48.937923, 49.342297,0.000100,0.482988,-0.000000, 858.92915,   93.60000, 3.000000e-09,  0.0, 14198,8.277257e+06,7.661701e+06,3.671183e+06,1.257797e+06,2.724950e+05,1.561600e+04,48.884670, 49.286140,0.000100,0.480690,0.008522, 858.92850,   94.80000, 3.700000e-09,  0.8, 14344,8.507423e+06,7.858425e+06,3.626840e+06,1.118226e+06,1.880610e+05,1.557700e+04,48.838158, 49.241264,0.000100,0.480172,-0.000000, 858.92827,  101.83000, 2.800000e-10,  1.1, 13961,1.455171e+07,1.233335e+07,6.091303e+06,2.020736e+06,3.124050e+05,3.103700e+04,51.088215, 51.486134,0.000100,0.458744,-0.000000, 858.92834,   82.70000, 2.000000e-08,  1.0, 14124,1.597870e+07,1.398272e+07,6.343164e+06,2.096109e+06,5.850820e+05,0.000000e+00,50.870628, 51.264580,0.000100,0.466691,0.000000, 858.92803,   94.68000, 3.900000e-09,  1.3, 13866,7.214151e+06,5.957477e+06,3.178429e+06,1.030545e+06,1.186400e+05,0.000000e+00,50.675201, 51.042957,0.000100,0.452296,0.000000, 858.92828,   95.98000, 4.600000e-09,  1.1, 13918,8.240614e+06,7.224411e+06,3.247471e+06,1.195740e+06,9.380800e+04,0.000000e+00,50.661301, 51.049072,0.000100,0.467145,-0.000000, 859.42760,   82.96000, 4.300000e-08, -580.6, 13952,2.765375e+06,2.649513e+06,1.291385e+06,4.821380e+05,2.612300e+04,0.000000e+00,50.197666, 50.500477,0.000100,0.489302,0.035468, 858.92601,   97.84000, 1.900000e-09,  3.7, 13319,3.168708e+06,2.569465e+06,1.200491e+06,4.116440e+05,2.015000e+04,0.000000e+00,50.158768, 50.497803,0.000100,0.447785,-0.000000, 859.42626,   64.01000, 1.000000e-06, -579.1, 13571,5.550887e+06,4.969790e+06,2.217119e+06,9.021210e+05,9.014200e+04,3.507500e+04,50.044884, 50.370064,0.000100,0.472383,-0.000000, 858.92839,    93.64000, 6.000000e-09,  0.9, 13572, 5.799824e+06,5.254910e+06,2.395092e+06,9.414580e+05,1.989900e+05,4.194100e+04,50.013817, 50.347748,0.000100,0.475354,-0.000000,
QISNLQQSISDAEQR,Yes, 41, 3,  572.95521,39.139,34.695,17.400,6.337,1.852,0.458,98.205, 572.95642,   50.11000, 2.400000e-05, -2.1, 13337,6.044370e+05,5.533760e+05,3.215060e+05,3.182400e+04,9.300428e+03,1.235700e+04,48.668941, 50.627754,0.000100,0.477949,0.026918, 572.95647,   63.63000, 1.200000e-06, -2.2, 14107,1.295187e+06,1.443982e+06,6.736070e+05,1.547010e+05,4.521070e+04,1.406075e+04,48.176395, 49.812786,0.000100,0.527161,0.095526, 572.95684,   56.08000, 5.500000e-06, -2.8, 14251,8.749340e+05,9.381180e+05,5.892450e+05,1.206340e+05,6.786807e+04,4.595200e+04,48.095123, 49.725945,0.000100,0.517425,0.179285, 572.95501,   53.83000, 1.900000e-05,  0.4, 14280,4.670060e+05,4.151140e+05,1.759420e+05,7.371100e+04,2.655200e+04,1.976200e+04,48.981857, 49.279247,0.000100,0.470587,0.031389, 572.95449,   73.62000, 2.300000e-07,  1.3, 14044,2.487897e+06,2.208186e+06,1.036056e+06,1.900350e+05,9.701800e+04,0.000000e+00,51.081856, 51.733955,0.000100,0.470219,-0.000000, 572.95442,   55.05000, 2.100000e-05,  1.4, 14154,3.166963e+06,2.655626e+06,1.290179e+06,3.196200e+04,0.000000e+00,0.000000e+00,50.737331, 51.676205,0.000100,0.456090,-0.000000, 572.95549,   49.08000, 2.600000e-05, -0.5, 13870,2.357122e+06,2.212995e+06,1.122794e+06,4.060510e+05,2.074000e+04,0.000000e+00,50.156395, 51.224102,0.000100,0.484232,0.033076, 572.95842,   73.25000, 4.700000e-07, -5.6, 13927,2.661335e+06,2.749532e+06,1.520384e+06,5.593150e+05,2.386170e+05,7.242800e+04,50.133106, 51.125832,0.000100,0.508150,0.134095, 572.95642,    0.00000, 0.000000e+00, -2.1, 13337,5.547210e+05,4.596650e+05,3.769730e+05,1.361870e+05,6.337700e+05,3.602300e+04,49.367329, 49.759621,0.000100,0.453146,0.451533, 572.95642,    0.00000, 0.000000e+00, -2.1, 13337,3.555570e+05,4.168590e+05,3.320430e+05,4.191300e+04,4.817760e+05,1.013500e+04,49.462532, 49.805889,0.000100,0.539682,0.523374, 572.95639,   60.56000, 5.100000e-06, -2.1, 13650,1.427495e+06,1.380525e+06,1.161942e+06,6.376700e+05,1.123761e+06,2.977000e+04,49.296673, 50.443150,0.000100,0.491636,0.414088, 572.95482,    54.82000, 1.400000e-05,  0.7, 13652, 1.332497e+06,1.797130e+06,9.727350e+05,5.772010e+05,3.431679e+05,4.585900e+04,49.269600, 50.455791,0.000100,0.574231,0.328039,
FSScGGGGGSFGAGGGFGSR,Yes, 41, 2,  883.37102,36.735,33.540,18.606,7.655,2.541,0.712,107.442, 883.36933,  100.24000, 3.900000e-10,  1.9, 11517,2.644646e+06,2.415651e+06,1.224299e+06,4.958550e+05,1.254710e+05,5.154000e+03,44.585541, 45.040352,0.000100,0.477373,0.000000, 883.37016,  132.52000, 2.400000e-13,  1.0, 12042,6.853412e+06,6.013044e+06,3.133991e+06,1.173005e+06,2.948510e+05,2.302800e+04,44.110344, 44.579502,0.000100,0.467343,0.000000, 883.36924,  137.05000, 8.100000e-14,  2.0, 12385,4.080354e+06,3.518710e+06,1.975200e+06,7.227190e+05,1.416690e+05,0.000000e+00,44.159912, 44.628723,0.000100,0.463045,-0.000000, 883.36928,  147.44000, 7.400000e-15,  2.0, 12248,4.407870e+06,4.242083e+06,2.222254e+06,8.055040e+05,2.081470e+05,0.000000e+00,44.041996, 44.613037,0.000100,0.490417,0.002416, 883.37019,  154.31000, 1.600000e-15,  0.9, 11992,1.397768e+06,1.425956e+06,7.195070e+05,2.222260e+05,0.000000e+00,0.000000e+00,46.139652, 46.470577,0.000100,0.504991,0.011712, 883.36954,  133.02000, 2.000000e-13,  1.7, 12179,1.284174e+06,1.263780e+06,6.354550e+05,2.170100e+05,0.000000e+00,0.000000e+00,46.010773, 46.377975,0.000100,0.495998,-0.000000, 883.37000,  154.25999, 1.600000e-15,  1.2, 11873,5.090841e+06,4.821448e+06,2.568944e+06,8.671740e+05,1.858520e+05,3.830100e+04,45.693195, 46.063358,0.000100,0.486411,0.000000, 883.36980,  136.61000, 8.900000e-14,  1.4, 11901,5.487603e+06,4.990603e+06,2.634602e+06,9.953040e+05,3.568560e+05,0.000000e+00,45.695278, 46.030720,0.000100,0.476284,0.000000, 883.36962,  140.07001, 4.000000e-14,  1.6, 12015,1.125492e+06,1.029048e+06,4.911840e+05,1.266780e+05,6.419200e+04,0.000000e+00,45.272270, 45.569286,0.000100,0.477618,-0.000000, 883.37038,  149.07001, 5.300000e-15,  0.7, 11414,1.019906e+06,8.900060e+05,3.757020e+05,1.426370e+05,3.628500e+04,0.000000e+00,45.315720, 45.549828,0.000100,0.465993,-0.000000, 883.37108,  100.04000, 4.600000e-10, -0.1, 11767,3.429058e+06,3.089853e+06,1.730972e+06,6.463960e+05,1.670950e+05,0.000000e+00,45.173588, 45.512367,0.000100,0.473983,-0.000000, 883.36897,   150.21001, 3.700000e-15,  2.3, 11554, 3.170965e+06,2.848297e+06,1.531754e+06,5.356570e+05,9.392200e+04,0.000000e+00,45.001644, 45.379490,0.000100,0.473197,-0.000000,
THNLEPYFESFINNLR,Yes, 28, 3,  665.33039,30.527,34.750,21.256,9.186,3.127,0.888,121.766, 665.33135,   85.03000, 1.800000e-08, -1.4, 26381,2.444613e+06,2.857288e+06,1.743655e+06,6.805350e+05,2.248690e+05,4.277700e+04,82.594452, 83.533730,0.000100,0.538918,0.000704, 665.32962,   72.70000, 3.200000e-07,  1.2, 27612,6.618901e+06,6.882263e+06,4.319939e+06,1.671722e+06,4.706150e+05,2.744460e+05,82.237213, 83.238281,0.000100,0.509753,0.014598, 665.32952,   65.02000, 8.000000e-07,  1.3, 27631,5.523998e+06,5.646280e+06,3.540315e+06,1.455843e+06,3.808400e+05,1.515350e+05,82.027412, 82.995415,0.000100,0.505474,0.000227, 665.66558,   65.02000, 9.500000e-07, -504.3, 27661,5.493329e+06,5.878049e+06,3.285948e+06,1.362313e+06,3.657750e+05,8.922600e+04,82.131920, 83.105431,0.000100,0.516916,0.000000, 665.33135,   64.51000, 9.900000e-07, -1.4, 27370,1.012670e+07,1.116040e+07,6.537908e+06,2.854111e+06,7.288270e+05,1.106530e+05,85.223045, 85.980324,0.000100,0.524280,0.000000, 665.33097,   56.94000, 6.500000e-06, -0.9, 27613,7.487901e+06,8.630415e+06,5.123297e+06,2.033725e+06,6.453510e+05,1.533840e+05,84.830742, 85.338074,0.000100,0.535441,-0.000000, 665.33051,   60.35000, 7.500000e-06, -0.2, 27128,5.417887e+06,6.131029e+06,3.631258e+06,1.638843e+06,4.162890e+05,6.328300e+04,84.472542, 85.054573,0.000100,0.530875,0.000000, 665.33117,   67.37000, 4.800000e-07, -1.2, 27221,6.941410e+06,7.561598e+06,4.455504e+06,1.769382e+06,5.244290e+05,1.149040e+05,84.353760, 84.975723,0.000100,0.521381,0.000000, 665.32982,   60.06000, 2.300000e-06,  0.9, 27149,4.324729e+06,4.435075e+06,2.598811e+06,1.101813e+06,2.621030e+05,2.093800e+04,83.540321, 84.308487,0.000100,0.506298,-0.000000, 665.33089,   56.80000, 4.700000e-06, -0.7, 26269,3.591566e+06,3.617376e+06,2.087787e+06,1.027303e+06,1.704960e+05,7.729000e+03,83.508797, 84.326469,0.000100,0.501790,-0.000000, 665.33095,   66.95000, 5.300000e-07, -0.8, 26808,6.924404e+06,7.449705e+06,4.284509e+06,1.824745e+06,5.667160e+05,9.837800e+04,83.573051, 84.309898,0.000100,0.518272,-0.000000, 665.33079,    64.88000, 8.200000e-07, -0.6, 26726, 6.261097e+06,6.660449e+06,4.000360e+06,1.641463e+06,4.604570e+05,6.165700e+04,83.402237, 84.140976,0.000100,0.515453,-0.000000,
THNLEPYFESFINNLR,Yes, 28, 2,  997.49195,30.527,34.750,21.256,9.186,3.127,0.888,121.766, 997.49510,   22.34000, 2.200000e-02, -3.2, 26144,2.229500e+05,2.248900e+05,1.773810e+05,1.802800e+04,6.136211e+03,2.265983e+03,82.832619, 83.105934,0.000100,0.502166,-0.000000, 997.49608,   51.21000, 2.600000e-04, -4.1, 27428,8.497650e+05,8.727500e+05,5.663210e+05,8.360600e+04,2.845707e+04,1.050864e+04,82.315941, 82.775093,0.000100,0.506672,0.000000, 997.99303,   34.65000, 6.300000e-04, -502.6, 27457,9.234290e+05,8.545260e+05,4.931690e+05,1.333940e+05,7.041977e+04,4.577235e+04,82.262016, 82.647362,0.000100,0.480623,0.027790, 997.49510,    0.00000, 0.000000e+00, -3.2, 26144,8.367320e+05,6.690240e+05,6.375530e+05,2.330600e+04,1.230343e+04,2.813320e+05,81.894287, 83.489899,0.000100,0.444311,0.268083, 997.48760,   50.10000, 2.000000e-05,  4.4, 27392,8.419140e+05,9.455160e+05,6.419580e+05,1.679010e+05,4.909000e+04,0.000000e+00,85.338593, 85.694122,0.000100,0.528981,-0.000000, 997.49340,   31.33000, 1.800000e-03, -1.5, 27656,8.460090e+05,1.147759e+06,8.636480e+05,3.271630e+05,5.000700e+04,0.000000e+00,84.949257, 85.299484,0.000100,0.575673,0.170002, 997.48994,   33.74000, 7.200000e-04,  2.0, 27146,4.964230e+05,4.627890e+05,4.155230e+05,1.584150e+05,8.672200e+04,0.000000e+00,84.512924, 84.712479,0.000100,0.482468,0.101150, 997.49510,    0.00000, 0.000000e+00, -3.2, 26144,3.485540e+05,2.383330e+05,1.668540e+05,1.654000e+04,0.000000e+00,0.000000e+00,81.939735, 82.262634,0.000100,0.406097,0.000000, 997.49517,   35.80000, 5.900000e-03, -3.2, 27054,5.055550e+05,4.756170e+05,3.002550e+05,4.509500e+04,0.000000e+00,0.000000e+00,83.657295, 84.115845,0.000100,0.484744,-0.000000, 997.49510,    0.00000, 0.000000e+00, -3.2, 26144,1.790750e+05,1.604570e+05,5.712100e+04,0.000000e+00,0.000000e+00,0.000000e+00,81.867317, 83.821861,0.000100,0.472583,-0.000000, 997.49510,    0.00000, 0.000000e+00, -3.2, 26144,2.144700e+05,2.255130e+05,1.490900e+05,4.350900e+04,1.786900e+04,0.000000e+00,81.882141, 83.725159,0.000100,0.512549,-0.000000, 997.49510,     0.00000, 0.000000e+00, -3.2, 26144, 4.776730e+05,3.258220e+05,2.336030e+05,1.492800e+04,0.000000e+00,0.000000e+00,81.920181, 83.789421,0.000100,0.405506,-0.000000,
LDSELKNmQDmVEDYR,Yes, 30, 3,  673.29955,30.434,31.864,21.102,10.430,4.195,1.433,129.304, 673.30223,   18.71000, 1.800000e-02, -4.0, 9505,7.956210e+05,8.020270e+05,4.968650e+05,1.821030e+05,0.000000e+00,0.000000e+00,39.910168, 40.096283,0.000100,0.502005,0.000000, 673.30004,   40.45000, 1.600000e-04, -0.7, 10064,1.814714e+06,1.812634e+06,1.205391e+06,1.930540e+05,0.000000e+00,0.000000e+00,39.331650, 39.631618,0.000100,0.499713,0.000000, 673.63390,   21.87000, 8.900000e-03, -497.1, 10343,3.236544e+06,3.243236e+06,2.037326e+06,9.467250e+05,1.016430e+05,4.158000e+04,39.203117, 39.710674,0.000100,0.500516,-0.000000, 673.29894,   21.05000, 1.100000e-02,  0.9, 10332,3.417479e+06,3.397909e+06,2.149282e+06,8.294510e+05,1.303060e+05,0.000000e+00,39.100792, 39.678921,0.000100,0.498564,-0.000000, 673.63628,   41.82000, 1.200000e-04, -500.6, 9957,1.679594e+06,1.780327e+06,1.017648e+06,1.926290e+05,1.894900e+04,0.000000e+00,40.749790, 41.206253,0.000100,0.514557,-0.000000, 673.63500,   50.65000, 1.800000e-05, -498.7, 10185,1.948690e+06,2.146140e+06,1.173825e+06,3.000390e+05,0.000000e+00,0.000000e+00,40.811771, 41.250256,0.000100,0.524110,-0.000000, 673.30242,   35.97000, 4.200000e-04, -4.3, 9823,1.933477e+06,1.496888e+06,8.662100e+05,5.861700e+04,0.000000e+00,0.000000e+00,40.695786, 40.879932,0.000100,0.436364,-0.000000, 673.30284,   41.00000, 1.400000e-04, -4.9, 9841,1.372063e+06,1.562507e+06,6.775120e+05,1.969390e+05,8.518100e+04,0.000000e+00,40.685070, 40.814426,0.000100,0.532448,0.000000, 673.30004,    0.00000, 0.000000e+00, -0.7, 10064,0.000000e+00,0.000000e+00,0.000000e+00,0.000000e+00,0.000000e+00,0.000000e+00,2340.319824, 2340.319824,0.000000,0.000000,0.000000, 673.30004,    0.00000, 0.000000e+00, -0.7, 10064,0.000000e+00,0.000000e+00,0.000000e+00,0.000000e+00,0.000000e+00,0.000000e+00,2340.319824, 2340.319824,0.000000,0.000000,0.000000, 673.30004,    0.00000, 0.000000e+00, -0.7, 10064,0.000000e+00,0.000000e+00,0.000000e+00,0.000000e+00,0.000000e+00,0.000000e+00,2318.747314, 2318.747314,0.000000,0.000000,0.000000, 673.30004,     0.00000, 0.000000e+00, -0.7, 10064, 0.000000e+00,0.000000e+00,0.000000e+00,0.000000e+00,0.000000e+00,0.000000e+00,2318.747314, 2318.747314,0.000000,0.000000,0.000000,
NKLNDLEDALQQAKEDLAR,Yes, 44, 3,  728.71333,29.488,34.176,21.646,9.785,3.508,1.056,126.134, 728.71442,   33.75000, 1.500000e-03, -1.5, 23346,6.749420e+05,8.175040e+05,4.757110e+05,1.943890e+05,2.166900e+04,4.077000e+04,75.447334, 75.957710,0.000100,0.547761,0.023746, 728.71380,   80.91000, 5.200000e-08, -0.7, 24505,1.329245e+06,1.625782e+06,1.069612e+06,5.011840e+05,1.085440e+05,8.128400e+04,75.089394, 75.508904,0.000100,0.550175,0.064453, 729.04851,   43.34000, 8.600000e-05, -460.4, 24618,1.800610e+06,2.090765e+06,1.301998e+06,6.094890e+05,1.053640e+05,1.166410e+05,75.043129, 75.655380,0.000100,0.537282,0.028380, 729.04717,   59.74000, 2.500000e-06, -458.5, 24642,1.700771e+06,1.732907e+06,1.252701e+06,5.767940e+05,8.197900e+04,6.790900e+04,75.056229, 75.431114,0.000100,0.504680,0.014113, 728.71430,   81.50000, 2.600000e-08, -1.3, 24585,3.773540e+06,4.541318e+06,5.216075e+06,1.086905e+06,3.253290e+05,3.213143e+05,77.988945, 78.441490,0.000100,0.546169,0.246624, 728.71369,   68.12000, 4.300000e-07, -0.5, 24689,3.359237e+06,4.002799e+06,3.568284e+06,1.073808e+06,1.879640e+05,1.856444e+05,77.630058, 77.981094,0.000100,0.543708,0.130795, 728.71379,   87.58000, 3.000000e-08, -0.6, 24256,2.091567e+06,2.437809e+06,2.938487e+06,5.309890e+05,1.172930e+05,1.150124e+05,76.940979, 77.482979,0.000100,0.538222,0.229675, 729.38048,   24.14000, 5.400000e-03, -916.4, 24327,2.278751e+06,2.791028e+06,2.840293e+06,8.063290e+05,2.429440e+05,2.382203e+05,77.129601, 77.553253,0.000100,0.550523,0.238264, 728.71361,   46.55000, 4.300000e-05, -0.4, 24320,6.094530e+05,5.035600e+05,6.529710e+05,1.296640e+05,0.000000e+00,0.000000e+00,76.448936, 76.828568,0.000100,0.452430,0.072915, 729.04760,   34.22000, 6.200000e-04, -459.1, 23628,4.513430e+05,5.052930e+05,4.449800e+05,2.458200e+04,1.691011e+04,1.646194e+04,76.655266, 76.805298,0.000100,0.528198,0.000227, 729.04753,   40.12000, 1.700000e-04, -459.0, 24001,1.329744e+06,1.607062e+06,2.072798e+06,3.223000e+05,1.112920e+05,1.091281e+05,76.412209, 77.372101,0.000100,0.547214,0.281633, 728.71442,     0.00000, 0.000000e+00, -1.5, 23346, 1.254558e+06,1.258128e+06,2.011899e+06,3.315590e+05,5.894200e+04,5.779597e+04,76.314590, 76.737694,0.000100,0.500710,0.283957,
GGGGGGYGSGGSSYGSGGGSYGSGGGGGGGR,Yes, 63, 3,  795.32216,27.838,33.481,22.262,10.629,4.043,1.295,132.540, 795.65563,   29.87000, 1.600000e-03, -419.6, 5139,1.455320e+05,1.320550e+05,1.256850e+05,0.000000e+00,0.000000e+00,0.000000e+00,28.706848, 28.896915,0.000100,0.475725,-0.000000, 795.65563,    0.00000, 0.000000e+00, -419.6, 5139,1.663860e+05,2.748150e+05,1.473940e+05,2.154700e+04,0.000000e+00,0.000000e+00,28.231224, 28.337103,0.000100,0.622879,-0.000000, 795.31993,   92.47000, 7.400000e-10,  2.8, 5611,1.186678e+06,1.110947e+06,7.375590e+05,2.866200e+05,1.268790e+05,0.000000e+00,28.194481, 28.414347,0.000100,0.483520,0.000000, 795.65666,   54.51000, 6.000000e-06, -420.9, 5617,1.452565e+06,2.103264e+06,1.058382e+06,3.867230e+05,0.000000e+00,0.000000e+00,28.164719, 28.395847,0.000100,0.591498,-0.000000, 795.65538,   43.93000, 6.100000e-05, -419.3, 5308,4.428850e+05,5.514920e+05,3.200270e+05,9.640700e+04,3.799700e+04,9.275000e+03,29.293394, 29.476437,0.000100,0.554611,-0.000000, 795.32375,   64.25000, 5.600000e-07, -2.0, 5342,6.865270e+05,7.092620e+05,5.192720e+05,2.367320e+05,4.201800e+04,0.000000e+00,29.167242, 29.318495,0.000100,0.508144,0.000000, 795.31896,   45.20000, 3.800000e-05,  4.0, 5153,1.108729e+06,1.226435e+06,8.138780e+05,1.774360e+05,4.455800e+04,0.000000e+00,28.899418, 29.215769,0.000100,0.525203,-0.000000, 795.32115,   60.35000, 1.200000e-06,  1.3, 5252,1.241541e+06,1.290267e+06,6.655240e+05,2.377690e+05,1.399600e+04,0.000000e+00,29.147919, 29.414072,0.000100,0.509623,0.000000, 795.65563,    0.00000, 0.000000e+00, -419.6, 5139,1.277270e+05,2.053650e+05,9.553900e+04,4.196600e+04,0.000000e+00,0.000000e+00,28.839895, 29.007957,0.000100,0.616541,-0.000000, 795.65563,    0.00000, 0.000000e+00, -419.6, 5139,1.435150e+05,1.739580e+05,9.982000e+04,2.668900e+04,3.977000e+03,0.000000e+00,28.991299, 29.154245,0.000100,0.547946,0.000000, 795.65593,   29.17000, 1.900000e-03, -420.0, 5134,1.455950e+05,1.507840e+05,1.139030e+05,1.316600e+04,0.000000e+00,0.000000e+00,28.865793, 29.038725,0.000100,0.508754,-0.000000, 795.31945,    25.35000, 3.800000e-03,  3.4, 5071, 1.139150e+05,8.807400e+04,8.995800e+04,1.874900e+04,0.000000e+00,0.000000e+00,28.747253, 28.942923,0.000100,0.436034,0.000000,
GGGGGGYGSGGSSYGSGGGSYGSGGGGGGGR,Yes, 63, 2, 1192.47960,27.838,33.481,22.262,10.629,4.043,1.295,132.540,1192.98088,  143.42000, 7.500000e-15, -420.5, 5110,2.208641e+06,2.550922e+06,1.584764e+06,7.590890e+05,1.962320e+05,0.000000e+00,28.664974, 29.011953,0.000100,0.535957,-0.000000,1192.98235,  167.60001, 3.000000e-17, -421.8, 5411,7.052026e+06,8.456238e+06,5.680206e+06,2.481627e+06,7.082580e+05,2.062820e+05,28.109413, 28.488182,0.000100,0.545273,-0.000000,1192.47722,  212.86000, 6.700000e-22,  2.0, 5721,1.218480e+07,1.489367e+07,9.419025e+06,4.164537e+06,1.558573e+06,4.401450e+05,28.168945, 28.540974,0.000100,0.550019,-0.000000,1192.47900,  155.27000, 4.300000e-16,  0.5, 5604,1.561976e+07,1.829414e+07,1.229124e+07,5.848235e+06,2.001061e+06,3.844000e+05,28.131660, 28.530451,0.000100,0.539429,0.000000,1192.47952,  161.36000, 1.100000e-16,  0.1, 5275,4.374317e+06,5.441816e+06,3.331556e+06,1.572156e+06,4.961170e+05,1.830220e+05,29.213902, 29.550200,0.000100,0.554375,-0.000000,1192.47941,  151.73000, 9.700000e-16,  0.2, 5331,2.418134e+06,2.902547e+06,1.681403e+06,7.817200e+05,2.813300e+05,3.061900e+04,29.126768, 29.421606,0.000100,0.545522,-0.000000,1192.97698,   65.98000, 3.800000e-07, -417.3, 5127,4.407027e+06,5.289907e+06,3.469808e+06,1.559636e+06,4.700990e+05,2.107000e+04,28.841473, 29.170441,0.000100,0.545524,0.000000,1192.47561,  151.41000, 9.400000e-16,  3.4, 5237,3.784284e+06,4.452752e+06,2.726611e+06,1.311948e+06,3.564170e+05,2.189200e+04,29.077015, 29.406273,0.000100,0.540577,-0.000000,1192.47990,  166.73000, 3.100000e-17, -0.2, 5344,4.916470e+05,5.689160e+05,3.733420e+05,8.618400e+04,1.815000e+04,0.000000e+00,28.803572, 29.086943,0.000100,0.536428,0.000000,1192.97966,   43.19000, 7.200000e-05, -419.5, 5019,1.226082e+06,1.426330e+06,9.045120e+05,4.017200e+05,1.507130e+05,1.276100e+04,28.934887, 29.278435,0.000100,0.537748,-0.000000,1192.98101,   29.49000, 1.900000e-03, -420.6, 5226,2.707570e+06,3.224278e+06,2.097193e+06,9.400400e+05,3.233240e+05,5.522500e+04,28.792301, 29.213554,0.000100,0.543554,0.000000,1192.48058,   173.63000, 6.300000e-18, -0.8, 5038, 3.655879e+06,4.378227e+06,2.883738e+06,1.297761e+06,3.994290e+05,2.949300e+04,28.711599, 29.074051,0.000100,0.544955,0.000000,
MSGEcAPNVSVSVSTSHTTISGGGSR,Yes, 51, 3,  855.72712,23.680,30.329,23.284,13.220,6.072,2.365,152.669, 855.72552,   54.10000, 8.500000e-06,  1.9, 10943,1.008421e+06,1.227777e+06,9.710400e+05,4.501570e+05,1.645760e+05,5.650400e+04,42.604504, 43.888515,0.000100,0.549047,-0.000000, 856.06078,   55.76000, 5.900000e-06, -390.2, 11625,3.024644e+06,3.510989e+06,2.827795e+06,1.480999e+06,6.784200e+05,1.826730e+05,42.152515, 43.503620,0.000100,0.537207,0.000000, 855.72612,   49.27000, 2.400000e-05,  1.2, 11816,1.604139e+06,2.271586e+06,1.617060e+06,1.015986e+06,4.476040e+05,8.623900e+04,42.196342, 43.465530,0.000100,0.586106,0.032007, 855.72670,   65.57000, 7.100000e-07,  0.5, 11816,1.485181e+06,1.955081e+06,1.653127e+06,9.085390e+05,4.226450e+05,1.529600e+05,42.086174, 43.353897,0.000100,0.568294,0.069486, 856.05834,   21.32000, 1.000000e-02, -387.4, 11576,6.170520e+05,7.011430e+05,5.825210e+05,2.836930e+05,1.342670e+05,1.677900e+04,45.113960, 45.344791,0.000100,0.531896,0.000000, 855.72548,   41.38000, 1.300000e-04,  1.9, 11757,4.570300e+05,6.806250e+05,4.740650e+05,2.348440e+05,7.785600e+04,9.493000e+03,44.998367, 45.172794,0.000100,0.598270,0.000000, 856.05950,   31.21000, 1.200000e-03, -388.7, 11461,5.667640e+05,6.630890e+05,4.859620e+05,2.753110e+05,1.227310e+05,2.098100e+04,44.721432, 45.015621,0.000100,0.539161,-0.000000, 855.72609,   39.82000, 1.800000e-04,  1.2, 11471,5.722460e+05,6.946280e+05,5.875230e+05,3.294630e+05,8.302700e+04,2.628400e+04,44.654449, 44.910561,0.000100,0.548301,0.000000, 855.72552,    0.00000, 0.000000e+00,  1.9, 10943,5.909100e+04,2.310520e+05,3.056340e+05,3.100010e+05,2.541863e+05,2.179410e+05,43.051487, 43.120163,0.000100,0.796338,0.853046, 855.72552,    0.00000, 0.000000e+00,  1.9, 10943,7.065100e+04,2.088920e+05,3.366740e+05,3.109950e+05,2.640020e+05,1.818470e+05,43.052822, 43.165264,0.000100,0.747262,0.808382, 856.06108,   42.26000, 1.100000e-04, -390.6, 11260,3.223140e+05,3.700510e+05,3.216080e+05,1.798970e+05,4.684300e+04,8.353000e+03,44.210590, 44.429653,0.000100,0.534474,0.000000, 855.72552,     0.00000, 0.000000e+00,  1.9, 10943, 3.661000e+05,3.930750e+05,4.280300e+05,2.114770e+05,1.995410e+05,8.635200e+04,42.867050, 44.242126,0.000100,0.517766,0.205333,
mSGEcAPNVSVSVSTSHTTISGGGSR,Yes, 51, 3,  861.05876,23.680,30.329,23.284,13.220,6.072,2.365,152.669, 861.05723,   28.10000, 2.300000e-03,  1.8, 9966,8.905650e+05,1.184614e+06,8.933070e+05,5.204530e+05,1.627710e+05,6.818200e+04,41.035923, 41.413181,0.000100,0.570849,0.000000, 861.05684,   61.31000, 1.800000e-06,  2.2, 10572,1.767490e+06,2.381495e+06,1.766220e+06,9.942470e+05,3.411060e+05,1.422580e+05,40.534607, 40.949062,0.000100,0.573995,-0.000000, 861.39141,   50.96000, 1.700000e-05, -386.6, 10771,6.982870e+05,8.516210e+05,6.708430e+05,3.730450e+05,1.177160e+05,1.563200e+04,40.577915, 40.871193,0.000100,0.549466,0.000000, 861.05689,   39.48000, 2.000000e-04,  2.2, 10756,6.648100e+05,9.301980e+05,6.962770e+05,3.286390e+05,1.425410e+05,0.000000e+00,40.465836, 40.766575,0.000100,0.583193,-0.000000, 861.39226,   29.91000, 1.600000e-03, -387.6, 10586,4.619990e+05,6.090670e+05,3.980520e+05,2.124050e+05,5.920400e+04,3.367900e+04,42.588779, 42.806644,0.000100,0.568655,-0.000000, 861.05723,    0.00000, 0.000000e+00,  1.8, 9966,0.000000e+00,0.000000e+00,0.000000e+00,0.000000e+00,0.000000e+00,0.000000e+00,2470.295410, 2470.295410,0.000000,0.000000,0.000000, 861.05903,   59.47000, 2.700000e-06, -0.3, 10398,2.756826e+06,3.550426e+06,2.710977e+06,1.519120e+06,6.601330e+05,2.458630e+05,42.100716, 42.476604,0.000100,0.562912,-0.000000, 861.05803,   63.97000, 1.000000e-06,  0.9, 10432,2.784212e+06,3.793000e+06,2.689481e+06,1.453911e+06,5.857730e+05,2.373750e+05,42.054188, 42.411381,0.000100,0.576688,-0.000000, 861.05655,   31.41000, 1.100000e-03,  2.6, 10609,3.356720e+05,4.666650e+05,3.725490e+05,1.930400e+05,5.312200e+04,0.000000e+00,41.781803, 41.970039,0.000100,0.581632,0.009142, 861.05713,   30.39000, 1.400000e-03,  1.9, 10038,2.303190e+05,2.917360e+05,2.844270e+05,1.498440e+05,7.395700e+04,1.874400e+04,41.820583, 42.008812,0.000100,0.558822,0.119376, 861.39147,   56.74000, 4.800000e-06, -386.7, 10245,8.972630e+05,1.248229e+06,8.663820e+05,5.629350e+05,2.244010e+05,3.747300e+04,41.696426, 42.065701,0.000100,0.581791,0.007781, 861.05755,    37.00000, 3.400000e-04,  1.4, 10117, 7.333120e+05,8.600560e+05,7.196700e+05,4.773720e+05,2.550340e+05,4.563900e+04,41.465340, 41.758137,0.000100,0.539772,0.074112,
GSYGSGGSSYGSGGGSYGSGGGGGGHGSYGSGSSSGGYR,Yes, 80, 3, 1104.77425,16.514,27.947,25.503,16.436,8.340,3.532,179.283,1105.10942,   49.43000, 1.100000e-05, -303.6, 6686,1.991914e+06,3.231170e+06,2.875568e+06,1.907951e+06,7.591020e+05,1.753060e+05,32.782810, 33.167854,0.000100,0.618633,-0.000000,1105.44268,   32.98000, 5.000000e-04, -605.4, 7066,4.857151e+06,8.738024e+06,7.795816e+06,4.872977e+06,2.198544e+06,9.687080e+05,32.193100, 32.565922,0.000100,0.642730,-0.000000,1105.10552,   82.58000, 5.500000e-09, -300.0, 7246,8.074425e+06,1.278075e+07,1.216934e+07,7.230397e+06,2.981413e+06,1.226678e+06,32.246040, 32.534512,0.000100,0.612833,-0.000000,1105.10808,   75.73000, 2.700000e-08, -302.4, 7226,9.225768e+06,1.420508e+07,1.374209e+07,8.591561e+06,4.344925e+06,1.140725e+06,32.148571, 32.519699,0.000100,0.606255,-0.000000,1105.10710,   43.66000, 4.300000e-05, -301.5, 6953,2.381630e+06,4.150099e+06,3.932051e+06,2.260691e+06,1.008197e+06,4.640060e+05,33.660027, 34.024639,0.000100,0.635375,-0.000000,1104.77364,   82.10000, 6.200000e-09,  0.6, 7079,1.652165e+06,2.683197e+06,2.442403e+06,1.565577e+06,7.350840e+05,2.916540e+05,33.599918, 33.942642,0.000100,0.618910,0.000000,1105.10772,   75.23000, 3.000000e-08, -302.0, 6825,1.700468e+06,2.920018e+06,2.474937e+06,1.557829e+06,7.199160e+05,3.037170e+05,33.306911, 33.601997,0.000100,0.631972,-0.000000,1105.43926,   22.80000, 5.200000e-03, -602.3, 6880,2.177171e+06,3.698762e+06,3.241821e+06,2.078195e+06,9.932970e+05,4.016310e+05,33.374046, 33.683369,0.000100,0.629477,-0.000000,1104.77477,   67.21000, 1.900000e-07, -0.5, 6981,9.155390e+05,1.324048e+06,1.231937e+06,8.142420e+05,4.369690e+05,1.535780e+05,32.984909, 33.269527,0.000100,0.591202,0.004482,1105.10942,    0.00000, 0.000000e+00, -303.6, 6686,6.671940e+05,1.167214e+06,1.028807e+06,6.420190e+05,3.071700e+05,9.632500e+04,33.135010, 33.417156,0.000100,0.636289,-0.000000,1104.77424,   86.71000, 2.100000e-09,  0.0, 6718,2.056107e+06,3.445907e+06,2.907419e+06,2.026584e+06,9.164480e+05,3.275330e+05,33.034809, 33.360630,0.000100,0.626299,0.000000,1105.44194,    26.15000, 2.400000e-03, -604.7, 6640, 2.302406e+06,3.769699e+06,3.494018e+06,2.186278e+06,1.087389e+06,3.209380e+05,32.901390, 33.210583,0.000100,0.620822,-0.000000,
NKLNDLEDALQQAK,Yes, 30, 3,  533.94939,40.772,34.715,16.646,5.785,1.611,0.379,93.700, 533.94965,    0.00000, 0.000000e+00, -0.5, 17419,6.748000e+05,4.855840e+05,2.990960e+05,1.039403e+05,2.894205e+04,0.000000e+00,57.214252, 57.522156,0.000100,0.418468,0.042369, 533.94965,    0.00000, 0.000000e+00, -0.5, 17419,1.378372e+06,9.640430e+05,4.647880e+05,1.615208e+05,4.497526e+04,0.000000e+00,56.698410, 57.024460,0.000100,0.411559,0.000000, 533.94965,    0.00000, 0.000000e+00, -0.5, 17419,8.693510e+05,6.177360e+05,2.052390e+05,1.368370e+05,2.595000e+05,2.140810e+05,56.696228, 56.946796,0.000100,0.415400,0.244334, 533.94965,   34.14000, 6.300000e-04, -0.5, 17419,1.318074e+06,1.236200e+06,5.926170e+05,3.664061e+05,3.804210e+05,1.505190e+05,56.663315, 56.917374,0.000100,0.483973,0.224562, 533.95019,   37.68000, 2.900000e-04, -1.5, 17288,2.910696e+06,2.851178e+06,1.086368e+06,7.092129e+05,2.042692e+06,1.420758e+06,59.324085, 59.615349,0.000100,0.494835,0.399526, 533.94994,   73.80000, 1.200000e-07, -1.0, 17397,3.130941e+06,2.565322e+06,1.143716e+06,7.466514e+05,1.574389e+06,1.164891e+06,58.998451, 59.284367,0.000100,0.450352,0.329072, 533.94976,   57.10000, 4.400000e-06, -0.7, 17027,1.714254e+06,1.311190e+06,7.239980e+05,4.705519e+05,1.099985e+06,8.627220e+05,58.548164, 58.805687,0.000100,0.433388,0.408547, 533.94982,   74.23000, 1.100000e-07, -0.8, 17082,1.705562e+06,1.241184e+06,6.225770e+05,4.046348e+05,2.001385e+05,5.703140e+05,58.594360, 58.780891,0.000100,0.421205,0.291646, 533.94933,   30.62000, 1.300000e-03,  0.1, 17094,0.000000e+00,0.000000e+00,0.000000e+00,0.000000e+00,0.000000e+00,0.000000e+00,3488.719971, 3488.719971,0.000000,0.000000,0.000000, 533.94915,   43.90000, 7.600000e-05,  0.5, 16420,2.856540e+05,1.635690e+05,6.591100e+04,2.746500e+04,1.352788e+04,7.944630e+03,58.064789, 58.102512,0.000100,0.364115,0.025905, 533.94890,   27.46000, 2.700000e-03,  0.9, 16676,6.634830e+05,5.635960e+05,2.278130e+05,1.022090e+05,5.055412e+04,2.985474e+04,57.807011, 57.944138,0.000100,0.459299,0.046484, 533.94878,    42.56000, 1.000000e-04,  1.2, 16761, 3.433610e+05,4.404230e+05,3.922460e+05,4.631700e+04,2.290909e+04,1.352897e+04,57.964344, 58.089470,0.000100,0.561919,0.372470,
LNDLEDALQQAK,Yes, 27, 2,  679.35151,46.711,33.669,14.023,4.277,1.052,0.220,79.855, 679.35214,    0.00000, 0.000000e+00, -0.9, 16283,4.656786e+06,3.080647e+06,1.101796e+06,4.020110e+05,0.000000e+00,0.000000e+00,54.585842, 55.110390,0.000100,0.398148,-0.000000, 679.35214,   85.81000, 1.300000e-08, -0.9, 16283,9.676137e+06,6.228748e+06,2.641272e+06,5.331300e+05,1.247790e+05,0.000000e+00,54.299587, 54.656406,0.000100,0.391625,-0.000000, 679.35375,   63.46000, 2.200000e-06, -3.3, 16365,9.326148e+06,6.972224e+06,2.876321e+06,6.066370e+05,6.440600e+04,0.000000e+00,53.904263, 54.717617,0.000100,0.427787,0.011232, 679.35247,   85.71000, 1.500000e-08, -1.4, 16424,1.058201e+07,7.630056e+06,3.614436e+06,7.639110e+05,4.882200e+04,2.282938e+04,54.193092, 54.610104,0.000100,0.418956,0.017597, 679.35174,   86.10000, 1.600000e-08, -0.3, 16144,4.608849e+06,3.190627e+06,1.406372e+06,4.244120e+05,2.413710e+05,1.978600e+04,56.425159, 56.873608,0.000100,0.409082,0.025342, 679.35164,   85.98000, 1.500000e-08, -0.2, 16265,4.765060e+06,3.409154e+06,1.446644e+06,4.675420e+05,2.477810e+05,6.687200e+04,56.209526, 56.651287,0.000100,0.417062,0.028181, 679.35163,   85.75000, 5.600000e-08, -0.2, 15970,3.949565e+06,2.759478e+06,1.180619e+06,3.901450e+05,1.544260e+05,0.000000e+00,55.906639, 56.210892,0.000100,0.411307,0.013496, 679.35153,   85.72000, 6.100000e-08, -0.0, 16040,4.175177e+06,3.298169e+06,1.367608e+06,4.489070e+05,1.654390e+05,2.407300e+04,55.933601, 56.231964,0.000100,0.441324,0.060085, 679.35214,    0.00000, 0.000000e+00, -0.9, 16283,7.631600e+04,6.753800e+04,6.218300e+04,2.930000e+04,1.730000e+04,8.532386e+03,54.157665, 55.422630,0.000100,0.469490,0.388078, 679.35465,   53.38000, 2.000000e-04, -4.6, 15373,3.898669e+06,2.766355e+06,1.535332e+06,3.864470e+05,8.820100e+04,2.045800e+04,55.414169, 55.819515,0.000100,0.415056,0.058349, 679.35206,   79.36000, 7.700000e-08, -0.8, 15772,9.086680e+06,6.895380e+06,3.156028e+06,7.193370e+05,3.135041e+05,0.000000e+00,55.236488, 55.671680,0.000100,0.431445,0.043618, 679.35265,    78.77000, 9.600000e-08, -1.7, 15807, 9.532102e+06,7.230241e+06,3.691105e+06,1.579196e+06,6.271590e+05,1.160420e+05,55.256668, 55.734390,0.000100,0.431338,0.107505,
LNDLEDALQQAKEDLAR,Yes, 41, 3,  648.00070,33.777,34.742,19.791,8.105,2.646,0.727,112.860, 648.00011,    0.00000, 0.000000e+00,  0.9, 24862,5.416140e+05,3.402530e+05,1.696660e+05,0.000000e+00,3.848600e+04,0.000000e+00,76.421387, 76.678406,0.000100,0.385833,-0.000000, 648.00011,   70.76000, 2.300000e-07,  0.9, 24862,3.115520e+05,3.216910e+05,8.815900e+04,4.131900e+04,3.030500e+04,0.000000e+00,75.967995, 76.083778,0.000100,0.508006,0.002569, 648.00011,    0.00000, 0.000000e+00,  0.9, 24862,5.086310e+05,8.408340e+05,3.372050e+05,0.000000e+00,0.000000e+00,0.000000e+00,75.999283, 76.150352,0.000100,0.623087,0.060503, 648.00011,    0.00000, 0.000000e+00,  0.9, 24862,4.729680e+05,4.034450e+05,2.021770e+05,0.000000e+00,0.000000e+00,0.000000e+00,76.191719, 76.255676,0.000100,0.460337,-0.000000, 648.00011,    0.00000, 0.000000e+00,  0.9, 24862,0.000000e+00,0.000000e+00,0.000000e+00,0.000000e+00,0.000000e+00,0.000000e+00,4578.479004, 4578.479004,0.000000,0.000000,0.000000, 648.00121,   73.81000, 1.200000e-07, -0.8, 24932,5.357450e+05,8.357680e+05,4.027010e+05,1.564850e+05,8.306900e+04,0.000000e+00,78.359261, 78.437614,0.000100,0.609377,0.173282, 648.00041,   58.18000, 3.500000e-06,  0.4, 24555,3.980620e+05,2.790430e+05,1.793360e+05,6.359500e+04,1.367400e+04,1.161330e+04,77.058723, 77.969261,0.000100,0.412112,0.013770, 648.00011,    0.00000, 0.000000e+00,  0.9, 24862,0.000000e+00,0.000000e+00,0.000000e+00,0.000000e+00,0.000000e+00,0.000000e+00,4560.030273, 4560.030273,0.000000,0.000000,0.000000, 648.00011,    0.00000, 0.000000e+00,  0.9, 24862,0.000000e+00,0.000000e+00,0.000000e+00,0.000000e+00,0.000000e+00,0.000000e+00,4537.665039, 4537.665039,0.000000,0.000000,0.000000, 648.00011,    0.00000, 0.000000e+00,  0.9, 24862,0.000000e+00,0.000000e+00,0.000000e+00,0.000000e+00,0.000000e+00,0.000000e+00,4537.665039, 4537.665039,0.000000,0.000000,0.000000, 648.00060,   37.05000, 3.400000e-04,  0.2, 24289,3.993120e+05,2.069890e+05,1.739000e+05,0.000000e+00,0.000000e+00,0.000000e+00,77.443031, 77.636559,0.000100,0.341396,0.000000, 648.00011,     0.00000, 0.000000e+00,  0.9, 24862, 0.000000e+00,0.000000e+00,0.000000e+00,0.000000e+00,0.000000e+00,0.000000e+00,4570.458496, 4570.458496,0.000000,0.000000,0.000000,
TNAENEFVTIKK,Yes, 19, 2,  697.36971,   44.755,34.275,14.833,4.659,1.174,0.250,83.864, , , , , , , , , , , , , , , , , , , , , , , , , , , , , , , , , 697.37029,   74.51000, 1.000000e-07, -0.8, 7617,2.466230e+07,1.663574e+07,7.034012e+06,7.617430e+05,1.125220e+05,0.000000e+00,32.784576, 33.168533,0.000100,0.402821,0.000000, 697.36913,   82.21000, 2.000000e-08,  0.8, 7595,2.183460e+07,1.552996e+07,6.237156e+06,1.315187e+06,6.730300e+04,0.000000e+00,32.748722, 33.181267,0.000100,0.415633,0.000000,, , , , , , , , , , , , , , , ,, , , , , , , , , , , , , , , ,, , , , , , , , , , , , , , , ,, , , , , , , , , , , , , , , ,, , , , , , , , , , , , , , , ,, , , , , , , , , , , , , , , ,, , , , , , , , , , , , , , , ,, , , , , , , , , , , , , , , ,
