Peptides, PeptideUnique, RateConstants, Correlations, RootMeanRSS, AbsoluteIsotopeError, Charge, m/z(Sequence), NEH, Abundance, NDP, Rsquared,sigma,CI lower band, CI upper band
QLQTLFQEEK, Yes, 0.04242, 0.718197, 0.079424, 0.183436,  2,   632.33260,  22, 698596032.000000, 12.000000, 0.254853, 0.013262, 0.013230, 0.071607
LGIEGLSLHNILK, Yes, 0.22361, 0.983519, 0.019864, 0.078609,  3,   469.61703,  20, 42082384.000000, 12.000000, 0.932281, 0.025915, 0.166576, 0.280652
HLVESTNEMAPLK, Yes, 0.14627, 0.954783, 0.056805, 0.228681,  2,   734.87684,  25, 4686240.000000, 11.000000, 0.593137, 0.045401, 0.045114, 0.247434
AIWAALQTQASSSAK, Yes, 0.00603, 0.967126, 0.057809, 0.236169,  2,   766.90699,  38, 87662736.000000, 12.000000, 0.218450, 0.003955, 0.000000, 4.165450
YNSWPSSLQELLR, Yes, 0.32412, 0.972456, 0.060271, 0.126673,  2,   796.90699,  25, 10159168.000000, 12.000000, 0.385809, 0.115299, 0.070345, 0.577886
VWQLQDLSFQTAAR, Yes, 11.43862, 0.335286, 0.201497, 0.089572,  2,   831.93355,  30, 31672370.000000, 12.000000, -2.242153, 82254.210938, 7.727027, 15.150207
LNIQPSETDYAVDIR, Yes, 0.22190, 0.954899, 0.030203, 0.107355,  2,   867.43886,  29, 11174197.000000, 12.000000, 0.891340, 0.034569, 0.145812, 0.297983
YVLEPEISFTADSSFAK, Yes, 0.40027, 0.798280, 0.125458, 0.197451,  2,   952.46982,  32, 13737711.000000, 12.000000, -1.551799, 0.391549, 0.000000, 3.407215
ISMINNPSQEISDSSTPIFR, Yes, 0.15562, 0.935229, 0.028567, 0.242309,  2,  1118.54934,  40, 4769956.500000, 9.000000, 0.700375, 0.037259, 0.069701, 0.241538
WFSAPLLLEASEFLAEDSQEK, Yes, 0.48023, 0.985928, 0.014467, 0.023306,  3,   804.06526,  47, 4684991.500000, 12.000000, 0.938696, 0.056709, 0.355417, 0.605050
GYYEQTGVGPLPVVLFNGMPFEK, Yes, 0.21901, 0.981028, 0.011157, 0.064896,  3,   848.09441,  35, 4887108.000000, 12.000000, 0.961562, 0.019635, 0.175796, 0.262230
AYNYVAQEVDGYHAFQTLTQIYNK, Yes, 0.26901, 0.960880, 0.033311, 0.090339,  3,   946.12407,  44, 14778489.000000, 12.000000, 0.539450, 0.086872, 0.077807, 0.460215
MDFILSHALYcR, Yes, 0.14629, 0.941899, 0.046516, 0.334819,  3,   509.24785,  20, 7150126.000000, 12.000000, 0.697066, 0.029741, 0.080836, 0.211753
AVYLGELSHDQDVVEYIMNQPNVVPR, Yes, 0.23918, 0.996582, 0.012927, 0.042608,  3,   995.83068,  50, 69611456.000000, 12.000000, 0.913899, 0.029742, 0.173714, 0.304637


MeanRateConst/CorrCutOff, 0.221388, 0.900000


MedianRateConst/RMSSCutOff, 0.221897, 0.050000
StandDev/NumberPeptides, 0.031510, 6
TotalIonCurrent, 2.7663e+10
